location_id,date,state,raw_risk_probability,calibrated_risk_probability,risk_level,reliability_component,exposure_component,change_component,priority_score,priority_level,data_completeness,data_freshness_days,sensor_reliability,source_consistency,population_exposure,future_risk_event
LOC_001,2024-01-01,SIKKIM,0.0012820422,0.0,LOW,0.772084663528449,0.925,0.6123958333333333,0.46988054088211223,MEDIUM PRIORITY,0.8406215517199296,4,0.8160797495932287,0.5649706861339706,45732,0
LOC_001,2024-02-01,SIKKIM,0.0047596362,0.013333334,LOW,0.8974112074546692,0.925,0.505625,0.49052988546366727,MEDIUM PRIORITY,0.9190189442148796,1,0.9851285548630284,0.7188306640741018,45732,0
LOC_001,2024-03-01,SIKKIM,0.00038393287,0.0,LOW,0.6201404402494093,0.925,0.6359375,0.4354257350623523,LOW PRIORITY,0.6273412801239834,11,0.6779273796296057,0.5419597679107147,45732,0
LOC_001,2024-04-01,SIKKIM,0.098329715,0.11764706,MEDIUM,0.812540812315827,0.925,0.6686458333333334,0.5354909020789569,MEDIUM PRIORITY,0.7721498998763173,4,0.7995222935751908,0.8118243891451331,45732,0
LOC_001,2024-05-01,SIKKIM,0.00438051,0.013333334,LOW,0.7901530717728368,0.925,0.7169791666666667,0.4954184765432092,MEDIUM PRIORITY,0.7734331170530457,3,0.9450285127326264,0.5421506573056751,45732,0
LOC_001,2024-06-01,SIKKIM,0.050616086,0.06422018,LOW,0.7873383958499087,0.925,0.6984375,0.5122882959624772,MEDIUM PRIORITY,0.94948916807289,11,0.8527304151417432,0.7138006668516687,45732,0
LOC_001,2024-07-01,SIKKIM,0.073637865,0.06422018,LOW,0.8114932432389893,0.925,0.6055208333333333,0.5043895078097473,MEDIUM PRIORITY,0.7570922973085665,3,0.9144356381264792,0.6744450375209118,45732,0
LOC_001,2024-08-01,SIKKIM,0.04719746,0.06422018,LOW,0.7604611831230474,0.925,0.7082291666666667,0.5070377427807619,MEDIUM PRIORITY,0.8715913972152167,8,0.8510730480909148,0.5858469538527248,45732,0
LOC_001,2024-09-01,SIKKIM,0.0064737042,0.03797468,LOW,0.6995595833576039,0.925,0.505625,0.450923517839401,MEDIUM PRIORITY,0.7142035120474046,7,0.7256470565146275,0.5917210982017173,45732,0
LOC_001,2024-10-01,SIKKIM,0.00020748308,0.0,LOW,0.8334888251035801,0.925,0.505625,0.4692159562758951,MEDIUM PRIORITY,0.8646737153599426,1,0.6866205781896169,0.8159943401980945,45732,0
LOC_001,2024-11-01,SIKKIM,0.0001680245,0.0,LOW,0.7803255725082772,0.925,0.8776041666666666,0.5117220181270693,MEDIUM PRIORITY,0.8197370579611031,9,0.6320309923468594,0.969534239725146,45732,0
LOC_002,2024-01-01,MIZORAM,0.0005639956,0.0,LOW,0.7347723642173328,0.05,0.505625,0.26953684105433323,LOW PRIORITY,0.7703990077873712,3,0.618741652584692,0.6499487964972681,2685,0
LOC_002,2024-02-01,MIZORAM,0.0063774977,0.037974678,LOW,0.8155808632423569,0.05,0.5422916666666666,0.3104288370105892,LOW PRIORITY,0.8138236876625234,2,0.8644349022441706,0.6507315297294003,2685,0
LOC_002,2024-03-01,MIZORAM,0.006753131,0.03797468,LOW,0.8170242564593174,0.05,0.65,0.32694593611482936,LOW PRIORITY,0.8538976564416119,7,0.8746847183224784,0.7728479844065129,2685,0
LOC_002,2024-04-01,MIZORAM,0.059969977,0.06422018,LOW,0.8085224664642672,0.05,0.6454166666666666,0.3346311886160668,LOW PRIORITY,0.9589589273286344,6,0.5540775072866784,0.9210534312417558,2685,0
LOC_002,2024-05-01,MIZORAM,0.13313094,0.17073171,MEDIUM,0.7754087724503789,0.05,0.5422916666666666,0.3534886271125947,LOW PRIORITY,0.6698359404988745,2,0.6898687024108243,0.8085971135584833,2685,0
LOC_002,2024-06-01,MIZORAM,0.22902516,0.1780822,MEDIUM,0.8171335164199144,0.05,0.6354166666666667,0.3808287591049786,LOW PRIORITY,0.8691023944987696,5,0.7590052156880489,0.8070931221595057,2685,0
LOC_002,2024-07-01,MIZORAM,0.070274666,0.06422018,LOW,0.7328488690045354,0.05,0.6051041666666667,0.3096659142511339,LOW PRIORITY,0.8523081680690483,5,0.6450220140889933,0.6007319605267665,2685,0
LOC_002,2024-08-01,MIZORAM,0.0019509642,0.0,LOW,0.7258636915324762,0.05,0.505625,0.2673096728831191,LOW PRIORITY,0.760949220288987,3,0.6504831598158108,0.5920223860251068,2685,0
LOC_002,2024-09-01,MIZORAM,0.0017586196,0.0,LOW,0.8084775437426223,0.05,0.7152083333333333,0.3194006359356556,LOW PRIORITY,0.7548892564840828,3,0.6017439972776563,0.97727692120875,2685,0
LOC_002,2024-10-01,MIZORAM,0.00031967563,0.0,LOW,0.7375804943362372,0.05,0.6292708333333333,0.2887857485840593,LOW PRIORITY,0.8341187313337245,7,0.5036765222772135,0.8458600570673445,2685,0
LOC_002,2024-11-01,MIZORAM,0.0004996943,0.0,LOW,0.7706727419941185,0.05,0.5422916666666666,0.28401193549852966,LOW PRIORITY,0.6770705585946801,4,0.6489296991951057,0.8900240435200217,2685,0
LOC_003,2024-01-01,MEGHALAYA,0.0022094608,0.0,LOW,0.8187514002451737,0.595,0.6788541666666666,0.4255159750612934,LOW PRIORITY,0.8032675225375853,9,0.9547933475268886,0.816944730916221,29693,0
LOC_003,2024-02-01,MEGHALAYA,0.00036242316,0.0,LOW,0.6606669438657546,0.595,0.505625,0.36001048596643864,LOW PRIORITY,0.728023825673433,9,0.6148581418416159,0.5997858079479694,29693,0
LOC_003,2024-03-01,MEGHALAYA,0.003586822,0.013333334,LOW,0.7761517758433258,0.595,0.6051041666666667,0.40913690256083146,LOW PRIORITY,0.90652162844756,10,0.8785945598409848,0.6528242484180917,29693,0
LOC_003,2024-04-01,MEGHALAYA,0.17624876,0.1780822,MEDIUM,0.8511569589647621,0.595,0.5415625,0.4842564947411905,MEDIUM PRIORITY,0.8689130610052609,6,0.7683037546318872,0.9674110202219006,29693,0
LOC_003,2024-05-01,MEGHALAYA,0.11040192,0.11764707,MEDIUM,0.8305315193440225,0.595,0.8314583333333334,0.4984104578360056,MEDIUM PRIORITY,0.7238932995784049,3,0.8963312383758085,0.8019015394218767,29693,0
LOC_003,2024-06-01,MEGHALAYA,0.69080704,0.28735632,MEDIUM,0.7888696302428269,0.595,0.6463541666666667,0.5281130605607067,MEDIUM PRIORITY,0.7990264333554904,11,0.9622471413870264,0.7608716128954573,29693,0
LOC_003,2024-07-01,MEGHALAYA,0.5990088,0.26530612,MEDIUM,0.8553236646438657,0.595,0.505625,0.5147971141609664,MEDIUM PRIORITY,0.8753605162837427,5,0.7585589654284597,0.9540418435299272,29693,0
LOC_003,2024-08-01,MEGHALAYA,0.21558648,0.1780822,MEDIUM,0.7406723686534261,0.595,0.6443749999999999,0.47205722216335655,MEDIUM PRIORITY,0.7257736423245622,5,0.8685317588220876,0.535050740133721,29693,0
LOC_003,2024-09-01,MEGHALAYA,0.008934496,0.037974678,LOW,0.7341367313385957,0.595,0.505625,0.3935678040346489,LOW PRIORITY,0.8543758306965734,7,0.7591998133165325,0.5563046146746103,29693,0
LOC_003,2024-10-01,MEGHALAYA,0.0013990472,0.0,LOW,0.6949681702224186,0.595,0.505625,0.36858579255560464,LOW PRIORITY,0.8674186780455941,10,0.584562431322089,0.6612249048553248,29693,0
LOC_003,2024-11-01,MEGHALAYA,0.0010773353,0.0,LOW,0.764516983725924,0.595,0.5770833333333334,0.396691745931481,LOW PRIORITY,0.8350739001580043,3,0.5792601170137047,0.743733917731987,29693,0
LOC_004,2024-01-01,TRIPURA,0.0005420405,0.0,LOW,0.8046147393426469,0.005,0.5111458333333333,0.2788255598356617,LOW PRIORITY,0.8906681877032849,12,0.9160955761537788,0.8116951935135237,1189,0
LOC_004,2024-02-01,TRIPURA,0.0020610844,0.0,LOW,0.7378966083918983,0.005,0.505625,0.26131790209797456,LOW PRIORITY,0.8958431876000548,6,0.7459379797304119,0.5098052662371269,1189,0
LOC_004,2024-03-01,TRIPURA,0.0012839932,0.0,LOW,0.6740613172848027,0.005,0.8095833333333333,0.29095282932120065,LOW PRIORITY,0.6562613356934667,4,0.661743880821573,0.5115733859575042,1189,0
LOC_004,2024-04-01,TRIPURA,0.1623033,0.1780822,MEDIUM,0.7124026666315975,0.005,0.505625,0.32617729665789935,LOW PRIORITY,0.8136988442881532,8,0.6310564860083983,0.6715220028965051,1189,0
LOC_004,2024-05-01,TRIPURA,0.545204,0.23529412,MEDIUM,0.7325535688224187,0.005,0.7682291666666667,0.3934904152056047,LOW PRIORITY,0.6051025918829722,5,0.7089996084601757,0.7827787416131935,1189,0
LOC_004,2024-06-01,TRIPURA,0.20368947,0.17808218,MEDIUM,0.7314173804159763,0.005,0.505625,0.33093096710399406,LOW PRIORITY,0.9773429194839528,9,0.5790632848165341,0.6692633173634179,1189,0
LOC_004,2024-07-01,TRIPURA,0.31192008,0.1780822,MEDIUM,0.74137343620294,0.005,0.924375,0.396232489050735,LOW PRIORITY,0.857420849194967,8,0.5314463112262434,0.8432932510572164,1189,0
LOC_004,2024-08-01,TRIPURA,0.10835916,0.11764707,MEDIUM,0.7805473452075479,0.005,0.505625,0.319039414301887,LOW PRIORITY,0.8197958294047282,4,0.7982372887719762,0.6374895959868201,1189,0
LOC_004,2024-09-01,TRIPURA,0.0060803574,0.037974678,LOW,0.8214754085926378,0.005,0.65,0.31905872334815943,LOW PRIORITY,0.8520138310169753,1,0.7660663697911763,0.701154766895733,1189,0
LOC_004,2024-10-01,TRIPURA,0.00056188105,0.0,LOW,0.736686380238005,0.005,0.6234375,0.27868722005950125,LOW PRIORITY,0.7699322946573245,12,0.8318991960213342,0.7449140302733612,1189,0
LOC_004,2024-11-01,TRIPURA,0.0024130463,0.0,LOW,0.7139875442684719,0.005,0.6790625,0.281356261067118,LOW PRIORITY,0.6180463514405837,1,0.6022521693463979,0.6689849896202393,1189,0
LOC_005,2024-01-01,ARUNACHAL_PRADESH,0.0004386477,0.0,LOW,0.6484803780636206,0.645,0.6327083333333333,0.3860263445159051,LOW PRIORITY,0.6691158607529852,4,0.5032475079996283,0.5548914768352022,31740,0
LOC_005,2024-02-01,ARUNACHAL_PRADESH,0.0018324546,0.0,LOW,0.6473670953093251,0.645,0.505625,0.3666855238273313,LOW PRIORITY,0.8848472225336541,11,0.5695939013789935,0.5016939239913196,31740,0
LOC_005,2024-03-01,ARUNACHAL_PRADESH,0.0077091027,0.037974678,LOW,0.7986977347850392,0.645,0.6472916666666666,0.44095805489625983,LOW PRIORITY,0.8505855421016224,2,0.8639170812896858,0.5469549824155151,31740,0
LOC_005,2024-04-01,ARUNACHAL_PRADESH,0.26084942,0.1780822,MEDIUM,0.7553126038387492,0.645,0.59375,0.4781235309596873,MEDIUM PRIORITY,0.932755225502692,9,0.7577487379884953,0.6307464518638097,31740,0
LOC_005,2024-05-01,ARUNACHAL_PRADESH,0.22512265,0.1780822,MEDIUM,0.7288771360519011,0.645,0.6851041666666666,0.48521778901297524,MEDIUM PRIORITY,0.8530373073219988,9,0.5044074166472363,0.8580638202383688,31740,0
LOC_005,2024-06-01,ARUNACHAL_PRADESH,0.39477932,0.21008404,MEDIUM,0.7470810967724066,0.645,0.505625,0.4756476401931017,MEDIUM PRIORITY,0.7976171467742933,2,0.7039957417347935,0.5533781652472065,31740,0
LOC_005,2024-07-01,ARUNACHAL_PRADESH,0.50631887,0.21008404,MEDIUM,0.7424392022686696,0.645,0.5448958333333334,0.4803777915671674,MEDIUM PRIORITY,0.7148436443710279,5,0.8543642899524497,0.567215541417867,31740,0
LOC_005,2024-08-01,ARUNACHAL_PRADESH,0.6851126,0.28735632,MEDIUM,0.7352805048717714,0.645,0.7954166666666667,0.5470751542179428,MEDIUM PRIORITY,0.6611548462591993,1,0.7473090075550162,0.5659914990062036,31740,0
LOC_005,2024-09-01,ARUNACHAL_PRADESH,0.0049443482,0.013333334,LOW,0.6862726366778327,0.645,0.505625,0.38174524276945815,LOW PRIORITY,0.8365720635596042,10,0.7403704562048613,0.5014813602801984,31740,0
LOC_005,2024-10-01,ARUNACHAL_PRADESH,0.0036339436,0.013333334,LOW,0.7389069338467882,0.645,0.8779166666666667,0.45074756706169705,MEDIUM PRIORITY,0.7831698319443592,10,0.6264044556491577,0.8793867811269692,31740,0
LOC_005,2024-11-01,ARUNACHAL_PRADESH,0.0053456766,0.013333334,LOW,0.7998161183357441,0.645,0.505625,0.410131113183936,LOW PRIORITY,0.9581585070573772,7,0.521002883709406,0.9534364159095264,31740,0
LOC_006,2024-01-01,ASSAM,0.00041854262,0.0,LOW,0.8698719853713233,0.495,0.6564583333333334,0.41493674634283084,LOW PRIORITY,0.8670336087194243,2,0.6878796739019815,0.9912413255305534,24483,0
LOC_006,2024-02-01,ASSAM,0.0043769265,0.013333334,LOW,0.7722163738225513,0.495,0.6928125,0.4013093020556378,LOW PRIORITY,0.7026966405366197,5,0.8996450029521073,0.6531905184681448,24483,0
LOC_006,2024-03-01,ASSAM,0.0039833426,0.013333334,LOW,0.8081006760219016,0.495,0.6327083333333333,0.40126475260547534,LOW PRIORITY,0.9207681569023932,9,0.690655319976039,0.9209792272091742,24483,0
LOC_006,2024-04-01,ASSAM,0.017463434,0.037974678,LOW,0.7091049429546877,0.495,0.62625,0.3854036069386719,LOW PRIORITY,0.9945451606787524,8,0.5408519798011144,0.5676892980055506,24483,0
LOC_006,2024-05-01,ASSAM,0.20543349,0.1780822,MEDIUM,0.6998225522927646,0.495,0.5486458333333333,0.42748539307319117,LOW PRIORITY,0.9668182360617904,12,0.5899222234177706,0.642549749691497,24483,0
LOC_006,2024-06-01,ASSAM,0.55622363,0.2352941,MEDIUM,0.8517789598351425,0.495,0.7952083333333333,0.5253436299587856,MEDIUM PRIORITY,0.8085083227567477,4,0.923033210037711,0.8089076398794446,24483,0
LOC_006,2024-07-01,ASSAM,0.3495808,0.19565217,MEDIUM,0.6389560351448207,0.495,0.505625,0.4128436267862051,LOW PRIORITY,0.6333510251594513,12,0.7801350377984865,0.5423380776213449,24483,0
LOC_006,2024-08-01,ASSAM,0.009406469,0.03797468,LOW,0.7968112445670287,0.495,0.7497916666666666,0.4258614331417572,LOW PRIORITY,0.6217640511000712,5,0.8966564231999509,0.8354911706347592,24483,0
LOC_006,2024-09-01,ASSAM,0.0026462914,0.013333334,LOW,0.7578396080017893,0.495,0.665625,0.39363698560044735,LOW PRIORITY,0.7720473094430762,2,0.6796155703108615,0.6463622189198859,24483,0
LOC_006,2024-10-01,ASSAM,0.00053412234,0.0,LOW,0.7017045536891312,0.495,0.505625,0.3502698884222828,LOW PRIORITY,0.9733034670323416,12,0.6590863457492132,0.5744284019749701,24483,0
LOC_006,2024-11-01,ASSAM,0.0021240716,0.0,LOW,0.8359698787326078,0.495,0.7105208333333333,0.41457059468315194,LOW PRIORITY,0.7336985496628525,8,0.986289208829738,0.890558423104507,24483,0
LOC_007,2024-01-01,MEGHALAYA,0.0006009727,0.0,LOW,0.675655230219546,0.035,0.505625,0.2517575575548865,LOW PRIORITY,0.8004930906713632,10,0.5214680774338585,0.7139930861062955,2021,0
LOC_007,2024-02-01,MEGHALAYA,0.0016697007,0.0,LOW,0.8729099190861646,0.035,0.665625,0.3250712297715411,LOW PRIORITY,0.7298314636661116,4,0.991296236005294,0.9038453100065856,2021,0
LOC_007,2024-03-01,MEGHALAYA,0.00063175923,0.0,LOW,0.6793594685853653,0.035,0.505625,0.25268361714634135,LOW PRIORITY,0.9139996697694336,11,0.6522899735436245,0.5178148976950696,2021,0
LOC_007,2024-04-01,MEGHALAYA,0.0032060458,0.013333334,LOW,0.8011076620925078,0.035,0.7811458333333334,0.32978212412312696,LOW PRIORITY,0.6899040950635278,5,0.8141397295326067,0.8670534904405633,2021,0
LOC_007,2024-05-01,MEGHALAYA,0.024622569,0.050000004,LOW,0.6792201474234258,0.035,0.6782291666666667,0.2985394134558565,LOW PRIORITY,0.6780120927156618,9,0.8174768564861445,0.521391640491897,2021,0
LOC_007,2024-06-01,MEGHALAYA,0.21001057,0.1780822,MEDIUM,0.7638329100813045,0.035,0.7176041666666666,0.37683173252032615,LOW PRIORITY,0.6876153446568234,3,0.8083649676877028,0.6593513279806917,2021,1
LOC_007,2024-07-01,MEGHALAYA,0.5512321,0.2352941,MEDIUM,0.721256181996456,0.035,0.7669791666666667,0.396478560499114,LOW PRIORITY,0.9096246827784464,13,0.7940273829234078,0.6147059956173031,2021,1
LOC_007,2024-08-01,MEGHALAYA,0.22041512,0.1780822,MEDIUM,0.76627932507282,0.035,0.7176041666666666,0.377443336268205,LOW PRIORITY,0.6735382907557191,12,0.9418935311300722,0.8496854784054885,2021,0
LOC_007,2024-09-01,MEGHALAYA,0.0023317903,0.0,LOW,0.7692910373189548,0.035,0.505625,0.2751665093297387,LOW PRIORITY,0.7563334197068887,11,0.8385950469883927,0.8489023492472043,2021,0
LOC_007,2024-10-01,MEGHALAYA,0.0021747397,0.0,LOW,0.7834038370696729,0.035,0.505625,0.27869470926741824,LOW PRIORITY,0.7337053499116837,5,0.7462658905048298,0.8203107745288443,2021,0
LOC_007,2024-11-01,MEGHALAYA,0.001184474,0.0,LOW,0.8525491880948373,0.035,0.6136458333333333,0.3121841720237093,LOW PRIORITY,0.904508571850144,11,0.8934205672570837,0.978934279938788,2021,0
LOC_008,2024-01-01,ASSAM,0.0062386333,0.037974678,LOW,0.7340414947399146,0.685,0.5704166666666667,0.42126274488497867,LOW PRIORITY,0.6679526349084591,3,0.845253316005568,0.5229600280456315,34763,0
LOC_008,2024-02-01,ASSAM,0.009735819,0.03797468,LOW,0.928163967438039,0.685,0.6261458333333334,0.47815273885950976,MEDIUM PRIORITY,0.858709984432773,1,0.9896165416486222,0.897662677004094,34763,0
LOC_008,2024-03-01,ASSAM,0.006351946,0.037974678,LOW,0.7935651967821864,0.685,0.5422916666666666,0.4319249203955466,LOW PRIORITY,0.7787261873677017,5,0.9687335939068722,0.5934676725208382,34763,0
LOC_008,2024-04-01,ASSAM,0.020593926,0.03797468,LOW,0.8389173064895612,0.685,0.505625,0.4377629486223903,LOW PRIORITY,0.7561156403357335,1,0.9360267156897468,0.6968602032660975,34763,0
LOC_008,2024-05-01,ASSAM,0.31705678,0.1780822,MEDIUM,0.8390499099098382,0.685,0.6777083333333334,0.5196516074774595,MEDIUM PRIORITY,0.7352358086521562,8,0.9396632495079118,0.9479672481459512,34763,0
LOC_008,2024-06-01,ASSAM,0.22905345,0.1780822,MEDIUM,0.677182116507822,0.685,0.65,0.47502840912695554,MEDIUM PRIORITY,0.8770309517587622,8,0.5641410534746658,0.5342231274645265,34763,1
LOC_008,2024-07-01,ASSAM,0.20309229,0.1780822,MEDIUM,0.7800836577348541,0.685,0.7497916666666666,0.5157225444337136,MEDIUM PRIORITY,0.8951062052436956,4,0.7524010166036965,0.6061607424253574,34763,0
LOC_008,2024-08-01,ASSAM,0.039085016,0.06422018,LOW,0.786181154385457,0.685,0.505625,0.4350771105963642,LOW PRIORITY,0.7282349223966935,4,0.7725954145451482,0.7772276139333196,34763,0
LOC_008,2024-09-01,ASSAM,0.0023309262,0.0,LOW,0.7798823626784344,0.685,0.7376041666666666,0.4426112156696086,LOW PRIORITY,0.8044826973302531,2,0.5001262272452811,0.8815871928048694,34763,0
LOC_008,2024-10-01,ASSAM,0.00048067785,0.0,LOW,0.76780674865197,0.685,0.6327083333333333,0.42385793716299247,LOW PRIORITY,0.6819651922106157,6,0.9816966891849246,0.6075651132123396,34763,0
LOC_008,2024-11-01,ASSAM,0.0046222443,0.013333334,LOW,0.6037497989942386,0.685,0.65,0.39077078334855964,LOW PRIORITY,0.6702575330155466,13,0.6628333661390471,0.515241630155694,34763,0
LOC_009,2024-01-01,ARUNACHAL_PRADESH,0.0010656944,0.0,LOW,0.6478420782488217,0.51,0.69375,0.36802301956220546,LOW PRIORITY,0.9185878511582576,12,0.5537893513569314,0.5189911104800976,25300,0
LOC_009,2024-02-01,ARUNACHAL_PRADESH,0.0017651762,0.0,LOW,0.8322949386073988,0.51,0.505625,0.3859174846518497,LOW PRIORITY,0.8807019089033994,1,0.7899477991138921,0.6918633797456366,25300,0
LOC_009,2024-03-01,ARUNACHAL_PRADESH,0.00061118766,0.0,LOW,0.769633956991647,0.51,0.7310416666666667,0.40406473924791175,LOW PRIORITY,0.7887740211145251,13,0.8939165940927484,0.829178546092648,25300,0
LOC_009,2024-04-01,ARUNACHAL_PRADESH,0.05119763,0.06422018,LOW,0.7727523952703174,0.51,0.8179166666666666,0.44356367081757936,LOW PRIORITY,0.8126649891457918,11,0.935163796852346,0.7098474617497985,25300,0
LOC_009,2024-05-01,ARUNACHAL_PRADESH,0.41026452,0.21008404,MEDIUM,0.6430287785552828,0.51,0.505625,0.4226345606388207,LOW PRIORITY,0.7070592649467397,10,0.5296363933839886,0.6687527892237363,25300,0
LOC_009,2024-06-01,ARUNACHAL_PRADESH,0.4120492,0.21008405,MEDIUM,0.8861793998831996,0.51,0.5433333333333333,0.48907846997079996,MEDIUM PRIORITY,0.9104900211488092,3,0.8681187983575589,0.8661087800264307,25300,1
LOC_009,2024-07-01,ARUNACHAL_PRADESH,0.5770067,0.26530612,MEDIUM,0.7712910222866598,0.51,0.9561458333333333,0.544367078571665,MEDIUM PRIORITY,0.6988595134625465,3,0.79925170702584,0.6870528686582528,25300,0
LOC_009,2024-08-01,ARUNACHAL_PRADESH,0.035491686,0.057142857,LOW,0.8712312634578181,0.51,0.505625,0.41850870866445455,LOW PRIORITY,0.924163973094012,2,0.9848298732513516,0.6425978741525749,25300,0
LOC_009,2024-09-01,ARUNACHAL_PRADESH,0.0068321615,0.037974678,LOW,0.7534015205268081,0.51,0.5422916666666666,0.38688400133170203,LOW PRIORITY,0.992621775089215,13,0.8357254095777189,0.618592230773632,25300,0
LOC_009,2024-10-01,ARUNACHAL_PRADESH,0.00066755747,0.0,LOW,0.7969944530003112,0.51,0.7267708333333334,0.4102642382500778,LOW PRIORITY,0.6542950125043655,10,0.9409812139159344,0.9260349189142784,25300,0
LOC_009,2024-11-01,ARUNACHAL_PRADESH,0.00029664667,0.0,LOW,0.7324047018543288,0.51,0.505625,0.3609449254635822,LOW PRIORITY,0.8992483200443705,5,0.5787951610782343,0.6182419929613772,25300,0
LOC_010,2024-01-01,MEGHALAYA,0.00013939528,0.0,LOW,0.6922705954135627,0.995,0.6663541666666666,0.4720207738533907,MEDIUM PRIORITY,0.8245377791523509,11,0.5764978933390872,0.7347133758294793,49984,0
LOC_010,2024-02-01,MEGHALAYA,0.00036417684,0.0,LOW,0.8594280374764729,0.995,0.505625,0.4897007593691182,MEDIUM PRIORITY,0.8608263278741111,2,0.9934614782518,0.6500910104466473,49984,0
LOC_010,2024-03-01,MEGHALAYA,0.00034726202,0.0,LOW,0.7454293424407568,0.995,0.6852083333333333,0.4881385856101892,MEDIUM PRIORITY,0.8539285270119357,7,0.6142625738533722,0.7468596022310527,49984,0
LOC_010,2024-04-01,MEGHALAYA,0.055567615,0.06422018,LOW,0.6884469445850765,0.995,0.6327083333333333,0.4917060581462691,MEDIUM PRIORITY,0.8126015938011374,13,0.8542966538110015,0.5202228640615003,49984,0
LOC_010,2024-05-01,MEGHALAYA,0.021955425,0.03797468,LOW,0.7028413394349642,0.995,0.6882291666666667,0.49313458185874104,MEDIUM PRIORITY,0.628014090132466,3,0.5900966934499372,0.6932545741574534,49984,0
LOC_010,2024-06-01,MEGHALAYA,0.5223815,0.21008404,MEDIUM,0.7531635812494156,0.995,0.7567708333333334,0.5848401363123539,MEDIUM PRIORITY,0.8129187269932782,5,0.6640396089485833,0.7023626557224678,49984,0
LOC_010,2024-07-01,MEGHALAYA,0.1832055,0.1780822,MEDIUM,0.8532793901995063,0.995,0.6633333333333333,0.5830527275498766,MEDIUM PRIORITY,0.8438325185214403,5,0.7407232052413755,0.9952285037018758,49984,0
LOC_010,2024-08-01,MEGHALAYA,0.012548997,0.037974678,LOW,0.6821636374456701,0.995,0.5770833333333334,0.4712932805614175,MEDIUM PRIORITY,0.6584281535833415,8,0.5376192538759565,0.7992738089900489,49984,0
LOC_010,2024-09-01,MEGHALAYA,0.0023059556,0.0,LOW,0.863847002525627,0.995,0.6532291666666667,0.5129461256314067,MEDIUM PRIORITY,0.9680063107984028,5,0.7888957274802453,0.8651526384905266,49984,0
LOC_010,2024-10-01,MEGHALAYA,0.0026606494,0.013333334,LOW,0.6729575300263749,0.995,0.63625,0.4680102161065937,MEDIUM PRIORITY,0.8534114868701057,6,0.5347084792950688,0.503710153940325,49984,0
LOC_010,2024-11-01,MEGHALAYA,9.1915055e-05,0.0,LOW,0.7969938670904224,0.995,0.505625,0.4740922167726056,MEDIUM PRIORITY,0.6253798243506414,4,0.8296510469858647,0.8662779303585169,49984,0
LOC_011,2024-01-01,MANIPUR,0.00136794,0.0,LOW,0.8130951717956333,0.28,0.826875,0.3833050429489083,LOW PRIORITY,0.8422445229946575,5,0.8894368241279813,0.6873660067265608,13666,0
LOC_011,2024-02-01,MANIPUR,0.0096045025,0.037974678,LOW,0.8959499472771699,0.28,0.665625,0.3950211080192925,LOW PRIORITY,0.7896126329475681,1,0.9712951071384558,0.8562253823559888,13666,0
LOC_011,2024-03-01,MANIPUR,0.00123675,0.0,LOW,0.6951464689436294,0.28,0.505625,0.30563036723590736,LOW PRIORITY,0.9483309241006538,12,0.6893685736302194,0.5428863780436441,13666,0
LOC_011,2024-04-01,MANIPUR,0.30762482,0.1780822,MEDIUM,0.877123302168181,0.28,0.5889583333333334,0.43485745554204525,LOW PRIORITY,0.9672962009142214,2,0.9491610098456846,0.6587026645794846,13666,0
LOC_011,2024-05-01,MANIPUR,0.50347435,0.21008404,MEDIUM,0.7984843695761973,0.28,0.6327083333333333,0.4345609583940493,LOW PRIORITY,0.8866196272093168,5,0.70518918769448,0.7687953300676588,13666,0
LOC_011,2024-06-01,MANIPUR,0.73063636,0.28735632,MEDIUM,0.6279920514085411,0.28,0.7357291666666667,0.43829991585213524,LOW PRIORITY,0.6317611820410718,11,0.6317819445927587,0.6150917456670008,13666,0
LOC_011,2024-07-01,MANIPUR,0.29725364,0.1780822,MEDIUM,0.7667710072932818,0.28,0.505625,0.39476938182332044,LOW PRIORITY,0.9453217145741574,6,0.706513555815764,0.6152487587832065,13666,0
LOC_011,2024-08-01,MANIPUR,0.16458672,0.1780822,MEDIUM,0.8397086660091708,0.28,0.683125,0.4396287965022927,LOW PRIORITY,0.9268437580768456,9,0.8253985708600398,0.906592335099798,13666,0
LOC_011,2024-09-01,MANIPUR,0.002960027,0.013333333,LOW,0.7384659823252424,0.28,0.7658333333333334,0.3608248287813106,LOW PRIORITY,0.7955223630939767,6,0.5458598076603847,0.812481758546608,13666,0
LOC_011,2024-10-01,MANIPUR,0.0010874879,0.0,LOW,0.8260917798528186,0.28,0.505625,0.33836669496320465,LOW PRIORITY,0.7745737765978988,11,0.9572375530045024,0.9392224564755396,13666,0
LOC_011,2024-11-01,MANIPUR,0.0009740517,0.0,LOW,0.921033652341766,0.28,0.7803125,0.4033052880854415,LOW PRIORITY,0.8968651451083023,3,0.9377739362327152,0.9494955280260468,13666,0
LOC_012,2024-01-01,TRIPURA,0.0015335659,0.0,LOW,0.721789758859146,0.725,0.6051041666666667,0.41621306471478653,LOW PRIORITY,0.7369127372127977,12,0.6875793322921819,0.8626669659316043,36222,0
LOC_012,2024-02-01,TRIPURA,0.0014638514,0.0,LOW,0.8582173554662147,0.725,0.6763541666666666,0.4610074638665536,MEDIUM PRIORITY,0.9328425940577408,2,0.7173050207928858,0.8493884736808991,36222,0
LOC_012,2024-03-01,TRIPURA,0.021686794,0.03797468,LOW,0.7720186777693226,0.725,0.6788541666666666,0.45502266644233064,MEDIUM PRIORITY,0.7762163550889751,4,0.837869332326771,0.6073223569948778,36222,0
LOC_012,2024-04-01,TRIPURA,0.057814315,0.06422018,LOW,0.8292522629991348,0.725,0.505625,0.4538448877497837,MEDIUM PRIORITY,0.7801194504974986,1,0.7156841497023358,0.8545387851300379,36222,0
LOC_012,2024-05-01,TRIPURA,0.33195856,0.19565217,MEDIUM,0.7463122834369622,0.725,0.5534375,0.4928545638592405,MEDIUM PRIORITY,0.8763767576067432,11,0.7561115287237694,0.719427514084003,36222,0
LOC_012,2024-06-01,TRIPURA,0.23742981,0.1780822,MEDIUM,0.7193144537211081,0.725,0.7330208333333333,0.5060146184302771,MEDIUM PRIORITY,0.991776656788518,12,0.5581340756331326,0.7273470824627821,36222,0
LOC_012,2024-07-01,TRIPURA,0.33244812,0.19565217,MEDIUM,0.6916484821504664,0.725,0.7058333333333333,0.5020479885376166,MEDIUM PRIORITY,0.7088823396997654,5,0.7150822262572498,0.5092960293115167,36222,1
LOC_012,2024-08-01,TRIPURA,0.07408486,0.06422018,LOW,0.7886758975240045,0.725,0.8272916666666666,0.49195079638100114,MEDIUM PRIORITY,0.9219249843912952,5,0.8894117246679057,0.5100335477034834,36222,0
LOC_012,2024-09-01,TRIPURA,0.015058201,0.037974678,LOW,0.8169596843356454,0.725,0.505625,0.44027354228391136,LOW PRIORITY,0.9926595505153069,8,0.7361608252141545,0.8056850282797866,36222,0
LOC_012,2024-10-01,TRIPURA,0.0051723467,0.013333334,LOW,0.6998201805647126,0.725,0.5770833333333334,0.4118508787411781,LOW PRIORITY,0.7546528768854823,8,0.6428598036171025,0.6684347084229324,36222,0
LOC_012,2024-11-01,TRIPURA,0.011080292,0.037974678,LOW,0.7646944734080906,0.725,0.505625,0.42720723955202267,LOW PRIORITY,0.9598796028123312,4,0.5310759635662837,0.701155660587081,36222,0
LOC_013,2024-01-01,MANIPUR,0.0009552053,0.0,LOW,0.8018039781549998,0.3,0.5505208333333333,0.34302911953875,LOW PRIORITY,0.8612470448022926,5,0.9504672477646404,0.5621682867197326,14773,0
LOC_013,2024-02-01,MANIPUR,0.00036521084,0.0,LOW,0.7875732254411285,0.3,0.5088541666666666,0.3332214313602821,LOW PRIORITY,0.9476463946843928,13,0.6442034659745677,0.9917763744388872,14773,0
LOC_013,2024-03-01,MANIPUR,0.0016596856,0.0,LOW,0.7802901435261385,0.3,0.6192708333333333,0.3479631608815346,LOW PRIORITY,0.9744709111625888,13,0.8104441345908738,0.7695788616844248,14773,0
LOC_013,2024-04-01,MANIPUR,0.016718628,0.037974678,LOW,0.72276600519066,0.3,0.65,0.353381372497665,LOW PRIORITY,0.9745234545573164,12,0.7939672350729418,0.5225733311323821,14773,0
LOC_013,2024-05-01,MANIPUR,0.3658623,0.19565217,MEDIUM,0.7837178499034966,0.3,0.73125,0.44387783047587415,LOW PRIORITY,0.8511257186750179,11,0.8409668915977879,0.8094454560078472,14773,0
LOC_013,2024-06-01,MANIPUR,0.19884165,0.1780822,MEDIUM,0.7708411641613286,0.3,0.5891666666666666,0.41231817104033214,LOW PRIORITY,0.6175016243847824,10,0.8242488755845536,0.974947490009312,14773,1
LOC_013,2024-07-01,MANIPUR,0.66227067,0.28735632,MEDIUM,0.8336365510952306,0.3,0.7177083333333334,0.49100791577380765,MEDIUM PRIORITY,0.8762029596584578,6,0.8025028598917712,0.8558403848306937,14773,0
LOC_013,2024-08-01,MANIPUR,0.0129186,0.037974678,LOW,0.6544923064701542,0.3,0.505625,0.3146566978175386,LOW PRIORITY,0.6380872316277633,7,0.5520042445294598,0.6612110830567268,14773,1
LOC_013,2024-09-01,MANIPUR,0.002695015,0.013333334,LOW,0.8178876985390117,0.3,0.9625,0.4141802582347529,LOW PRIORITY,0.6224721438872445,7,0.9677007636087502,0.9147112199933852,14773,0
LOC_013,2024-10-01,MANIPUR,0.0009809554,0.0,LOW,0.8207540120680659,0.3,0.505625,0.34103225301701645,LOW PRIORITY,0.8572852012089704,2,0.6101847844242825,0.8822127293056774,14773,0
LOC_013,2024-11-01,MANIPUR,0.0003936927,0.0,LOW,0.7351229545441906,0.3,0.6051041666666667,0.33454636363604767,LOW PRIORITY,0.6634323870523233,4,0.7153358027045928,0.6950569617531797,14773,0
LOC_014,2024-01-01,MANIPUR,0.004264556,0.013333334,LOW,0.6178698910161291,0.49,0.505625,0.33364455635403223,LOW PRIORITY,0.7617300646726952,13,0.5603044116759581,0.5827784210491964,24419,0
LOC_014,2024-02-01,MANIPUR,0.0024977375,0.0,LOW,0.7848541103786868,0.49,0.505625,0.37005727759467166,LOW PRIORITY,0.8537996917357107,7,0.8313434774236446,0.6876066056887253,24419,0
LOC_014,2024-03-01,MANIPUR,0.0001786356,0.0,LOW,0.6485502185171363,0.49,0.6443749999999999,0.3567938046292841,LOW PRIORITY,0.6788653247249857,9,0.6276717180752454,0.5876638312683146,24419,0
LOC_014,2024-04-01,MANIPUR,0.5488405,0.23529412,MEDIUM,0.7601517082413034,0.49,0.7869791666666667,0.5002024500603258,MEDIUM PRIORITY,0.916731088372652,7,0.6550784043088838,0.7021306736170114,24419,0
LOC_014,2024-05-01,MANIPUR,0.69619733,0.28735632,MEDIUM,0.7011164200182537,0.49,0.6417708333333334,0.4844872580045635,MEDIUM PRIORITY,0.9203526848621464,12,0.6217154625049014,0.6623975327059667,24419,0
LOC_014,2024-06-01,MANIPUR,0.66732186,0.28735632,MEDIUM,0.8163855123687194,0.49,0.715625,0.5243826560921798,MEDIUM PRIORITY,0.6394611585083589,1,0.7944708920384784,0.8649433322613734,24419,0
LOC_014,2024-07-01,MANIPUR,0.55198133,0.23529412,MEDIUM,0.7311098536690026,0.49,0.6788541666666666,0.4767232364172506,MEDIUM PRIORITY,0.6031618136781848,3,0.7182466634716238,0.703030937526202,24419,0
LOC_014,2024-08-01,MANIPUR,0.12676963,0.11764705,MEDIUM,0.7559786882289183,0.49,0.7270833333333333,0.44311599205722957,LOW PRIORITY,0.7724658593244255,7,0.5927727000389764,0.8920095268856046,24419,0
LOC_014,2024-09-01,MANIPUR,0.002890841,0.013333334,LOW,0.7950365927648232,0.49,0.505625,0.3779362317912058,LOW PRIORITY,0.7647849827766103,3,0.9514898245281744,0.5638715637545082,24419,0
LOC_014,2024-10-01,MANIPUR,0.00036907574,0.0,LOW,0.7417906060099048,0.49,0.7655208333333333,0.3982757765024762,LOW PRIORITY,0.7594997237004234,1,0.7358007006516107,0.505195333020918,24419,0
LOC_014,2024-11-01,MANIPUR,0.0006269544,0.0,LOW,0.7950585320810445,0.49,0.5770833333333334,0.3833271330202611,LOW PRIORITY,0.7936748331748023,5,0.8784500677143694,0.674775894101673,24419,0
LOC_015,2024-01-01,TRIPURA,0.00033751188,0.0,LOW,0.6883805370320903,0.115,0.65,0.2925951342580226,LOW PRIORITY,0.7284865195585449,6,0.6886910119692122,0.5363446166006044,7374,0
LOC_015,2024-02-01,TRIPURA,0.0010900067,0.0,LOW,0.7444617514083488,0.115,0.5925,0.2979904378520872,LOW PRIORITY,0.6348927031355567,12,0.9111131626282294,0.8318411398696091,7374,0
LOC_015,2024-03-01,TRIPURA,0.00058288005,0.0,LOW,0.631161453223757,0.115,0.505625,0.25663411330593927,LOW PRIORITY,0.7283747140363519,13,0.6132518277224479,0.6163526044695617,7374,0
LOC_015,2024-04-01,TRIPURA,0.053570878,0.06422018,LOW,0.7735899344165527,0.115,0.7155208333333334,0.3494136806041382,LOW PRIORITY,0.712325018873295,1,0.7480240758580506,0.6673439762681981,7374,0
LOC_015,2024-05-01,TRIPURA,0.41563037,0.21008404,MEDIUM,0.7403731361805332,0.115,0.6365624999999999,0.38761127504513326,LOW PRIORITY,0.8049800155333846,8,0.7284547910423094,0.6947244048131058,7374,0
LOC_015,2024-06-01,TRIPURA,0.3402931,0.19565217,MEDIUM,0.8515820847655913,0.115,0.8307291666666667,0.43876576419139784,LOW PRIORITY,0.7634622581447632,1,0.998568507681671,0.6776309065692642,7374,0
LOC_015,2024-07-01,TRIPURA,0.106060356,0.11764705,MEDIUM,0.7336633777167503,0.115,0.8434375000000001,0.37999028942918756,LOW PRIORITY,0.8645494945501444,9,0.52799205091367,0.8421119654031866,7374,0
LOC_015,2024-08-01,TRIPURA,0.27781832,0.1780822,MEDIUM,0.7360035058551919,0.115,0.505625,0.354077506463798,LOW PRIORITY,0.8315878656064983,6,0.7805193626115363,0.5319067952027333,7374,0
LOC_015,2024-09-01,TRIPURA,0.0011613535,0.0,LOW,0.6977609006561093,0.115,0.6327083333333333,0.29234647516402734,LOW PRIORITY,0.8469484753484815,8,0.5121264680216275,0.6986353259209946,7374,0
LOC_015,2024-10-01,TRIPURA,0.0015796865,0.0,LOW,0.8598920369167892,0.115,0.6051041666666667,0.3287386342291973,LOW PRIORITY,0.9308363408112794,7,0.765675377305683,0.9763897628835276,7374,0
LOC_015,2024-11-01,TRIPURA,0.0022119577,0.0,LOW,0.8125969987175233,0.115,0.505625,0.3019929996793808,LOW PRIORITY,0.9616881020508228,1,0.5056890281664161,0.8163441979861875,7374,0
LOC_016,2024-01-01,MANIPUR,0.0024749225,0.0,LOW,0.8211798562752359,0.89,0.505625,0.459138714068809,MEDIUM PRIORITY,0.7494173378429237,13,0.9861114707196744,0.9825239498716788,44689,0
LOC_016,2024-02-01,MANIPUR,0.014756415,0.037974678,LOW,0.8703690035207348,0.89,0.505625,0.4866258720801837,MEDIUM PRIORITY,0.9099665549520554,1,0.7975756279501897,0.8072671645140272,44689,0
LOC_016,2024-03-01,MANIPUR,0.00858196,0.037974678,LOW,0.7481418175666434,0.89,0.5925,0.46910032559166087,MEDIUM PRIORITY,0.7802934896664202,6,0.9070651822304036,0.5052085983697499,44689,0
LOC_016,2024-04-01,MANIPUR,0.18334971,0.1780822,MEDIUM,0.8250646189272518,0.89,0.665625,0.555342784731813,MEDIUM PRIORITY,0.9955048550946508,4,0.6825848919081281,0.7555020620395616,44689,0
LOC_016,2024-05-01,MANIPUR,0.5142464,0.21008404,MEDIUM,0.7332159094480227,0.89,0.7197916666666666,0.5533063433620057,MEDIUM PRIORITY,0.9141473076448184,5,0.6504744943275409,0.534908502486398,44689,0
LOC_016,2024-06-01,MANIPUR,0.56767297,0.26530612,MEDIUM,0.7994748158958631,0.89,0.9321875,0.6238192769739658,MEDIUM PRIORITY,0.9735042735151368,2,0.500508055463035,0.7905536012719472,44689,0
LOC_016,2024-07-01,MANIPUR,0.7992138,0.3043478,MEDIUM,0.7596834436613001,0.89,0.505625,0.565503730915325,MEDIUM PRIORITY,0.6671554623132802,7,0.7827369776699862,0.8221746679952676,44689,0
LOC_016,2024-08-01,MANIPUR,0.058868594,0.06422018,LOW,0.8249150136303062,0.89,0.505625,0.48576057540757656,MEDIUM PRIORITY,0.6354082198856564,1,0.9420064658497624,0.7555787021191391,44689,0
LOC_016,2024-09-01,MANIPUR,0.0045338264,0.013333334,LOW,0.769987890403972,0.89,0.6238541666666666,0.46940843120099296,MEDIUM PRIORITY,0.6982989175754146,5,0.9980309385860612,0.5502883721210785,44689,0
LOC_016,2024-10-01,MANIPUR,0.0011625096,0.0,LOW,0.794499372144215,0.89,0.505625,0.45246859303605375,MEDIUM PRIORITY,0.8338473406575551,4,0.695884182949299,0.7815992983033393,44689,0
LOC_016,2024-11-01,MANIPUR,0.00089745305,0.0,LOW,0.7851940496409341,0.89,0.65,0.4717985124102335,MEDIUM PRIORITY,0.872254556978693,3,0.8518513763219013,0.5166702652631419,44689,0
LOC_017,2024-01-01,MEGHALAYA,0.0017610455,0.0,LOW,0.8526835361907712,0.36,0.6794791666666666,0.3870927590476928,LOW PRIORITY,0.9009829657380316,4,0.6937400027614216,0.9493445095969651,19047,0
LOC_017,2024-02-01,MEGHALAYA,0.0031951624,0.013333334,LOW,0.8012244906870748,0.36,0.505625,0.35348320627176866,LOW PRIORITY,0.8412072936177553,7,0.7139056172460594,0.8831183852178179,19047,0
LOC_017,2024-03-01,MEGHALAYA,0.0021248315,0.0,LOW,0.7983439620439137,0.36,0.505625,0.3474297405109784,LOW PRIORITY,0.9615304331043724,6,0.8854685187423392,0.5463768963289434,19047,0
LOC_017,2024-04-01,MEGHALAYA,0.13323067,0.17073171,MEDIUM,0.6709032579750438,0.36,0.7073958333333333,0.41412787349376096,LOW PRIORITY,0.6306725748912881,7,0.665195375293215,0.6210784150490052,19047,0
LOC_017,2024-05-01,MEGHALAYA,0.53274465,0.21008404,MEDIUM,0.7267440676066707,0.36,0.65,0.43521963290166765,LOW PRIORITY,0.6682400213226255,12,0.7778597161888646,0.8608765329151924,19047,0
LOC_017,2024-06-01,MEGHALAYA,0.44245043,0.21008405,MEDIUM,0.7963859462882121,0.36,0.8141666666666667,0.47725510657205306,MEDIUM PRIORITY,0.8579354299402558,2,0.8396343125225074,0.554640709356752,19047,0
LOC_017,2024-07-01,MEGHALAYA,0.77402735,0.30434778,MEDIUM,0.7303621773224471,0.36,0.5220833333333333,0.45464215633061184,MEDIUM PRIORITY,0.9135030352845006,13,0.657485814895459,0.7837931924431625,19047,0
LOC_017,2024-08-01,MEGHALAYA,0.14465694,0.17073171,MEDIUM,0.8451735426769826,0.36,0.505625,0.42742981966924565,LOW PRIORITY,0.8591319137028572,5,0.9157377832468444,0.7724911404248952,19047,0
LOC_017,2024-09-01,MEGHALAYA,0.0030406252,0.013333334,LOW,0.673842550860697,0.36,0.8220833333333333,0.3691064713151742,LOW PRIORITY,0.6906572111246408,7,0.6448193649959534,0.5932269606555272,19047,0
LOC_017,2024-10-01,MEGHALAYA,0.00055981416,0.0,LOW,0.6765335160294768,0.36,0.505625,0.3169771290073692,LOW PRIORITY,0.7450678737651758,4,0.5932102228792793,0.5011893008067854,19047,0
LOC_017,2024-11-01,MEGHALAYA,0.0012962495,0.0,LOW,0.6907729710708865,0.36,0.505625,0.32053699276772163,LOW PRIORITY,0.7150561727359479,12,0.8712141518640302,0.576821559683568,19047,0
LOC_018,2024-01-01,ARUNACHAL_PRADESH,0.0004574742,0.0,LOW,0.7841295593726516,0.2,0.6051041666666667,0.3267980148431629,LOW PRIORITY,0.6111990971282507,5,0.9883517270004176,0.7036340800286047,10474,0
LOC_018,2024-02-01,ARUNACHAL_PRADESH,0.0013285999,0.0,LOW,0.8208860575142118,0.2,0.505625,0.321065264378553,LOW PRIORITY,0.8030663677219405,1,0.5504634875142422,0.963347708153998,10474,0
LOC_018,2024-03-01,ARUNACHAL_PRADESH,0.0008244421,0.0,LOW,0.6516160058216791,0.2,0.5759375,0.2892946264554198,LOW PRIORITY,0.8133762731415743,10,0.5813201431860472,0.545100940292428,10474,0
LOC_018,2024-04-01,ARUNACHAL_PRADESH,0.07401316,0.06422018,LOW,0.7391415114187119,0.2,0.8440624999999999,0.37708282485467803,LOW PRIORITY,0.8483850458525517,7,0.5824331893382653,0.7590811438173637,10474,0
LOC_018,2024-05-01,ARUNACHAL_PRADESH,0.3593326,0.19565217,MEDIUM,0.7461964105121016,0.2,0.6902083333333333,0.40834122062802536,LOW PRIORITY,0.948246336401241,1,0.523280153057601,0.5465924859228977,10474,0
LOC_018,2024-06-01,ARUNACHAL_PRADESH,0.728416,0.28735632,MEDIUM,0.7612839101430298,0.2,0.505625,0.42110725553575745,LOW PRIORITY,0.6707823642851375,3,0.5347544586671219,0.9395988176198596,10474,0
LOC_018,2024-07-01,ARUNACHAL_PRADESH,0.22696769,0.1780822,MEDIUM,0.6800998728459249,0.2,0.7594791666666667,0.39517972321148126,LOW PRIORITY,0.6316041080827383,12,0.6749977665821593,0.8137976167188019,10474,0
LOC_018,2024-08-01,ARUNACHAL_PRADESH,0.0693866,0.06422018,LOW,0.7536878657027649,0.2,0.505625,0.32995378842569123,LOW PRIORITY,0.6731296158562786,3,0.8709607272356796,0.5706611197191015,10474,0
LOC_018,2024-09-01,ARUNACHAL_PRADESH,0.0030274652,0.013333335,LOW,0.9288127728706985,0.2,0.6554166666666666,0.37584902721767466,LOW PRIORITY,0.9450960174631364,4,0.9815759063028168,0.921912501050174,10474,0
LOC_018,2024-10-01,ARUNACHAL_PRADESH,0.0016947468,0.0,LOW,0.6560024233546684,0.2,0.5529166666666667,0.28693810583866713,LOW PRIORITY,0.6081276195420902,13,0.5862319334259413,0.8629834737839761,10474,0
LOC_018,2024-11-01,ARUNACHAL_PRADESH,0.0044278293,0.013333334,LOW,0.7204746162031073,0.2,0.6327083333333333,0.3203582376507768,LOW PRIORITY,0.7673618638985801,6,0.6321429792887736,0.6823936216250759,10474,0
LOC_019,2024-01-01,MANIPUR,0.005108436,0.013333334,LOW,0.8211299624872288,0.165,0.683125,0.34608457422180716,LOW PRIORITY,0.7179294464085815,1,0.6786646297110354,0.9212591071626316,8994,0
LOC_019,2024-02-01,MANIPUR,0.002005154,0.0,LOW,0.820913180440713,0.165,0.6870833333333334,0.34129079511017824,LOW PRIORITY,0.932439099807826,4,0.9779603459297614,0.5065866093585979,8994,0
LOC_019,2024-03-01,MANIPUR,0.0005643484,0.0,LOW,0.7938865257991942,0.165,0.5770833333333334,0.31803413144979853,LOW PRIORITY,0.8834247057143927,12,0.7558720062839323,0.9362493911984516,8994,0
LOC_019,2024-04-01,MANIPUR,0.21173772,0.1780822,MEDIUM,0.7788021824798803,0.165,0.6330208333333334,0.39388655061997,LOW PRIORITY,0.6319433181573058,7,0.9012882993728828,0.8153104457226659,8994,1
LOC_019,2024-05-01,MANIPUR,0.3862005,0.21008404,MEDIUM,0.7134935806049281,0.165,0.9670833333333333,0.440469511151232,LOW PRIORITY,0.6085700595339443,9,0.9766010393765524,0.5688032235092155,8994,0
LOC_019,2024-06-01,MANIPUR,0.6525392,0.28735632,MEDIUM,0.6394606517413649,0.165,0.505625,0.3836514409353412,LOW PRIORITY,0.719375250754046,10,0.6526454149157819,0.5191552746289652,8994,0
LOC_019,2024-07-01,MANIPUR,0.32471803,0.1780822,MEDIUM,0.6607570197709816,0.165,0.6807291666666666,0.37153150994274536,LOW PRIORITY,0.7737250693580823,10,0.5225177486532593,0.6801185944059176,8994,0
LOC_019,2024-08-01,MANIPUR,0.016046327,0.037974678,LOW,0.8063548424104527,0.165,0.505625,0.3256223318026132,LOW PRIORITY,0.7847863421801677,2,0.8883254774719722,0.6189742166563372,8994,0
LOC_019,2024-09-01,MANIPUR,0.0005721383,0.0,LOW,0.8034087284742061,0.165,0.8777083333333333,0.36550843211855155,LOW PRIORITY,0.8935591060588572,8,0.9343168971385184,0.6524255773661153,8994,0
LOC_019,2024-10-01,MANIPUR,0.0013837261,0.0,LOW,0.7270684226691608,0.165,0.505625,0.2906108556672902,LOW PRIORITY,0.749680296898858,1,0.6250777059601831,0.5668490211509355,8994,0
LOC_019,2024-11-01,MANIPUR,0.0076151974,0.037974678,LOW,0.6855606952450181,0.165,0.5570833333333334,0.30314254501125454,LOW PRIORITY,0.8318210758595126,11,0.6106386433882253,0.6664497283990012,8994,0
LOC_020,2024-01-01,ARUNACHAL_PRADESH,0.016736353,0.03797468,LOW,0.8501925378095879,0.905,0.7039583333333334,0.514331756452397,MEDIUM PRIORITY,0.6859645078949179,5,0.9905833248276894,0.8908889851824109,45417,0
LOC_020,2024-02-01,ARUNACHAL_PRADESH,0.00022379501,0.0,LOW,0.7568820411262133,0.905,0.505625,0.4460642602815533,LOW PRIORITY,0.6536077182983034,7,0.6413935812356989,0.965860198304184,45417,0
LOC_020,2024-03-01,ARUNACHAL_PRADESH,0.004710498,0.013333334,LOW,0.8732609675257548,0.905,0.77625,0.5210860754814387,MEDIUM PRIORITY,0.8434289803493369,9,0.9703618549441142,0.9792530348095684,45417,0
LOC_020,2024-04-01,ARUNACHAL_PRADESH,0.08635525,0.11764706,MEDIUM,0.8130441755153685,0.905,0.505625,0.5071636178788421,MEDIUM PRIORITY,0.7832873019950544,4,0.8264711926110275,0.7757515407887254,45417,0
LOC_020,2024-05-01,ARUNACHAL_PRADESH,0.7484468,0.28735632,MEDIUM,0.787054647542146,0.905,0.8461458333333334,0.6196280648855365,MEDIUM PRIORITY,0.955674764554058,9,0.7547257269598878,0.7378180986546383,45417,0
LOC_020,2024-06-01,ARUNACHAL_PRADESH,0.56603396,0.2653061,MEDIUM,0.8743166329041214,0.905,0.6777083333333334,0.6073578482260303,MEDIUM PRIORITY,0.6678906890767509,3,0.983408212919892,0.9459676296198428,45417,1
LOC_020,2024-07-01,ARUNACHAL_PRADESH,0.053430397,0.06422018,LOW,0.6815035483607514,0.905,0.9930208333333334,0.5260170840901879,MEDIUM PRIORITY,0.7241153151026101,8,0.5274234784633344,0.7411420665437276,45417,0
LOC_020,2024-08-01,ARUNACHAL_PRADESH,0.26336297,0.1780822,MEDIUM,0.7347544874146639,0.905,0.505625,0.511765251853666,MEDIUM PRIORITY,0.7065034722051033,9,0.6608043480131192,0.8717101294404331,45417,0
LOC_020,2024-09-01,ARUNACHAL_PRADESH,0.00096257986,0.0,LOW,0.7189279137750839,0.905,0.7477083333333333,0.47288822844377104,MEDIUM PRIORITY,0.6165131312022003,6,0.8410465853617748,0.6181519385363606,45417,0
LOC_020,2024-10-01,ARUNACHAL_PRADESH,0.0040183766,0.013333334,LOW,0.6479538438988084,0.905,0.505625,0.4241655445747021,LOW PRIORITY,0.7253498913124271,9,0.6297826545925367,0.5366828296902701,45417,0
LOC_020,2024-11-01,ARUNACHAL_PRADESH,0.0013136395,0.0,LOW,0.7190995838262857,0.905,0.505625,0.4366186459565714,LOW PRIORITY,0.7542163315685889,10,0.8312049261763881,0.6243104108934989,45417,0
LOC_021,2024-01-01,ASSAM,0.0003434886,0.0,LOW,0.7493302768496095,0.515,0.8013541666666666,0.4105356942124023,LOW PRIORITY,0.9775098702441484,13,0.8157464222362213,0.6373981482514015,25548,0
LOC_021,2024-02-01,ASSAM,0.0044200756,0.013333335,LOW,0.8713845676588925,0.515,0.505625,0.4020232259147231,LOW PRIORITY,0.9418158336174848,1,0.7467747451216157,0.830281025229803,25548,0
LOC_021,2024-03-01,ASSAM,0.0010665394,0.0,LOW,0.9043672632307482,0.515,0.7105208333333333,0.43566994080768706,LOW PRIORITY,0.9933990986796916,5,0.8985457419490401,0.8921908789609279,25548,0
LOC_021,2024-04-01,ASSAM,0.23593536,0.1780822,MEDIUM,0.608345601527174,0.515,0.6366666666666667,0.4218192803817935,LOW PRIORITY,0.6501188774771894,9,0.5745755468008777,0.5086879818306285,25548,0
LOC_021,2024-05-01,ASSAM,0.4359243,0.21008405,MEDIUM,0.7853887059482979,0.515,0.505625,0.45922454648707445,MEDIUM PRIORITY,0.721736433681569,3,0.7014387933768466,0.8183795967347761,25548,0
LOC_021,2024-06-01,ASSAM,0.3894235,0.21008405,MEDIUM,0.7466931349353334,0.515,0.885,0.5064569037338333,MEDIUM PRIORITY,0.74423881326103,2,0.7003890154440038,0.6088113777029662,25548,0
LOC_021,2024-07-01,ASSAM,0.2890581,0.1780822,MEDIUM,0.7632814300305458,0.515,0.6986458333333333,0.4698501125076364,MEDIUM PRIORITY,0.9412322156720868,3,0.5902474660419563,0.6216460384081404,25548,0
LOC_021,2024-08-01,ASSAM,0.5393786,0.22608775,MEDIUM,0.8559054078222635,0.515,0.505625,0.4832552019555659,MEDIUM PRIORITY,0.6864544633917296,1,0.7991846142617683,0.9713158869688896,25548,0
LOC_021,2024-09-01,ASSAM,0.0024747858,0.0,LOW,0.7497264014060837,0.515,0.6051041666666667,0.38119722535152095,LOW PRIORITY,0.6763409885176336,12,0.9779157263610644,0.744648890745637,25548,0
LOC_021,2024-10-01,ASSAM,0.0019417087,0.0,LOW,0.860507903518724,0.515,0.7254166666666666,0.42693947587968095,LOW PRIORITY,0.9558817807154047,2,0.7755192251093911,0.777297274916767,25548,0
LOC_021,2024-11-01,ASSAM,0.0021168967,0.0,LOW,0.8163241701438217,0.515,0.505625,0.38292479253595546,LOW PRIORITY,0.957628832121366,10,0.71239486874836,0.9286063130388944,25548,0
LOC_022,2024-01-01,ASSAM,0.0029403206,0.013333334,LOW,0.7920004467005903,0.09,0.5422916666666666,0.3026771952751476,LOW PRIORITY,0.9881532560188158,7,0.7395464738677344,0.6736353902491445,5931,0
LOC_022,2024-02-01,ASSAM,0.0033963071,0.013333334,LOW,0.7767112344668536,0.09,0.5454166666666667,0.29932364221671337,LOW PRIORITY,0.9391409076148504,11,0.9345647171477895,0.5998059797714412,5931,0
LOC_022,2024-03-01,ASSAM,0.004780165,0.013333334,LOW,0.7480877152434259,0.09,0.624375,0.30401151241085644,LOW PRIORITY,0.6361308031134709,3,0.6527200661877035,0.8034999916725292,5931,0
LOC_022,2024-04-01,ASSAM,0.009983994,0.037974678,LOW,0.7483593103937467,0.09,0.5422916666666666,0.30162344879843667,LOW PRIORITY,0.7619767633131203,2,0.624903400631319,0.6732237442972144,5931,0
LOC_022,2024-05-01,ASSAM,0.07273245,0.06422018,LOW,0.8191053698925969,0.09,0.586875,0.3364956644731492,LOW PRIORITY,0.7755936655587381,8,0.791625632168258,0.975868848510058,5931,0
LOC_022,2024-06-01,ASSAM,0.6749885,0.28735632,MEDIUM,0.8378577029322839,0.09,0.6876041666666667,0.445547578733071,LOW PRIORITY,0.909377650806551,3,0.6158131558502458,0.9262400050723388,5931,0
LOC_022,2024-07-01,ASSAM,0.55006903,0.2352941,MEDIUM,0.7961599383283857,0.09,0.505625,0.38700137458209644,LOW PRIORITY,0.6675862098686928,7,0.8705178741083408,0.8798690026698428,5931,0
LOC_022,2024-08-01,ASSAM,0.071518116,0.06422018,LOW,0.7781908346455577,0.09,0.6231249999999999,0.3317045306613894,LOW PRIORITY,0.9641757268591036,9,0.8202366251566227,0.6283509865665047,5931,0
LOC_022,2024-09-01,ASSAM,0.004700335,0.013333334,LOW,0.6946187234092227,0.09,0.6984375,0.30175363945230566,LOW PRIORITY,0.76451638147632,10,0.5056085781648497,0.8416832673290542,5931,0
LOC_022,2024-10-01,ASSAM,0.0012452442,0.0,LOW,0.6809232439862515,0.09,0.5520833333333333,0.27104331099656287,LOW PRIORITY,0.8167178525081537,12,0.5838544425859356,0.7231206808509165,5931,0
LOC_022,2024-11-01,ASSAM,0.0022859625,0.0,LOW,0.758524589542344,0.09,0.505625,0.283474897385586,LOW PRIORITY,0.7527467389046495,6,0.8655700198766747,0.6157815993880522,5931,0
LOC_023,2024-01-01,MIZORAM,0.00044023574,0.0,LOW,0.796305085021445,0.715,0.505625,0.4179200212553612,LOW PRIORITY,0.95957103490037,3,0.7771752436311891,0.5484740615542213,35698,0
LOC_023,2024-02-01,MIZORAM,0.006151176,0.03797468,LOW,0.7870422352406794,0.715,0.5770833333333334,0.44151293081016985,LOW PRIORITY,0.7424925302498946,8,0.9593949962938036,0.7129480810856859,35698,0
LOC_023,2024-03-01,MIZORAM,0.0010319916,0.0,LOW,0.7011348082373294,0.715,0.7323958333333334,0.4281430770593323,LOW PRIORITY,0.6319590447579014,13,0.6323484414189,0.9735650801058492,35698,0
LOC_023,2024-04-01,MIZORAM,0.42072532,0.21008404,MEDIUM,0.615776679648698,0.715,0.6263541666666667,0.47493091091217443,MEDIUM PRIORITY,0.6071271377881181,12,0.7121544010520817,0.5438251797545921,35698,0
LOC_023,2024-05-01,MIZORAM,0.26096997,0.1780822,MEDIUM,0.7737243633390041,0.715,0.8314583333333333,0.532382720834751,MEDIUM PRIORITY,0.8066015506310525,1,0.6208573188404921,0.700771917217805,35698,1
LOC_023,2024-06-01,MIZORAM,0.5846535,0.26530612,MEDIUM,0.7016038206966604,0.715,0.9516666666666667,0.5672734031741651,MEDIUM PRIORITY,0.8993363658582134,13,0.5624111122005993,0.7780011380611626,35698,0
LOC_023,2024-07-01,MIZORAM,0.028908297,0.057142854,LOW,0.8643331260701714,0.715,0.505625,0.4577841731175428,MEDIUM PRIORITY,0.897293813440498,6,0.9376392248954584,0.8223994659447296,35698,0
LOC_023,2024-08-01,MIZORAM,0.14991975,0.17073171,MEDIUM,0.8447457948814412,0.715,0.7208333333333333,0.5306041327203603,MEDIUM PRIORITY,0.9920029510216544,2,0.884860145054706,0.5687867501160713,35698,0
LOC_023,2024-09-01,MIZORAM,0.0035706141,0.013333334,LOW,0.8252025382614927,0.715,0.6327083333333333,0.44954021816537315,LOW PRIORITY,0.7236815277497936,1,0.9201003279541542,0.6903616306753559,35698,0
LOC_023,2024-10-01,MIZORAM,0.0010840306,0.0,LOW,0.7546127184823482,0.715,0.505625,0.40749692962058703,LOW PRIORITY,0.7949912972609037,5,0.5294333037806378,0.8606929395545178,35698,0
LOC_023,2024-11-01,MIZORAM,0.0006309367,0.0,LOW,0.792889474853113,0.715,0.5770833333333334,0.42778486871327825,LOW PRIORITY,0.9645406010195408,10,0.860137789891426,0.6802128418348182,35698,0
LOC_024,2024-01-01,TRIPURA,0.004076103,0.013333334,LOW,0.7372344129622657,0.955,0.7197916666666666,0.4886106868405664,MEDIUM PRIORITY,0.636472077020742,9,0.8182452419406168,0.7942203328877038,48011,0
LOC_024,2024-02-01,TRIPURA,0.0007392305,0.0,LOW,0.7391151385943212,0.955,0.505625,0.45162253464858026,MEDIUM PRIORITY,0.7671748991002127,12,0.8892336379886061,0.7000520172884661,48011,0
LOC_024,2024-03-01,TRIPURA,0.0027110118,0.013333334,LOW,0.7796677092034638,0.955,0.5439583333333333,0.4728440109008659,MEDIUM PRIORITY,0.9582611383424244,5,0.6449469331035711,0.6821294320345264,48011,0
LOC_024,2024-04-01,TRIPURA,0.23921402,0.1780822,MEDIUM,0.6673815675217099,0.955,0.7554166666666666,0.5423907718804275,MEDIUM PRIORITY,0.617102074208807,6,0.6064467024086475,0.6459774934693847,48011,0
LOC_024,2024-05-01,TRIPURA,0.5829922,0.26530612,MEDIUM,0.7362130826788635,0.955,0.505625,0.5570194686697159,MEDIUM PRIORITY,0.8338958397451981,10,0.8826718778479585,0.5616179464556306,48011,0
LOC_024,2024-06-01,TRIPURA,0.6928738,0.28735632,MEDIUM,0.740004750291452,0.955,0.7788541666666666,0.6077718405728629,MEDIUM PRIORITY,0.6188695297577446,6,0.8658596442803415,0.6752898271277219,48011,0
LOC_024,2024-07-01,TRIPURA,0.07903831,0.10585823,MEDIUM,0.7790529667320831,0.955,0.65,0.5256065336830208,MEDIUM PRIORITY,0.6782245434966003,2,0.6438234856356715,0.8608305044627271,48011,0
LOC_024,2024-08-01,TRIPURA,0.028378474,0.057142857,LOW,0.7834768343033244,0.955,0.7221875,0.5180544763758311,MEDIUM PRIORITY,0.7926794193812765,3,0.866811962066302,0.5744159557657189,48011,0
LOC_024,2024-09-01,TRIPURA,0.010263287,0.037974678,LOW,0.8607609384171861,0.955,0.6051041666666667,0.5121457308042965,MEDIUM PRIORITY,0.9881318305119112,5,0.6520634674121808,0.9695151224113192,48011,0
LOC_024,2024-10-01,TRIPURA,0.012610971,0.03797468,LOW,0.6241793071574735,0.955,0.6051041666666667,0.4530003237893684,MEDIUM PRIORITY,0.7175585942669143,13,0.6159375847852486,0.5965543829110642,48011,0
LOC_024,2024-11-01,TRIPURA,0.0004834577,0.0,LOW,0.8990366384959463,0.955,0.8029166666666667,0.5361966596239865,MEDIUM PRIORITY,0.9632153246681128,1,0.903130693345132,0.7631338693038734,48011,0
LOC_025,2024-01-01,MEGHALAYA,0.004617304,0.013333334,LOW,0.811548247500562,0.485,0.505625,0.38106414547514045,LOW PRIORITY,0.6833257203485386,9,0.9623661815276788,0.90050108812603,24078,0
LOC_025,2024-02-01,MEGHALAYA,0.000263558,0.0,LOW,0.8175243232695323,0.485,0.505625,0.37722483081738306,LOW PRIORITY,0.865258372410199,5,0.5853936127747716,0.986111974559825,24078,0
LOC_025,2024-03-01,MEGHALAYA,0.0020314492,0.0,LOW,0.8158498774272451,0.485,0.7552083333333333,0.41424371935681126,LOW PRIORITY,0.9896550479569024,7,0.8032901892683311,0.7037876058170802,24078,0
LOC_025,2024-04-01,MEGHALAYA,0.051568884,0.06422018,LOW,0.7465271476914402,0.485,0.7378125,0.41999173392286004,LOW PRIORITY,0.8284250514725267,4,0.7160826618579287,0.574934210768639,24078,0
LOC_025,2024-05-01,MEGHALAYA,0.2716926,0.1780822,MEDIUM,0.8228469205061975,0.485,0.5770833333333334,0.4605071101265493,MEDIUM PRIORITY,0.8857516692722893,1,0.883660062011159,0.5553092840746747,24078,0
LOC_025,2024-06-01,MEGHALAYA,0.6491419,0.28735632,MEDIUM,0.8879468716083545,0.485,0.7418750000000001,0.5452104959020886,MEDIUM PRIORITY,0.9663522898905744,6,0.8000754764374729,0.9853597201053704,24078,0
LOC_025,2024-07-01,MEGHALAYA,0.3683843,0.2,MEDIUM,0.6973067964308166,0.485,0.5505208333333333,0.4339048241077042,LOW PRIORITY,0.6618462734797874,10,0.9604655880502506,0.5002486575265616,24078,0
LOC_025,2024-08-01,MEGHALAYA,0.029867606,0.05714286,LOW,0.8492362438013329,0.485,0.5770833333333334,0.4187287049503332,LOW PRIORITY,0.6493980557124938,4,0.8884499624606266,0.9924302903655444,24078,0
LOC_025,2024-09-01,MEGHALAYA,0.003015305,0.013333334,LOW,0.7896677611917142,0.485,0.7324999999999999,0.4096252738979285,LOW PRIORITY,0.8982216748645562,8,0.8795857010700219,0.6475303354989455,24078,0
LOC_025,2024-10-01,MEGHALAYA,0.0017391358,0.0,LOW,0.7575885372828753,0.485,0.505625,0.3622408843207188,LOW PRIORITY,0.8661412616981505,12,0.73337261015946,0.8308402772738905,24078,0
LOC_025,2024-11-01,MEGHALAYA,0.00065579475,0.0,LOW,0.6515460172261632,0.485,0.505625,0.3357302543065408,LOW PRIORITY,0.7030420818147586,12,0.6257492307306614,0.6773927563592328,24078,0
LOC_026,2024-01-01,SIKKIM,0.0042661317,0.013333334,LOW,0.7967393169255084,0.335,0.531875,0.3512994128313771,LOW PRIORITY,0.7088199911821366,2,0.7201331714558901,0.8246707717306734,17646,0
LOC_026,2024-02-01,SIKKIM,0.0004992157,0.0,LOW,0.7449293256530242,0.335,0.505625,0.32907608141325606,LOW PRIORITY,0.6189300227870594,5,0.5470806110898652,0.9803733354018382,17646,0
LOC_026,2024-03-01,SIKKIM,0.0008549914,0.0,LOW,0.7580130872263111,0.335,0.7359375,0.3668938968065778,LOW PRIORITY,0.7295106971960584,8,0.8859929064103442,0.6832154119655083,17646,0
LOC_026,2024-04-01,SIKKIM,0.24242531,0.1780822,MEDIUM,0.8300938409665415,0.335,0.505625,0.42160009024163536,LOW PRIORITY,0.8239607721641512,5,0.8242042670859293,0.838876991282752,17646,0
LOC_026,2024-05-01,SIKKIM,0.18347242,0.1780822,MEDIUM,0.7753339155451209,0.335,0.878125,0.4637851088862802,MEDIUM PRIORITY,0.8702866975702408,9,0.8341475925139923,0.6969013720962507,17646,1
LOC_026,2024-06-01,SIKKIM,0.26492745,0.1780822,MEDIUM,0.7982543369597839,0.335,0.7497916666666666,0.450265214239946,MEDIUM PRIORITY,0.7849508927621234,2,0.8388433295085449,0.6358897922351341,17646,0
LOC_026,2024-07-01,SIKKIM,0.48324302,0.21008405,MEDIUM,0.6445391939634874,0.335,0.505625,0.38801216849087183,LOW PRIORITY,0.7243016987433364,5,0.5148379333299524,0.5056838104473271,17646,1
LOC_026,2024-08-01,SIKKIM,0.72869235,0.28735632,MEDIUM,0.7426817669904004,0.335,0.9083333333333334,0.5038629697476001,MEDIUM PRIORITY,0.830844095386288,6,0.613858028587402,0.7260249439879123,17646,0
LOC_026,2024-09-01,SIKKIM,0.0056913523,0.013333333,LOW,0.7238616734938117,0.335,0.505625,0.32914250157345293,LOW PRIORITY,0.7318698778370197,6,0.710950302709106,0.6526265134291213,17646,0
LOC_026,2024-10-01,SIKKIM,0.0021349206,0.0,LOW,0.6986822066757569,0.335,0.5623958333333333,0.3260299266689392,LOW PRIORITY,0.6919991310682314,11,0.6171079215515367,0.8522884407499263,17646,0
LOC_026,2024-11-01,SIKKIM,0.00087867136,0.0,LOW,0.8868952350904871,0.335,0.505625,0.36456755877262176,LOW PRIORITY,0.8355164162037984,7,0.9654822850710536,0.9799155724204298,17646,0
LOC_027,2024-01-01,ASSAM,0.0049460116,0.013333334,LOW,0.6742179738647148,0.43,0.53625,0.3403253270661787,LOW PRIORITY,0.6287623482026122,12,0.7110905973202298,0.7570189499360171,21932,0
LOC_027,2024-02-01,ASSAM,0.0022870295,0.0,LOW,0.7594432181866496,0.43,0.7657291666666667,0.3907201795466624,LOW PRIORITY,0.8485970193249953,11,0.6827750764535487,0.8730674436347212,21932,0
LOC_027,2024-03-01,ASSAM,0.005118683,0.013333334,LOW,0.718395476741057,0.43,0.505625,0.34677595278526424,LOW PRIORITY,0.7037627284161201,9,0.8282578875969668,0.6415612909511408,21932,0
LOC_027,2024-04-01,ASSAM,0.81936634,0.3043478,MEDIUM,0.7167665343512286,0.43,0.7233333333333334,0.4954307535878072,MEDIUM PRIORITY,0.6015678347441044,8,0.5599091719509179,0.9722557973765588,21932,0
LOC_027,2024-05-01,ASSAM,0.54748046,0.23529412,MEDIUM,0.8348747470524713,0.43,0.5608333333333333,0.47296133476311786,MEDIUM PRIORITY,0.6138517650225958,1,0.7899033868831962,0.969077169637427,21932,0
LOC_027,2024-06-01,ASSAM,0.7114043,0.28735632,MEDIUM,0.7457593211870535,0.43,0.686875,0.4904136082967634,MEDIUM PRIORITY,0.6991796153328854,2,0.771146533218567,0.5793778028634282,21932,0
LOC_027,2024-07-01,ASSAM,0.2766111,0.1780822,MEDIUM,0.7651636212567636,0.43,0.8010416666666667,0.4686800353141909,MEDIUM PRIORITY,0.8549089104806693,10,0.8679675707371894,0.6711113371425288,21932,0
LOC_027,2024-08-01,ASSAM,0.035913974,0.057142854,LOW,0.8103128925773012,0.43,0.7326041666666667,0.42132598974432534,LOW PRIORITY,0.7626741050447118,1,0.6616060574310456,0.8503047411667807,21932,1
LOC_027,2024-09-01,ASSAM,0.00040846772,0.0,LOW,0.7032832562788962,0.43,0.6327083333333333,0.3567270640697241,LOW PRIORITY,0.7793656539385468,8,0.5855163231218496,0.7149177147218548,21932,0
LOC_027,2024-10-01,ASSAM,0.00056118023,0.0,LOW,0.7775739082642188,0.43,0.6327083333333333,0.37529972706605474,LOW PRIORITY,0.9578621805207372,9,0.5060231924667984,0.9464102600693396,21932,0
LOC_027,2024-11-01,ASSAM,0.0018212472,0.0,LOW,0.823649063654627,0.43,0.5789583333333334,0.37875601591365676,LOW PRIORITY,0.9843786153194628,1,0.7195522387500901,0.6239987338822883,21932,0
LOC_028,2024-01-01,TRIPURA,0.0032393902,0.013333334,LOW,0.7995981325068938,0.275,0.505625,0.33607661672672345,LOW PRIORITY,0.660958250715095,3,0.8951995411418284,0.7422347381706518,13183,0
LOC_028,2024-02-01,TRIPURA,0.005003331,0.013333334,LOW,0.7845830108652205,0.275,0.5883333333333334,0.3447290863163051,LOW PRIORITY,0.7381090514726403,13,0.9174717553709124,0.9160845699506632,13183,0
LOC_028,2024-03-01,TRIPURA,0.0026583818,0.013333334,LOW,0.8221136713173564,0.275,0.7108333333333334,0.3724867514293391,LOW PRIORITY,0.992527119293213,7,0.633726165768095,0.8955347335414506,13183,0
LOC_028,2024-04-01,TRIPURA,0.17074937,0.1780822,MEDIUM,0.6960096425780298,0.275,0.7794791666666667,0.41715716564450744,LOW PRIORITY,0.6030139262846282,8,0.798793389134627,0.6488979215595304,13183,0
LOC_028,2024-05-01,TRIPURA,0.4559018,0.21008402,MEDIUM,0.584838130150411,0.275,0.6051041666666667,0.37600876553760276,LOW PRIORITY,0.6489165910414002,13,0.565993372136685,0.5577758907568919,13183,1
LOC_028,2024-06-01,TRIPURA,0.875846,0.3043478,MEDIUM,0.7040719132908552,0.275,0.8992708333333334,0.4876477233227138,MEDIUM PRIORITY,0.851500596227277,12,0.6413630987450866,0.7234239581910571,13183,0
LOC_028,2024-07-01,TRIPURA,0.28323898,0.1780822,MEDIUM,0.8112522418510563,0.275,0.6705208333333333,0.4296240654627641,LOW PRIORITY,0.6882924285236898,3,0.6958280102514636,0.960888528629072,13183,0
LOC_028,2024-08-01,TRIPURA,0.09483663,0.11764707,MEDIUM,0.7276196880575918,0.275,0.505625,0.35980750001439793,LOW PRIORITY,0.692270622155331,5,0.5779089537202268,0.8069658430214761,13183,0
LOC_028,2024-09-01,TRIPURA,0.0006222537,0.0,LOW,0.7075923318213609,0.275,0.8972916666666667,0.36649183295534027,LOW PRIORITY,0.6445463317519745,12,0.6392545328031726,0.9465684627302964,13183,0
LOC_028,2024-10-01,TRIPURA,0.0009814159,0.0,LOW,0.7551320412707271,0.275,0.505625,0.3196267603176818,LOW PRIORITY,0.735541920795179,1,0.6221764463852937,0.6961431312357689,13183,0
LOC_028,2024-11-01,TRIPURA,0.003197069,0.013333334,LOW,0.8438766703302787,0.275,0.7976041666666667,0.39094312618256966,LOW PRIORITY,0.8716447610960647,2,0.5961935112928192,0.9743350755988972,13183,0
LOC_029,2024-01-01,NAGALAND,0.00064386294,0.0,LOW,0.7791468579766629,0.33,0.505625,0.3366304644941657,LOW PRIORITY,0.6578360818523009,7,0.7581917748789018,0.9338929085087826,17482,0
LOC_029,2024-02-01,NAGALAND,0.009412354,0.037974678,LOW,0.6656258459632368,0.33,0.7188541666666667,0.3554244576908092,LOW PRIORITY,0.820488364273162,11,0.5379020047499183,0.6707796814965334,17482,0
LOC_029,2024-03-01,NAGALAND,0.0040673767,0.013333334,LOW,0.6809056396059652,0.33,0.5422916666666666,0.3229034935014913,LOW PRIORITY,0.621756343555644,13,0.5365985028073368,0.9986010453942136,17482,0
LOC_029,2024-04-01,NAGALAND,0.08102816,0.11764706,MEDIUM,0.8280016922217224,0.33,0.6327083333333333,0.4149654970554306,LOW PRIORITY,0.7760355737086424,6,0.9000582731214306,0.8359129220568168,17482,0
LOC_029,2024-05-01,NAGALAND,0.43874273,0.21008405,MEDIUM,0.744835988036006,0.33,0.6077083333333333,0.42739886700900154,LOW PRIORITY,0.6633350022158203,10,0.8174199714365591,0.8319223118249778,17482,0
LOC_029,2024-06-01,NAGALAND,0.60957557,0.26530612,MEDIUM,0.7738666810173914,0.33,0.7733333333333333,0.48158911825434786,MEDIUM PRIORITY,0.8306135407273939,4,0.6378567750553641,0.7603297416201408,17482,1
LOC_029,2024-07-01,NAGALAND,0.4192549,0.21008402,MEDIUM,0.7327912945666393,0.33,0.7545833333333334,0.44641893164165986,LOW PRIORITY,0.8443414112598863,9,0.5584291269795345,0.8283946400271363,17482,0
LOC_029,2024-08-01,NAGALAND,0.20433716,0.1780822,MEDIUM,0.8890868895420583,0.33,0.505625,0.43534835238551456,LOW PRIORITY,0.9872052897980392,2,0.7256675616202397,0.9101413734166208,17482,0
LOC_029,2024-09-01,NAGALAND,0.0009026488,0.0,LOW,0.8449072688631509,0.33,0.505625,0.3530705672157877,LOW PRIORITY,0.8744773006189497,9,0.9185506833151248,0.8866010915185291,17482,0
LOC_029,2024-10-01,NAGALAND,0.0027931079,0.013333334,LOW,0.8128733370095068,0.33,0.5422916666666666,0.3558954178523767,LOW PRIORITY,0.9007054549417078,4,0.8400421612199616,0.6440790652096913,17482,0
LOC_029,2024-11-01,NAGALAND,9.322253e-05,0.0,LOW,0.7276144646842103,0.33,0.505625,0.3237473661710526,LOW PRIORITY,0.7246051795476491,3,0.6600754066863295,0.6257772725028625,17482,0
LOC_030,2024-01-01,MANIPUR,0.007145241,0.037974678,LOW,0.7267788434490002,0.52,0.6392708333333333,0.3967752070622501,LOW PRIORITY,0.7442742141604669,12,0.9655202705824536,0.5973208890530802,25736,0
LOC_030,2024-02-01,MANIPUR,0.0021862867,0.0,LOW,0.7813666407742375,0.52,0.505625,0.37518541019355933,LOW PRIORITY,0.8584942333525465,8,0.6332769479429656,0.9003620484681041,25736,0
LOC_030,2024-03-01,MANIPUR,0.00035383843,0.0,LOW,0.6585592255391426,0.52,0.5770833333333334,0.35520230638478567,LOW PRIORITY,0.6120998936147712,10,0.6838941147728596,0.6715762271022726,25736,0
LOC_030,2024-04-01,MANIPUR,0.074187525,0.06422018,LOW,0.8729908405849777,0.52,0.505625,0.4237795321462444,LOW PRIORITY,0.84875870549836,5,0.862002304464089,0.9478690190441283,25736,0
LOC_030,2024-05-01,MANIPUR,0.1793063,0.17808218,MEDIUM,0.7697944865286155,0.52,0.7476041666666666,0.47982211863215385,MEDIUM PRIORITY,0.7887915737839297,3,0.6190621019786755,0.7713242703518567,25736,0
LOC_030,2024-06-01,MANIPUR,0.70668024,0.28735632,MEDIUM,0.675758198520649,0.52,0.7175,0.4955070776301622,MEDIUM PRIORITY,0.6033490389027507,8,0.7621759732671334,0.6041744485793785,25736,0
LOC_030,2024-07-01,MANIPUR,0.3338452,0.19565219,MEDIUM,0.7480743169482031,0.52,0.541875,0.4505607052370507,MEDIUM PRIORITY,0.8154047694416298,6,0.6769942936248474,0.6998982047263351,25736,1
LOC_030,2024-08-01,MANIPUR,0.013532301,0.03797468,LOW,0.8761704004031134,0.52,0.7991666666666666,0.4581074721007783,MEDIUM PRIORITY,0.9757663370035649,8,0.8748622417075482,0.9207196895680074,25736,0
LOC_030,2024-09-01,MANIPUR,0.0016776257,0.0,LOW,0.785693214918409,0.52,0.505625,0.37626705372960223,LOW PRIORITY,0.9246523509040208,13,0.7017522001879999,0.9497016419149488,25736,0
LOC_030,2024-10-01,MANIPUR,0.00031594737,0.0,LOW,0.760396253862978,0.52,0.7561458333333333,0.40752093846574455,LOW PRIORITY,0.7431528641733562,6,0.6009649404313535,0.8974672108472022,25736,0
LOC_030,2024-11-01,MANIPUR,0.0010616604,0.0,LOW,0.7699029308939981,0.52,0.505625,0.3723194827234995,LOW PRIORITY,0.6849233110242868,5,0.925446038010376,0.6359090412079962,25736,0
LOC_031,2024-01-01,TRIPURA,0.0012034395,0.0,LOW,0.8363269933860726,0.895,0.505625,0.4639254983465182,MEDIUM PRIORITY,0.7195148324768248,4,0.7941347479571566,0.9649917264436424,45064,0
LOC_031,2024-02-01,TRIPURA,0.00036751683,0.0,LOW,0.7693174053769958,0.895,0.6234375,0.46484497634424893,MEDIUM PRIORITY,0.9824325253518892,11,0.5130839152487409,0.9484198475740196,45064,0
LOC_031,2024-03-01,TRIPURA,0.00086007337,0.0,LOW,0.6689941897054762,0.895,0.6932291666666667,0.4502329224263691,MEDIUM PRIORITY,0.7142856715338017,5,0.5391059382914893,0.5892518156632804,45064,0
LOC_031,2024-04-01,TRIPURA,0.64570695,0.28735632,MEDIUM,0.8087807617004138,0.895,0.6788541666666666,0.5979658434251034,MEDIUM PRIORITY,0.8539763161759247,4,0.7635556753670335,0.7509243885920303,45064,0
LOC_031,2024-05-01,TRIPURA,0.42418724,0.21008404,MEDIUM,0.7655216504335447,0.895,0.7995833333333333,0.5743515286083862,MEDIUM PRIORITY,0.8708366056129538,10,0.6099417692813344,0.9146415601732234,45064,1
LOC_031,2024-06-01,TRIPURA,0.7997332,0.3043478,MEDIUM,0.7735041664410847,0.895,0.6933333333333334,0.5981151616102712,MEDIUM PRIORITY,0.787524694825821,10,0.8801394390834576,0.7596858651883936,45064,0
LOC_031,2024-07-01,TRIPURA,0.47986642,0.21008405,MEDIUM,0.7928959282372445,0.895,0.505625,0.5371013520593112,MEDIUM PRIORITY,0.8226410869441529,6,0.6725550892084307,0.8763875367963945,45064,1
LOC_031,2024-08-01,TRIPURA,0.03809601,0.06422018,LOW,0.6965261211896017,0.895,0.6902083333333333,0.4823508522974004,MEDIUM PRIORITY,0.6166876096048693,12,0.6281853438795707,0.9412315312739664,45064,0
LOC_031,2024-09-01,TRIPURA,0.004976753,0.013333334,LOW,0.7831771972055279,0.895,0.7464583333333333,0.49209638290138197,MEDIUM PRIORITY,0.8742436458013685,13,0.7365940447211952,0.9552044316328812,45064,0
LOC_031,2024-10-01,TRIPURA,0.0035612856,0.013333334,LOW,0.6931495992405251,0.895,0.505625,0.4334644834101313,LOW PRIORITY,0.9793598395346668,11,0.5910205559362853,0.5688846681578152,45064,0
LOC_031,2024-11-01,TRIPURA,0.0010795096,0.0,LOW,0.7968619768364112,0.895,0.6327083333333333,0.4731217442091028,MEDIUM PRIORITY,0.8603141720972824,3,0.6327990932827121,0.7943346419656505,45064,0
LOC_032,2024-01-01,NAGALAND,0.0022040734,0.0,LOW,0.6841572936541114,0.23,0.505625,0.2928830734135279,LOW PRIORITY,0.7017639037927821,9,0.6182595565195903,0.7166057143040727,11677,0
LOC_032,2024-02-01,NAGALAND,0.0005804656,0.0,LOW,0.6145822123675613,0.23,0.6741666666666666,0.3007705530918903,LOW PRIORITY,0.6445846268050034,7,0.5363566711858432,0.5107208848127318,11677,0
LOC_032,2024-03-01,NAGALAND,0.0050479546,0.013333334,LOW,0.7337704077337661,0.23,0.7045833333333333,0.34046343553344155,LOW PRIORITY,0.6294628352176258,2,0.8685812867894557,0.5037041755946492,11677,0
LOC_032,2024-04-01,NAGALAND,0.13602492,0.17073171,MEDIUM,0.8855894343126298,0.23,0.8389583333333333,0.4615337925781574,MEDIUM PRIORITY,0.9873770283627888,1,0.8819928597952049,0.7063211824258591,11677,0
LOC_032,2024-05-01,NAGALAND,0.8653663,0.3043478,MEDIUM,0.7852132561145493,0.23,0.5770833333333334,0.45060493402863727,MEDIUM PRIORITY,0.7947592536518873,9,0.7901537666982428,0.8559400041080674,11677,1
LOC_032,2024-06-01,NAGALAND,0.25666,0.1780822,MEDIUM,0.6672887794251514,0.23,0.7282291666666667,0.39328944985628783,LOW PRIORITY,0.6190952479158616,9,0.6439523265916671,0.706107543193077,11677,1
LOC_032,2024-07-01,NAGALAND,0.78458166,0.3043478,MEDIUM,0.8113957852162613,0.23,0.7532291666666666,0.4835724413040653,MEDIUM PRIORITY,0.9776900808739476,1,0.6768817075073145,0.6243446858171164,11677,0
LOC_032,2024-08-01,NAGALAND,0.09057658,0.11764706,MEDIUM,0.8222930828679726,0.23,0.6327083333333333,0.3935383447169931,LOW PRIORITY,0.8905513523211284,8,0.7411452741477962,0.9241423716696326,11677,0
LOC_032,2024-09-01,NAGALAND,0.0007547012,0.0,LOW,0.7894354015102967,0.23,0.7016666666666667,0.34860885037757416,LOW PRIORITY,0.8803326240725564,13,0.8827006920622891,0.8280416232396743,11677,0
LOC_032,2024-10-01,NAGALAND,0.0024913668,0.0,LOW,0.7772372218101421,0.23,0.5347916666666667,0.32052805545253554,LOW PRIORITY,0.7550096793475973,3,0.5355212282465811,0.91841797964639,11677,0
LOC_032,2024-11-01,NAGALAND,0.00013145203,0.0,LOW,0.7479861801729457,0.23,0.505625,0.30884029504323646,LOW PRIORITY,0.6662101493460867,10,0.8376398235724276,0.8214280811066013,11677,0
LOC_033,2024-01-01,SIKKIM,0.0015581079,0.0,LOW,0.7961422125454998,0.83,0.505625,0.4408793031363749,LOW PRIORITY,0.9647222645776083,8,0.7755805598431624,0.7109326924278951,41764,0
LOC_033,2024-02-01,SIKKIM,0.008664424,0.037974678,LOW,0.7476009756149713,0.83,0.8397916666666667,0.49405886510374286,MEDIUM PRIORITY,0.7311330233535246,5,0.5765794420696518,0.8493581037033753,41764,0
LOC_033,2024-03-01,SIKKIM,0.0010313464,0.0,LOW,0.8203853513514078,0.83,0.505625,0.44694008783785194,LOW PRIORITY,0.8970156833002563,7,0.9225281941706828,0.6953308612680256,41764,0
LOC_033,2024-04-01,SIKKIM,0.12328994,0.11764706,MEDIUM,0.810276800738342,0.83,0.7875,0.5337530241845855,MEDIUM PRIORITY,0.7628052664594632,1,0.8137294688670909,0.6979058009601471,41764,0
LOC_033,2024-05-01,SIKKIM,0.45103398,0.21008402,MEDIUM,0.7678527027114547,0.83,0.505625,0.5178405336778636,MEDIUM PRIORITY,0.759568149692673,4,0.9256489677744436,0.5195270267120352,41764,0
LOC_033,2024-06-01,SIKKIM,0.15302336,0.17073171,MEDIUM,0.6362941947144931,0.83,0.7286458333333333,0.5026631076786232,MEDIUM PRIORITY,0.8203579145817298,10,0.5332366820317138,0.5249155155778623,41764,0
LOC_033,2024-07-01,SIKKIM,0.74324113,0.28735632,MEDIUM,0.6817001707526014,0.83,0.7233333333333334,0.5598675706881504,MEDIUM PRIORITY,0.7129210705059383,9,0.7461094505898795,0.5677701619145873,41764,1
LOC_033,2024-08-01,SIKKIM,0.40637282,0.21008402,MEDIUM,0.7354432800973469,0.83,0.75125,0.5465819280243367,MEDIUM PRIORITY,0.9280434455246996,6,0.6810928237360434,0.5326368511286448,41764,1
LOC_033,2024-09-01,SIKKIM,0.0012195616,0.0,LOW,0.7409859282335161,0.83,0.5422916666666666,0.43259023205837904,LOW PRIORITY,0.99523856388113,13,0.8763694181946683,0.5256690641915993,41764,0
LOC_033,2024-10-01,SIKKIM,0.00058308366,0.0,LOW,0.7930227117217088,0.83,0.505625,0.4400994279304272,LOW PRIORITY,0.91663323853232,6,0.5187215803827614,0.9367360279717538,41764,0
LOC_033,2024-11-01,SIKKIM,0.00026274586,0.0,LOW,0.7198833555435455,0.83,0.6227083333333334,0.43937708888588645,LOW PRIORITY,0.8830216628960109,7,0.690310236466946,0.5395348561445586,41764,0
LOC_034,2024-01-01,MEGHALAYA,0.0005131412,0.0,LOW,0.6811538354143848,0.735,0.7203125,0.4253353338535962,LOW PRIORITY,0.6606421666829996,8,0.5684894535374455,0.7621503881037609,37212,0
LOC_034,2024-02-01,MEGHALAYA,0.0043361746,0.013333334,LOW,0.8096227924634907,0.735,0.505625,0.4305827817158726,LOW PRIORITY,0.7515513276791883,2,0.5569415137547001,0.9966649950867408,37212,0
LOC_034,2024-03-01,MEGHALAYA,0.0055309036,0.013333334,LOW,0.8369346771266708,0.735,0.65,0.4590670028816677,MEDIUM PRIORITY,0.8620410961701876,3,0.967295457880273,0.6184021544562226,37212,0
LOC_034,2024-04-01,MEGHALAYA,0.17330322,0.1780822,MEDIUM,0.7802628717431856,0.735,0.589375,0.5017048479357964,MEDIUM PRIORITY,0.814587336415534,1,0.8099471227006605,0.529850361189881,37212,0
LOC_034,2024-05-01,MEGHALAYA,0.16035429,0.1780822,MEDIUM,0.880065332421656,0.735,0.6880208333333333,0.5414523381054139,MEDIUM PRIORITY,0.7904504369024166,5,0.9672110075000668,0.9292665519508068,37212,0
LOC_034,2024-06-01,MEGHALAYA,0.35884973,0.19565216,MEDIUM,0.8760251180793707,0.735,0.6327083333333333,0.5391733935198426,MEDIUM PRIORITY,0.7692556127671585,3,0.9409203353185852,0.8939245242317393,37212,1
LOC_034,2024-07-01,MEGHALAYA,0.8522186,0.3043478,MEDIUM,0.7560256588689819,0.735,0.9084375,0.5940111597172455,MEDIUM PRIORITY,0.6838345356566062,3,0.7744906409845114,0.6657774588348099,37212,1
LOC_034,2024-08-01,MEGHALAYA,0.40780315,0.21008404,MEDIUM,0.8150733558514365,0.735,0.5770833333333334,0.5213644549628591,MEDIUM PRIORITY,0.7855873938006215,5,0.8035360187045035,0.8378366775672875,37212,0
LOC_034,2024-09-01,MEGHALAYA,0.01106719,0.03797468,LOW,0.8453525595787514,0.735,0.505625,0.44937176189468786,LOW PRIORITY,0.8634023219427842,2,0.5998985342066584,0.9847760488322296,37212,0
LOC_034,2024-10-01,MEGHALAYA,0.0005556708,0.0,LOW,0.6993451754083322,0.735,0.505625,0.397680043852083,LOW PRIORITY,0.6833402672474458,11,0.6108286566927117,0.869878444359838,37212,0
LOC_034,2024-11-01,MEGHALAYA,0.00051601743,0.0,LOW,0.7534984399608828,0.735,0.60875,0.42668710999022075,LOW PRIORITY,0.6523531491079961,9,0.7039228271507518,0.957717783584783,37212,0
LOC_035,2024-01-01,NAGALAND,0.00018807428,0.0,LOW,0.7695078004826222,0.01,0.505625,0.2702207001206556,LOW PRIORITY,0.8442985121984119,7,0.5239361144420587,0.9431299086233518,1190,0
LOC_035,2024-02-01,NAGALAND,0.0005593158,0.0,LOW,0.7685863185747316,0.01,0.5422916666666666,0.2754903296436829,LOW PRIORITY,0.8621709218938017,1,0.575298652000489,0.6702090337379687,1190,0
LOC_035,2024-03-01,NAGALAND,0.006168565,0.037974678,LOW,0.6928107082153199,0.01,0.826875,0.31442379825383,LOW PRIORITY,0.6577136778636375,7,0.6916384406518908,0.6552240476790847,1190,0
LOC_035,2024-04-01,NAGALAND,0.040363047,0.06422018,LOW,0.8158667170000478,0.01,0.505625,0.30749850125001194,LOW PRIORITY,0.8394984508971967,10,0.7883513213431429,0.9689504290931846,1190,0
LOC_035,2024-05-01,NAGALAND,0.3107405,0.1780822,MEDIUM,0.8160421696628796,0.01,0.6051041666666667,0.3680090474157199,LOW PRIORITY,0.7640084472637088,3,0.970443898074224,0.6297163333135856,1190,0
LOC_035,2024-06-01,NAGALAND,0.33050177,0.1780822,MEDIUM,0.8107223194239892,0.01,0.6859375,0.3788040848559973,LOW PRIORITY,0.956865081208902,2,0.7024348659923741,0.6502559971613475,1190,0
LOC_035,2024-07-01,NAGALAND,0.5736245,0.26530612,MEDIUM,0.7581818573804805,0.01,0.6132291666666667,0.38965228734512014,LOW PRIORITY,0.8533268834990217,3,0.7371784276512119,0.5422221183716885,1190,0
LOC_035,2024-08-01,NAGALAND,0.017651094,0.037974678,LOW,0.8345102874943402,0.01,0.7176041666666666,0.333458068073585,LOW PRIORITY,0.6857888892928364,6,0.9429500935797086,0.909302167104816,1190,0
LOC_035,2024-09-01,NAGALAND,0.007818848,0.03797468,LOW,0.6572954331206272,0.01,0.6986458333333333,0.2863106052801568,LOW PRIORITY,0.6846147172191863,10,0.7503110905214302,0.5275892580752257,1190,0
LOC_035,2024-10-01,NAGALAND,0.0003025387,0.0,LOW,0.6666514776513772,0.01,0.505625,0.2445066194128443,LOW PRIORITY,0.81819003357379,13,0.5220401620692912,0.7597090482957611,1190,0
LOC_035,2024-11-01,NAGALAND,0.00081424485,0.0,LOW,0.763327102636951,0.01,0.7976041666666667,0.31247240065923776,LOW PRIORITY,0.7931945756641623,2,0.8244985430390359,0.5022819585112726,1190,0
LOC_036,2024-01-01,ASSAM,0.00083469605,0.0,LOW,0.8171362807611438,0.02,0.665625,0.30812782019028595,LOW PRIORITY,0.6634971301076908,8,0.8751072320976585,0.9966074275058924,1569,0
LOC_036,2024-02-01,ASSAM,0.0040509314,0.013333334,LOW,0.7448414431239678,0.02,0.6205208333333333,0.28862181938099196,LOW PRIORITY,0.7390134360489524,2,0.7374804116326072,0.5695385914809779,1569,0
LOC_036,2024-03-01,ASSAM,0.0032542942,0.013333334,LOW,0.7148771142407997,0.02,0.6614583333333333,0.2872713621601999,LOW PRIORITY,0.8759678617783051,12,0.6417673606386489,0.7417732345462447,1569,0
LOC_036,2024-04-01,ASSAM,0.08365421,0.11764706,MEDIUM,0.9095557733984806,0.02,0.7186458333333333,0.3862446423496202,LOW PRIORITY,0.8534271540895744,3,0.9032849456402958,0.9815109938640524,1569,0
LOC_036,2024-05-01,ASSAM,0.3284003,0.1780822,MEDIUM,0.8285163734683718,0.02,0.9273958333333333,0.42147134836709294,LOW PRIORITY,0.9804999093644738,4,0.6996894601267123,0.7672094577156345,1569,1
LOC_036,2024-06-01,ASSAM,0.4522652,0.21008404,MEDIUM,0.8070825316070183,0.02,0.7667708333333334,0.4048198739017546,LOW PRIORITY,0.7912550374919503,3,0.8248334359466769,0.7122416529894461,1569,1
LOC_036,2024-07-01,ASSAM,0.43557477,0.21008405,MEDIUM,0.6425302645144089,0.02,0.505625,0.32450993612860224,LOW PRIORITY,0.684465472026618,8,0.6053714204265248,0.5469508322711596,1569,0
LOC_036,2024-08-01,ASSAM,0.17779511,0.1780822,MEDIUM,0.8904080845120936,0.02,0.505625,0.3736786511280234,LOW PRIORITY,0.9394301935513436,1,0.9889707368109846,0.6665647410193793,1569,0
LOC_036,2024-09-01,ASSAM,0.0030504065,0.013333334,LOW,0.7942998293046608,0.02,0.6788541666666666,0.3097364159261652,LOW PRIORITY,0.8057098808306558,2,0.5173913735327873,0.9207647295218668,1569,0
LOC_036,2024-10-01,ASSAM,0.0052661253,0.013333334,LOW,0.7525436421690344,0.02,0.505625,0.27331299414225857,LOW PRIORITY,0.995589425081872,10,0.5407811693281892,0.8071373075994097,1569,0
LOC_036,2024-11-01,ASSAM,0.0013086979,0.0,LOW,0.8186809568741354,0.02,0.505625,0.2845139892185339,LOW PRIORITY,0.9075928212222394,3,0.8508772691827653,0.6162537370915369,1569,0
LOC_037,2024-01-01,SIKKIM,0.0017484848,0.0,LOW,0.7511063669876379,0.69,0.6538541666666666,0.42385471674690944,LOW PRIORITY,0.7377294623275558,2,0.6567326727723242,0.6766299995173384,35177,0
LOC_037,2024-02-01,SIKKIM,0.0069940854,0.03797468,LOW,0.828074515692309,0.69,0.6051041666666667,0.45097412592307723,MEDIUM PRIORITY,0.6088630272830938,4,0.976121058686516,0.8606473101329597,35177,0
LOC_037,2024-03-01,SIKKIM,0.0040653027,0.013333334,LOW,0.8302366095336031,0.69,0.505625,0.4267362359834007,LOW PRIORITY,0.9474893076865696,1,0.8904843021289683,0.5163061616522076,35177,0
LOC_037,2024-04-01,SIKKIM,0.008840208,0.037974678,LOW,0.8117155038154356,0.69,0.8753124999999999,0.48741562215385886,MEDIUM PRIORITY,0.6688137440383362,2,0.7596288755496772,0.8850860623403956,35177,0
LOC_037,2024-05-01,SIKKIM,0.29578465,0.1780822,MEDIUM,0.8924924328207551,0.69,0.7079166666666666,0.5385434882051887,MEDIUM PRIORITY,0.8544957813295053,2,0.975894959733986,0.8062456568861953,35177,0
LOC_037,2024-06-01,SIKKIM,0.4058435,0.21008404,MEDIUM,0.7843659571091661,0.69,0.505625,0.4939688552772915,MEDIUM PRIORITY,0.7508995982130542,1,0.6051089317420328,0.8147886318149105,35177,0
LOC_037,2024-07-01,SIKKIM,0.40173352,0.21008404,MEDIUM,0.7135213089104935,0.69,0.7140625,0.5075233182276233,MEDIUM PRIORITY,0.703566972584272,9,0.6295684892135414,0.8209497738441602,35177,0
LOC_037,2024-08-01,SIKKIM,0.08371065,0.11764706,MEDIUM,0.7795178946661018,0.69,0.505625,0.4557820476665254,MEDIUM PRIORITY,0.9362982492680764,3,0.6565472968777883,0.6252260325185426,35177,0
LOC_037,2024-09-01,SIKKIM,0.027095318,0.05,LOW,0.8407351021149744,0.69,0.8961458333333333,0.5026056505287436,MEDIUM PRIORITY,0.9721131377277658,4,0.5866225261239428,0.937538077941522,35177,0
LOC_037,2024-10-01,SIKKIM,0.00076509756,0.0,LOW,0.7215265300174938,0.69,0.505625,0.39422538250437344,LOW PRIORITY,0.7079548071841814,13,0.967584518499573,0.6439001277195544,35177,0
LOC_037,2024-11-01,SIKKIM,0.0010438578,0.0,LOW,0.7633529302413304,0.69,0.6754166666666667,0.43015073256033265,LOW PRIORITY,0.9029354568166764,3,0.674282756332767,0.5761935078158783,35177,0
LOC_038,2024-01-01,SIKKIM,0.01901426,0.037974678,LOW,0.6912292409741247,0.785,0.5082291666666666,0.42123155644353116,LOW PRIORITY,0.6046245280408347,10,0.9006348197037408,0.5929909494852565,39754,0
LOC_038,2024-02-01,SIKKIM,0.0032234401,0.013333334,LOW,0.8119016590553012,0.785,0.6664583333333334,0.4652774983638253,MEDIUM PRIORITY,0.6320462587673689,1,0.8770746140550405,0.7718190967321289,39754,0
LOC_038,2024-03-01,SIKKIM,0.006260456,0.037974678,LOW,0.7130970175164988,0.785,0.6327083333333333,0.44537037557912473,LOW PRIORITY,0.7495048450547153,8,0.865554124705147,0.5039957669727995,39754,0
LOC_038,2024-04-01,SIKKIM,0.36236358,0.19565216,MEDIUM,0.8462370121287625,0.785,0.6530208333333334,0.5447732420321907,MEDIUM PRIORITY,0.921882446300206,3,0.8910255017051776,0.6720401005096664,39754,0
LOC_038,2024-05-01,SIKKIM,0.22932982,0.1780822,MEDIUM,0.8003893983349489,0.785,0.505625,0.5041739795837372,MEDIUM PRIORITY,0.9544115809266198,11,0.9197239084097404,0.6940887706701022,39754,0
LOC_038,2024-06-01,SIKKIM,0.52517325,0.21008404,MEDIUM,0.7520874881491039,0.785,0.6580208333333333,0.527758613037276,MEDIUM PRIORITY,0.9584624969250448,12,0.5596230328554472,0.8902644228159233,39754,0
LOC_038,2024-07-01,SIKKIM,0.51745534,0.21008404,MEDIUM,0.8427096374385749,0.785,0.5770833333333334,0.5382735253596438,MEDIUM PRIORITY,0.8499538116758508,4,0.9643948024314748,0.689823268980307,39754,0
LOC_038,2024-08-01,SIKKIM,0.024786724,0.05,LOW,0.7088100335300047,0.785,0.6333333333333333,0.4492025083825012,LOW PRIORITY,0.8291402047508468,10,0.6207523339629191,0.7186809287395866,39754,0
LOC_038,2024-09-01,SIKKIM,0.0012718247,0.0,LOW,0.7973407436636897,0.785,0.7096875,0.46278831091592243,MEDIUM PRIORITY,0.8454479925006742,6,0.8349574862358509,0.7089574959182336,39754,0
LOC_038,2024-10-01,SIKKIM,0.0007078072,0.0,LOW,0.7667577189301429,0.785,0.505625,0.42453317973253574,LOW PRIORITY,0.9609687718586256,9,0.8405845854183691,0.5654775184435771,39754,0
LOC_038,2024-11-01,SIKKIM,8.974024e-05,0.0,LOW,0.8282625029612739,0.785,0.7832291666666666,0.4815500007403185,MEDIUM PRIORITY,0.7019960244590304,1,0.9293627471666,0.7150245735527985,39754,0
LOC_039,2024-01-01,MEGHALAYA,0.0010081605,0.0,LOW,0.7406054126781878,0.125,0.505625,0.28599510316954696,LOW PRIORITY,0.7313874975045718,11,0.7678666623627444,0.8298341575121018,7655,0
LOC_039,2024-02-01,MEGHALAYA,0.00058772194,0.0,LOW,0.8016592026620275,0.125,0.6271875,0.31949292566550686,LOW PRIORITY,0.984849700626768,3,0.6674833838880221,0.6543037261333199,7655,0
LOC_039,2024-03-01,MEGHALAYA,0.001998751,0.0,LOW,0.7474056568724141,0.125,0.5422916666666666,0.29319516421810354,LOW PRIORITY,0.6586692864358761,3,0.8888392503735114,0.542114090680269,7655,0
LOC_039,2024-04-01,MEGHALAYA,0.5925583,0.26530612,MEDIUM,0.6973389456956686,0.125,0.5422916666666666,0.38680093442391716,LOW PRIORITY,0.664507610374338,12,0.780210545220237,0.7446376271880991,7655,0
LOC_039,2024-05-01,MEGHALAYA,0.24523857,0.1780822,MEDIUM,0.716714602981273,0.125,0.7367708333333334,0.3859271557453183,LOW PRIORITY,0.7351747863734823,11,0.5202264636533784,0.978123828564898,7655,0
LOC_039,2024-06-01,MEGHALAYA,0.39424714,0.21008404,MEDIUM,0.8246023560348611,0.125,0.6327083333333333,0.4100904550087153,LOW PRIORITY,0.8701387821125961,12,0.8789585366378496,0.9493121053889986,7655,0
LOC_039,2024-07-01,MEGHALAYA,0.07187981,0.06422018,LOW,0.7766001255473647,0.125,0.505625,0.3206818533868412,LOW PRIORITY,0.8214827588021254,9,0.979649714644212,0.6052680287431209,7655,0
LOC_039,2024-08-01,MEGHALAYA,0.02116154,0.037974678,LOW,0.7232075667948253,0.125,0.505625,0.29683551289870636,LOW PRIORITY,0.6603590745483426,8,0.8651599280909051,0.6339779312067202,7655,0
LOC_039,2024-09-01,MEGHALAYA,0.0014328327,0.0,LOW,0.6854890752569559,0.125,0.7584375,0.31013789381423895,LOW PRIORITY,0.8655982334978896,8,0.6077704780012154,0.5352542561953854,7655,0
LOC_039,2024-10-01,MEGHALAYA,0.00025184866,0.0,LOW,0.8772716343999298,0.125,0.505625,0.32016165859998247,LOW PRIORITY,0.7348863877406755,1,0.8945527221958676,0.9129807609965094,7655,0
LOC_039,2024-11-01,MEGHALAYA,0.001273788,0.0,LOW,0.7416481284422335,0.125,0.505625,0.28625578211055835,LOW PRIORITY,0.6034243589880796,1,0.5987779862088001,0.7977235019053874,7655,0
LOC_040,2024-01-01,ASSAM,0.0018950729,0.0,LOW,0.6779198327279803,0.68,0.6327083333333333,0.4003862081819951,LOW PRIORITY,0.7098700528147186,9,0.7995198616602772,0.5022894164369256,34621,0
LOC_040,2024-02-01,ASSAM,0.0150030535,0.03797468,LOW,0.785681926735537,0.68,0.5380208333333334,0.42831347868388425,LOW PRIORITY,0.8264662156701454,13,0.8744010418252778,0.8751937827800582,34621,0
LOC_040,2024-03-01,ASSAM,0.019420719,0.03797468,LOW,0.6732749803608362,0.68,0.766875,0.43453986709020903,LOW PRIORITY,0.8072112887089429,13,0.73693763025678,0.5822843358109556,34621,0
LOC_040,2024-04-01,ASSAM,0.3058199,0.1780822,MEDIUM,0.6256381189128317,0.68,0.6051041666666667,0.45440803472820795,MEDIUM PRIORITY,0.6205700899759142,11,0.7219541457649284,0.5266949065771507,34621,0
LOC_040,2024-05-01,ASSAM,0.576491,0.26530612,MEDIUM,0.8027810856497644,0.68,0.625,0.5365677194124411,MEDIUM PRIORITY,0.7802452654584933,8,0.7742404461209028,0.923305297686328,34621,0
LOC_040,2024-06-01,ASSAM,0.7389016,0.28735632,MEDIUM,0.7067478824465914,0.68,0.7575000000000001,0.5412544986116479,MEDIUM PRIORITY,0.7306607865886603,13,0.894297997025466,0.6353660795055722,34621,0
LOC_040,2024-07-01,ASSAM,0.8155395,0.3043478,MEDIUM,0.7192978812023759,0.68,0.6327083333333333,0.532469840300594,MEDIUM PRIORITY,0.882077511277032,11,0.789663299794914,0.5721173804042244,34621,0
LOC_040,2024-08-01,ASSAM,0.2784506,0.1780822,MEDIUM,0.8501072215179459,0.68,0.7515624999999999,0.5324940603794864,MEDIUM PRIORITY,0.9845335602756357,2,0.8241192160236215,0.6584427764391928,34621,0
LOC_040,2024-09-01,ASSAM,0.0022422897,0.0,LOW,0.735588655928942,0.68,0.505625,0.3957409139822355,LOW PRIORITY,0.9559819955349632,9,0.6480999336166327,0.6382726945641717,34621,0
LOC_040,2024-10-01,ASSAM,0.0039670644,0.013333334,LOW,0.8572690212512115,0.68,0.5744791666666667,0.4418224639128029,LOW PRIORITY,0.9770181162621476,10,0.8806079465191023,0.9047833555569296,34621,0
LOC_040,2024-11-01,ASSAM,0.0021827694,0.0,LOW,0.8112051269957898,0.68,0.505625,0.41464503174894746,LOW PRIORITY,0.7980228145357829,2,0.7506303449537,0.7628340151603428,34621,0
LOC_041,2024-01-01,ASSAM,0.006173765,0.037974678,LOW,0.8619609490688462,0.61,0.505625,0.4285238584672115,LOW PRIORITY,0.8816116035268493,2,0.7380384410816898,0.894860418333512,30749,0
LOC_041,2024-02-01,ASSAM,0.0014600403,0.0,LOW,0.660093608741446,0.61,0.5707291666666667,0.3726327771853615,LOW PRIORITY,0.6482108732028348,10,0.7139190833074002,0.611577811788882,30749,0
LOC_041,2024-03-01,ASSAM,0.004683543,0.013333334,LOW,0.7297384885423762,0.61,0.7278125,0.418939830735594,LOW PRIORITY,0.7775299977624452,3,0.6286452069366146,0.6127787494704451,30749,0
LOC_041,2024-04-01,ASSAM,0.13199762,0.17073171,MEDIUM,0.7474044709620882,0.61,0.8341666666666667,0.502268801740522,MEDIUM PRIORITY,0.8659795247029614,9,0.7636413061654518,0.659997052979939,30749,0
LOC_041,2024-05-01,ASSAM,0.67270976,0.28735632,MEDIUM,0.6410929548022788,0.61,0.7314583333333333,0.5069345167005697,MEDIUM PRIORITY,0.8334142263881247,13,0.6639520111972543,0.50033891495707,30749,0
LOC_041,2024-06-01,ASSAM,0.83241874,0.3043478,MEDIUM,0.7217765301133607,0.61,0.665625,0.5240270025283402,MEDIUM PRIORITY,0.7973211518950161,10,0.8817068264959187,0.5414114753958413,30749,0
LOC_041,2024-07-01,ASSAM,0.124578,0.11764707,MEDIUM,0.8038185350075353,0.61,0.505625,0.4458572117518838,LOW PRIORITY,0.771523794203007,2,0.8970762371684304,0.6133407753253699,30749,0
LOC_041,2024-08-01,ASSAM,0.32672083,0.17808221,MEDIUM,0.6541552773154093,0.61,0.7464583333333333,0.46874045332885234,MEDIUM PRIORITY,0.717521621604432,8,0.6328531437211078,0.5329130106027642,30749,0
LOC_041,2024-09-01,ASSAM,0.040153667,0.06422018,LOW,0.8139659285140888,0.61,0.6327083333333333,0.44608580412852217,LOW PRIORITY,0.733260710388703,10,0.8678749588532362,0.9880613781477494,30749,0
LOC_041,2024-10-01,ASSAM,0.0034297016,0.013333334,LOW,0.7328037317001052,0.61,0.505625,0.38637801652502624,LOW PRIORITY,0.8698464184661687,5,0.5226773769837854,0.705357798017133,30749,0
LOC_041,2024-11-01,ASSAM,0.0014045701,0.0,LOW,0.6892945037309965,0.61,0.505625,0.3701673759327491,LOW PRIORITY,0.7497108127250165,7,0.7099661411161748,0.5308343944161282,30749,0
LOC_042,2024-01-01,MEGHALAYA,0.0007816241,0.0,LOW,0.8459910317494093,0.025,0.6051041666666667,0.30726338293735234,LOW PRIORITY,0.904196671852062,3,0.7257333829812157,0.8540340721643593,1876,0
LOC_042,2024-02-01,MEGHALAYA,0.0011914683,0.0,LOW,0.8553263649908348,0.025,0.5451041666666667,0.30059721624770874,LOW PRIORITY,0.9746760278463422,4,0.9765488641598156,0.6034139012905149,1876,0
LOC_042,2024-03-01,MEGHALAYA,0.0018977607,0.0,LOW,0.7713416596520304,0.025,0.6795833333333333,0.2997729149130076,LOW PRIORITY,0.8929763705616087,10,0.5863617991568317,0.9393618022230146,1876,0
LOC_042,2024-04-01,MEGHALAYA,0.0068685217,0.03797468,LOW,0.7594213033238019,0.025,0.505625,0.2858889478309505,LOW PRIORITY,0.6267591885395044,3,0.7134614205787887,0.7974646041769147,1876,0
LOC_042,2024-05-01,MEGHALAYA,0.36490878,0.19565217,MEDIUM,0.7497639261654483,0.025,0.7163541666666666,0.37815497454136204,LOW PRIORITY,0.8284150466660333,10,0.8600235120917334,0.6439504792373596,1876,0
LOC_042,2024-06-01,MEGHALAYA,0.07296335,0.06422018,LOW,0.8246072948818874,0.025,0.5770833333333334,0.32340239572047186,LOW PRIORITY,0.9515858062645026,8,0.9006142902559533,0.7128957496737605,1876,1
LOC_042,2024-07-01,MEGHALAYA,0.12582843,0.11764706,MEDIUM,0.7095661125527006,0.025,0.9211458333333333,0.36762222713817516,LOW PRIORITY,0.9606926723259698,13,0.7266865250027523,0.5842185862154137,1876,0
LOC_042,2024-08-01,MEGHALAYA,0.033056892,0.05714286,LOW,0.7339595352605673,0.025,0.5422916666666666,0.29269077781514186,LOW PRIORITY,0.8554155994659749,5,0.5484665928767423,0.6986226153662188,1876,0
LOC_042,2024-09-01,MEGHALAYA,0.0047376864,0.013333333,LOW,0.8609140553340706,0.025,0.6384375,0.32132747203351764,LOW PRIORITY,0.7405133669917949,2,0.8683264280412477,0.901483092969906,1876,0
LOC_042,2024-10-01,MEGHALAYA,0.0010166076,0.0,LOW,0.7169573899971047,0.025,0.505625,0.26008309749927616,LOW PRIORITY,0.8285237621551964,3,0.5389704274178742,0.6003353704153483,1876,0
LOC_042,2024-11-01,MEGHALAYA,0.0009416012,0.0,LOW,0.6813208546949332,0.025,0.6805208333333334,0.2774083386737333,LOW PRIORITY,0.6095662332782089,7,0.7499242459817097,0.5991262728531475,1876,0
LOC_043,2024-01-01,TRIPURA,0.0033884933,0.013333334,LOW,0.7411950819007472,0.365,0.505625,0.33947585407518677,LOW PRIORITY,0.9762087494655732,4,0.5906241209176775,0.5312807905530714,19077,0
LOC_043,2024-02-01,TRIPURA,0.0013023863,0.0,LOW,0.9168261914600631,0.365,0.7745833333333334,0.4183940478650158,LOW PRIORITY,0.8353257838054816,2,0.949190645757242,0.949455002944195,19077,0
LOC_043,2024-03-01,TRIPURA,0.0030018133,0.013333334,LOW,0.7479591303582609,0.365,0.505625,0.3411668661895652,LOW PRIORITY,0.7488427097074961,12,0.9709639701159586,0.6720298416095888,19077,0
LOC_043,2024-04-01,TRIPURA,0.05497604,0.06422018,LOW,0.8778936336584608,0.365,0.6294791666666666,0.4125833554146152,LOW PRIORITY,0.9914189501630312,6,0.7735147542837615,0.9466408301870508,19077,0
LOC_043,2024-05-01,TRIPURA,0.07839453,0.06422018,LOW,0.759442932574756,0.365,0.5307291666666667,0.368158180143689,LOW PRIORITY,0.7123118465408755,1,0.5002186953406665,0.8585745217508152,19077,0
LOC_043,2024-06-01,TRIPURA,0.26595852,0.1780822,MEDIUM,0.6756031322746738,0.365,0.6860416666666667,0.41603991306866844,LOW PRIORITY,0.6402370048434217,9,0.8431026020057704,0.5190729222495034,19077,0
LOC_043,2024-07-01,TRIPURA,0.696828,0.28735632,MEDIUM,0.8393683506063081,0.365,0.963125,0.542253365651577,MEDIUM PRIORITY,0.8360449709086364,6,0.994556992973362,0.726871438543234,19077,0
LOC_043,2024-08-01,TRIPURA,0.0415021,0.06422018,LOW,0.750271798092626,0.365,0.505625,0.3620997715231565,LOW PRIORITY,0.7629425463042528,4,0.5708861512447503,0.8005918281548344,19077,0
LOC_043,2024-09-01,TRIPURA,0.0005391044,0.0,LOW,0.6662010131329823,0.365,0.8283333333333334,0.3638002532832456,LOW PRIORITY,0.6284566047177415,3,0.5792822768520183,0.5570651709621693,19077,0
LOC_043,2024-10-01,TRIPURA,0.0013691677,0.0,LOW,0.7290841876572162,0.365,0.505625,0.331114796914304,LOW PRIORITY,0.6514400795176801,12,0.7936795132789066,0.8712171578322777,19077,0
LOC_043,2024-11-01,TRIPURA,0.00072998594,0.0,LOW,0.8294828816758091,0.365,0.615625,0.3727144704189523,LOW PRIORITY,0.8712557068678464,5,0.939257614984127,0.6740848715179295,19077,0
LOC_044,2024-01-01,ASSAM,0.00044989726,0.0,LOW,0.694541360395738,0.04,0.6721874999999999,0.2824634650989345,LOW PRIORITY,0.6337959392412664,4,0.581934699553525,0.6957681361214938,2150,0
LOC_044,2024-02-01,ASSAM,0.000580037,0.0,LOW,0.8683950943046866,0.04,0.505625,0.3009425235761717,LOW PRIORITY,0.8428675298519501,1,0.7613139388431882,0.9027322418569416,2150,0
LOC_044,2024-03-01,ASSAM,0.00092578924,0.0,LOW,0.7781695940964876,0.04,0.7567708333333334,0.31605802352412193,LOW PRIORITY,0.8359695663609189,11,0.6547159595083757,0.9886595171833223,2150,0
LOC_044,2024-04-01,ASSAM,0.11800952,0.11764706,MEDIUM,0.8197245192309783,0.04,0.5676041666666667,0.34513057880774456,LOW PRIORITY,0.941233277611351,5,0.9294636856793996,0.5748677802998292,2150,0
LOC_044,2024-05-01,ASSAM,0.018248023,0.037974678,LOW,0.8083611509280106,0.04,0.9108333333333334,0.3619051589320027,LOW PRIORITY,0.9645831275763668,6,0.7791648959755881,0.6896965801600878,2150,0
LOC_044,2024-06-01,ASSAM,0.07017594,0.06422018,LOW,0.8933700364166217,0.04,0.5422916666666666,0.33837433110415543,LOW PRIORITY,0.9599155205457216,10,0.98556866831763,0.9613292901364688,2150,0
LOC_044,2024-07-01,ASSAM,0.043523386,0.06422018,LOW,0.9230610739735853,0.04,0.7286458333333333,0.3737502154933963,LOW PRIORITY,0.8607129144495329,1,0.8800058189057169,0.9848588958724244,2150,0
LOC_044,2024-08-01,ASSAM,0.010608678,0.037974678,LOW,0.9262195205588428,0.04,0.505625,0.3305885013397107,LOW PRIORITY,0.9829178274722892,2,0.8344402500362191,0.9541866713935296,2150,0
LOC_044,2024-09-01,ASSAM,0.0025760552,0.013333334,LOW,0.6584387924182638,0.04,0.8161458333333333,0.30036490670456595,LOW PRIORITY,0.7676788127795171,6,0.5303346104788269,0.5357417464147107,2150,0
LOC_044,2024-10-01,ASSAM,0.0027553772,0.013333334,LOW,0.7584481469035127,0.04,0.6464583333333334,0.29991412032587816,LOW PRIORITY,0.9213901418578904,11,0.6441403708240625,0.8349287415987647,2150,0
LOC_044,2024-11-01,ASSAM,0.00083177147,0.0,LOW,0.7277404404554882,0.04,0.505625,0.2657788601138721,LOW PRIORITY,0.8925151507018427,4,0.6407426950620615,0.5110372493913824,2150,0
LOC_045,2024-01-01,ASSAM,0.0011880973,0.0,LOW,0.8009847173981315,0.405,0.5706249999999999,0.36683992934953286,LOW PRIORITY,0.9781406544870384,7,0.8131755335679429,0.6459560148708783,21056,0
LOC_045,2024-02-01,ASSAM,0.0005300059,0.0,LOW,0.7599058629396385,0.405,0.505625,0.3468202157349096,LOW PRIORITY,0.7556184540823159,7,0.6086132831412343,0.9087250478683369,21056,0
LOC_045,2024-03-01,ASSAM,0.0037706478,0.013333334,LOW,0.7951625930143662,0.405,0.6853125,0.38792085685359157,LOW PRIORITY,0.7349529251812903,9,0.7680042101051787,0.9776932367709956,21056,0
LOC_045,2024-04-01,ASSAM,0.068829715,0.06422018,LOW,0.7299443814351735,0.405,0.6145833333333333,0.3813616673587934,LOW PRIORITY,0.9021622851167576,1,0.523007724105093,0.5279408498521769,21056,0
LOC_045,2024-05-01,ASSAM,0.3464301,0.19565217,MEDIUM,0.7896781974494342,0.405,0.8543750000000001,0.48483666736235853,MEDIUM PRIORITY,0.8305977627376191,10,0.7614298029424784,0.9000185574509723,21056,0
LOC_045,2024-06-01,ASSAM,0.5505131,0.23529412,MEDIUM,0.8937624113661846,0.405,0.505625,0.47440200084154616,MEDIUM PRIORITY,0.9580975292011584,1,0.8764659043356917,0.7738195452612215,21056,0
LOC_045,2024-07-01,ASSAM,0.43238106,0.21008404,MEDIUM,0.8100983907082531,0.405,0.6909375,0.47119883867706325,MEDIUM PRIORITY,0.6335044602733714,1,0.8861797566967561,0.7540426791962179,21056,0
LOC_045,2024-08-01,ASSAM,0.038407117,0.06422018,LOW,0.8342552329272446,0.405,0.665625,0.4150956302318112,LOW PRIORITY,0.6167515428168363,6,0.9737825975906697,0.9464867913014724,21056,0
LOC_045,2024-09-01,ASSAM,0.008971457,0.037974678,LOW,0.8712247295201837,0.405,0.505625,0.38983980358004594,LOW PRIORITY,0.9556297341649516,8,0.8280488651761474,0.9678869854063024,21056,0
LOC_045,2024-10-01,ASSAM,0.0013297208,0.0,LOW,0.8023531027327057,0.405,0.54125,0.3627757756831764,LOW PRIORITY,0.6716630898970146,1,0.90502712861694,0.6660555257502012,21056,0
LOC_045,2024-11-01,ASSAM,0.0003267166,0.0,LOW,0.8718450213568385,0.405,0.6246875000000001,0.39266438033920964,LOW PRIORITY,0.8993799389723365,1,0.9344897800254656,0.6868436997628851,21056,0
LOC_046,2024-01-01,SIKKIM,0.0029656303,0.013333334,LOW,0.6861437067386775,0.175,0.505625,0.2877130102846694,LOW PRIORITY,0.7787891065828727,6,0.5668984054347017,0.5988873149371357,9130,0
LOC_046,2024-02-01,SIKKIM,0.0033263145,0.013333334,LOW,0.8187681052734179,0.175,0.5770833333333334,0.3315878599183545,LOW PRIORITY,0.6984053609669362,2,0.8552848852917988,0.7880488415016036,9130,0
LOC_046,2024-03-01,SIKKIM,0.0007629647,0.0,LOW,0.785021653811731,0.175,0.5311458333333333,0.3109272884529327,LOW PRIORITY,0.6946690327177446,7,0.9489751893550996,0.7297757265074128,9130,0
LOC_046,2024-04-01,SIKKIM,0.06455308,0.06422018,LOW,0.7877581257202607,0.175,0.6135416666666667,0.3496588534300652,LOW PRIORITY,0.7354738642120937,3,0.829722209099622,0.6858364295693271,9130,0
LOC_046,2024-05-01,SIKKIM,0.04701506,0.06422018,LOW,0.8759154664562605,0.175,0.6327083333333333,0.3745731886140651,LOW PRIORITY,0.8245256418409873,6,0.9556282680492866,0.9235079559347682,9130,0
LOC_046,2024-06-01,SIKKIM,0.031973995,0.057142857,LOW,0.8600040159070227,0.175,0.7936458333333334,0.3919050217767557,LOW PRIORITY,0.981306466394609,11,0.8506799544522662,0.9746963094478824,9130,0
LOC_046,2024-07-01,SIKKIM,0.5512002,0.23529412,MEDIUM,0.7655463261973436,0.175,0.505625,0.39634797954933587,LOW PRIORITY,0.8887492616264385,10,0.5322655326009698,0.9745038438952998,9130,0
LOC_046,2024-08-01,SIKKIM,0.16089821,0.1780822,MEDIUM,0.7066471208930378,0.175,0.5422916666666666,0.3642384102232594,LOW PRIORITY,0.7171794864265452,4,0.6769160230939296,0.5658263073850098,9130,0
LOC_046,2024-09-01,SIKKIM,0.0002871433,0.0,LOW,0.7132265686534831,0.175,0.505625,0.2891503921633708,LOW PRIORITY,0.7494685012413602,13,0.6310819571386983,0.905689149567207,9130,0
LOC_046,2024-10-01,SIKKIM,0.0012183582,0.0,LOW,0.8795635349079155,0.175,0.7644791666666667,0.36956275872697886,LOW PRIORITY,0.7288784089110584,1,0.995477158775439,0.8272319052784979,9130,0
LOC_046,2024-11-01,SIKKIM,0.0016098799,0.0,LOW,0.7391065663420113,0.175,0.505625,0.29562039158550285,LOW PRIORITY,0.760126142094496,8,0.8788568861581068,0.5841099037821093,9130,0
LOC_047,2024-01-01,NAGALAND,0.0025885836,0.013333334,LOW,0.7864167171889747,0.625,0.505625,0.40278126289724364,LOW PRIORITY,0.6338569221343775,2,0.8076423484192063,0.7708342648689812,31445,0
LOC_047,2024-02-01,NAGALAND,0.0025575515,0.013333333,LOW,0.8365007049462951,0.625,0.555625,0.4228022594365738,LOW PRIORITY,0.9099989693740332,9,0.7514442376569952,0.9845596127541522,31445,0
LOC_047,2024-03-01,NAGALAND,0.009402231,0.03797468,LOW,0.6752434468541577,0.625,0.6893750000000001,0.41240698371353945,LOW PRIORITY,0.6359932526562512,13,0.98948508706766,0.5088287810260531,31445,0
LOC_047,2024-04-01,NAGALAND,0.068065144,0.06422018,LOW,0.768303053213137,0.625,0.6755208333333333,0.44409196030328424,LOW PRIORITY,0.818359935125323,10,0.9946323806734628,0.5935532303870957,31445,1
LOC_047,2024-05-01,NAGALAND,0.21483277,0.1780822,MEDIUM,0.6893359004916351,0.625,0.9246875000000001,0.5072699801229088,MEDIUM PRIORITY,0.7003047753952252,9,0.8478586879309974,0.5091801386403179,31445,0
LOC_047,2024-06-01,NAGALAND,0.66984206,0.28735632,MEDIUM,0.7522732794965582,0.625,0.5491666666666666,0.5103858478741395,MEDIUM PRIORITY,0.6919240249218603,4,0.5941276624082291,0.8563747639894765,31445,0
LOC_047,2024-07-01,NAGALAND,0.50942796,0.21008404,MEDIUM,0.7214333639056142,0.625,0.7176041666666666,0.49703258197640354,MEDIUM PRIORITY,0.8946678586707496,11,0.7407350197315441,0.61699724388683,31445,1
LOC_047,2024-08-01,NAGALAND,0.08826611,0.11764705,MEDIUM,0.8331168020625908,0.625,0.7661458333333333,0.4952598955156477,MEDIUM PRIORITY,0.957521925982455,7,0.669176300388484,0.9391023152127572,31445,0
LOC_047,2024-09-01,NAGALAND,0.0018504787,0.0,LOW,0.8262815828146426,0.625,0.505625,0.40741414570366064,LOW PRIORITY,0.8845718080547118,2,0.9478907445648416,0.5393304453056837,31445,0
LOC_047,2024-10-01,NAGALAND,0.0053552715,0.013333334,LOW,0.825129829746056,0.625,0.665625,0.43645954103651396,LOW PRIORITY,0.672729187489823,5,0.8055723146697493,0.9888844834913184,31445,0
LOC_047,2024-11-01,NAGALAND,0.0034905754,0.013333334,LOW,0.7823947614161731,0.625,0.505625,0.4017757739540433,LOW PRIORITY,0.8043175349877747,5,0.7477945895459346,0.7441335877976499,31445,0
LOC_048,2024-01-01,MIZORAM,0.00094244763,0.0,LOW,0.8461169880120584,0.755,0.6882291666666667,0.4657636220030146,MEDIUM PRIORITY,0.8296468518841796,1,0.9826048722848828,0.6055495612125045,38220,0
LOC_048,2024-02-01,MIZORAM,0.0006064666,0.0,LOW,0.7218046408201404,0.755,0.505625,0.4072949102050351,LOW PRIORITY,0.7571368093939044,4,0.6073270515496862,0.6560880356703042,38220,0
LOC_048,2024-03-01,MIZORAM,0.008166083,0.037974678,LOW,0.8065696815152421,0.755,0.7054166666666667,0.47364479157881056,MEDIUM PRIORITY,0.6437335174800177,6,0.9905493390755994,0.791995869505351,38220,0
LOC_048,2024-04-01,MIZORAM,0.18993832,0.1780822,MEDIUM,0.8567792679283999,0.755,0.5207291666666667,0.5145370719821,MEDIUM PRIORITY,0.8915926658816612,1,0.9450066397587886,0.6238510994064826,38220,0
LOC_048,2024-05-01,MIZORAM,0.32955512,0.1780822,MEDIUM,0.7520132017556406,0.755,0.6327083333333333,0.5051424304389102,MEDIUM PRIORITY,0.856695166859931,5,0.7238810384773042,0.5941432683519938,38220,1
LOC_048,2024-06-01,MIZORAM,0.5222568,0.21008404,MEDIUM,0.7855986487626051,0.755,0.91,0.5679332781906513,MEDIUM PRIORITY,0.8029953108842587,5,0.5452067115020782,0.9608592393307498,38220,0
LOC_048,2024-07-01,MIZORAM,0.08326178,0.11764706,MEDIUM,0.8117690671234572,0.755,0.505625,0.4768448407808643,MEDIUM PRIORITY,0.6392622073549955,6,0.85537319828871,0.9524408628501232,38220,0
LOC_048,2024-08-01,MIZORAM,0.0879208,0.11764707,MEDIUM,0.7133845759557678,0.755,0.505625,0.45224872198894195,MEDIUM PRIORITY,0.7699634473380284,7,0.7448368455144532,0.5720713443039229,38220,0
LOC_048,2024-09-01,MIZORAM,0.03146849,0.057142857,LOW,0.7797211014333618,0.755,0.6686458333333334,0.4690842931583405,MEDIUM PRIORITY,0.6645111708756022,2,0.8612513741994018,0.6597885273251101,38220,0
LOC_048,2024-10-01,MIZORAM,0.002217164,0.0,LOW,0.7143556256622235,0.755,0.65,0.42708890641555597,LOW PRIORITY,0.810426013655033,12,0.6439549499085478,0.8030415390853134,38220,0
LOC_048,2024-11-01,MIZORAM,0.00041562784,0.0,LOW,0.8157774215795993,0.755,0.5422916666666666,0.43628810539489987,LOW PRIORITY,0.9599111248292812,1,0.509622640539289,0.8269092542831604,38220,0
LOC_049,2024-01-01,SIKKIM,0.0010293752,0.0,LOW,0.6972521005402144,0.21,0.6051041666666667,0.3070786501350536,LOW PRIORITY,0.6522674922024349,9,0.8337980190456322,0.6029428909127903,10823,0
LOC_049,2024-02-01,SIKKIM,0.0030838652,0.013333334,LOW,0.7427432665861838,0.21,0.5392708333333334,0.31390977524654595,LOW PRIORITY,0.6377848617977266,3,0.79394377639488,0.6392444281521289,10823,0
LOC_049,2024-03-01,SIKKIM,0.0014495833,0.0,LOW,0.7776454488358487,0.21,0.505625,0.3122551122089622,LOW PRIORITY,0.8197547391613269,4,0.6644293636931617,0.7597310258222398,10823,0
LOC_049,2024-04-01,SIKKIM,0.07902554,0.10021251,MEDIUM,0.7609844958538365,0.21,0.6705208333333333,0.37290925296345917,LOW PRIORITY,0.773673288116161,9,0.7098304699981648,0.8604342253010204,10823,0
LOC_049,2024-05-01,SIKKIM,0.20206124,0.1780822,MEDIUM,0.7099117554143641,0.21,0.7461458333333333,0.402632693853591,LOW PRIORITY,0.7041863608219946,10,0.933008091032415,0.5357859031363799,10823,1
LOC_049,2024-06-01,SIKKIM,0.1524678,0.17073171,MEDIUM,0.6652766720761539,0.21,0.7448958333333333,0.3883462270190385,LOW PRIORITY,0.6086339090621187,8,0.7530630934608165,0.5660763524483473,10823,0
LOC_049,2024-07-01,SIKKIM,0.2794836,0.1780822,MEDIUM,0.7505380677297411,0.21,0.505625,0.37671114693243524,LOW PRIORITY,0.7173240690356211,9,0.8332522523021924,0.7515759495811506,10823,0
LOC_049,2024-08-01,SIKKIM,0.012043103,0.037974678,LOW,0.7420714647698583,0.21,0.8347916666666667,0.3679264873924646,LOW PRIORITY,0.917331957994854,10,0.5424027544766341,0.8418844799412784,10823,0
LOC_049,2024-09-01,SIKKIM,0.0028337124,0.013333334,LOW,0.7126757459610752,0.21,0.505625,0.3013460200902688,LOW PRIORITY,0.7258779101760076,7,0.6442190604907565,0.7139393465108701,10823,0
LOC_049,2024-10-01,SIKKIM,0.0004985974,0.0,LOW,0.8913159760274866,0.21,0.505625,0.34067274400687164,LOW PRIORITY,0.92896574188871,8,0.9408646199954512,0.9621002088924516,10823,0
LOC_049,2024-11-01,SIKKIM,0.0046875477,0.013333334,LOW,0.6865331210283392,0.21,0.6051041666666667,0.3097322388570848,LOW PRIORITY,0.6033705931367418,9,0.9043709400566852,0.5383909509199294,10823,0
LOC_050,2024-01-01,SIKKIM,0.0044402108,0.013333334,LOW,0.8564553643561239,0.47,0.505625,0.3892909246890309,LOW PRIORITY,0.841322281615316,2,0.860858093393648,0.7903077490821979,23687,0
LOC_050,2024-02-01,SIKKIM,0.0013425888,0.0,LOW,0.7364504479979146,0.47,0.5422916666666666,0.35945636199947867,LOW PRIORITY,0.6616451336742769,10,0.8628755005879822,0.7546144910627322,23687,0
LOC_050,2024-03-01,SIKKIM,0.00038419996,0.0,LOW,0.7461947300288923,0.47,0.5354166666666667,0.3608611825072231,LOW PRIORITY,0.8039203324524653,9,0.5505440095033272,0.9303145781597768,23687,0
LOC_050,2024-04-01,SIKKIM,0.012993683,0.037974678,LOW,0.8006278879991379,0.47,0.7965625000000001,0.4288312181997844,LOW PRIORITY,0.6556835872144101,3,0.7250188239021418,0.92180914088,23687,0
LOC_050,2024-05-01,SIKKIM,0.3729839,0.19999999,MEDIUM,0.7410668824918165,0.47,0.7129166666666666,0.4662042166229542,MEDIUM PRIORITY,0.8973766711480782,6,0.7640615538795652,0.5028293049396229,23687,0
LOC_050,2024-06-01,SIKKIM,0.4862654,0.21008402,MEDIUM,0.7991816347110954,0.47,0.7210416666666667,0.4859852666777738,MEDIUM PRIORITY,0.8537606709320491,2,0.5012480838050004,0.9083844507739988,23687,0
LOC_050,2024-07-01,SIKKIM,0.64956003,0.2873563,MEDIUM,0.6922004343409723,0.47,0.6909375,0.48563325358524306,MEDIUM PRIORITY,0.7210034353327641,1,0.57918888861928,0.5019427467451785,23687,1
LOC_050,2024-08-01,SIKKIM,0.52121013,0.21008402,MEDIUM,0.7816546709338829,0.47,0.5783333333333334,0.4601972757334707,MEDIUM PRIORITY,0.9598775808249224,3,0.6123395264748921,0.6544015764357172,23687,0
LOC_050,2024-09-01,SIKKIM,0.032267954,0.057142857,LOW,0.680092024964535,0.47,0.7045833333333333,0.3925676490411338,LOW PRIORITY,0.7667393359968586,9,0.6437546000236775,0.609874163837604,23687,0
LOC_050,2024-10-01,SIKKIM,0.00040641328,0.0,LOW,0.7503608932860999,0.47,0.505625,0.35743397332152493,LOW PRIORITY,0.9571623299058732,6,0.6307629213709371,0.6135183218675897,23687,0
LOC_050,2024-11-01,SIKKIM,0.0001136166,0.0,LOW,0.851648796734741,0.47,0.6807291666666666,0.4090215741836853,LOW PRIORITY,0.6915741361468593,7,0.958862433993236,0.9894919501322026,23687,0
LOC_051,2024-01-01,ARUNACHAL_PRADESH,0.011630071,0.037974678,LOW,0.7480279642168001,0.775,0.505625,0.43304061225420004,LOW PRIORITY,0.7750860382889578,11,0.9033097356410074,0.6803827496039017,39155,0
LOC_051,2024-02-01,ARUNACHAL_PRADESH,0.0010978543,0.0,LOW,0.8449303494047624,0.775,0.6773958333333333,0.46784196235119063,MEDIUM PRIORITY,0.8646509665768733,2,0.5926125572051775,0.9891245405036656,39155,0
LOC_051,2024-03-01,ARUNACHAL_PRADESH,0.0058843675,0.03797468,LOW,0.7974542275901559,0.775,0.505625,0.445397178897539,LOW PRIORITY,0.7720811359152836,12,0.871483692637858,0.946252081807482,39155,0
LOC_051,2024-04-01,ARUNACHAL_PRADESH,0.26801005,0.1780822,MEDIUM,0.81797069426991,0.775,0.505625,0.5065693035674775,MEDIUM PRIORITY,0.7359501847573908,11,0.9237104870956404,0.9788887718932756,39155,0
LOC_051,2024-05-01,ARUNACHAL_PRADESH,0.09584957,0.11764705,MEDIUM,0.7228808612157784,0.775,0.7122916666666668,0.48962278530394465,MEDIUM PRIORITY,0.6890121567549145,9,0.9251912841870736,0.5773200039211253,39155,1
LOC_051,2024-06-01,ARUNACHAL_PRADESH,0.52655,0.21008404,MEDIUM,0.7399957191879779,0.775,0.8404166666666666,0.5500950457969945,MEDIUM PRIORITY,0.9164058135988874,3,0.5546491502682216,0.5889279128848028,39155,0
LOC_051,2024-07-01,ARUNACHAL_PRADESH,0.49639988,0.21008402,MEDIUM,0.7281032447844928,0.775,0.505625,0.4969031691961232,MEDIUM PRIORITY,0.7345349487293293,13,0.8301894139431397,0.781021949798836,39155,0
LOC_051,2024-08-01,ARUNACHAL_PRADESH,0.034202017,0.057142857,LOW,0.826343878165801,0.775,0.6059375,0.4753337373414503,MEDIUM PRIORITY,0.8906932039261192,2,0.604232450281095,0.877116525122657,39155,0
LOC_051,2024-09-01,ARUNACHAL_PRADESH,0.0045022015,0.013333334,LOW,0.7666423188719378,0.775,0.505625,0.42783766331798445,LOW PRIORITY,0.9060567897872808,7,0.5245561941528427,0.8692896248809612,39155,0
LOC_051,2024-10-01,ARUNACHAL_PRADESH,0.0015949021,0.0,LOW,0.791424896707199,0.775,0.6128125,0.4447780991767997,LOW PRIORITY,0.7550566267765776,5,0.8999151304965745,0.6773944962223105,39155,0
LOC_051,2024-11-01,ARUNACHAL_PRADESH,0.00070798973,0.0,LOW,0.7790566745631645,0.775,0.6327083333333333,0.44467041864079115,LOW PRIORITY,0.843218029219253,11,0.8394595933247179,0.8002157423753538,39155,0
LOC_052,2024-01-01,MIZORAM,0.0009041719,0.0,LOW,0.7259439153599685,0.655,0.7071875000000001,0.41856410383999215,LOW PRIORITY,0.6968330772305418,4,0.7921331069893168,0.5481428105533487,32996,0
LOC_052,2024-02-01,MIZORAM,0.0017327145,0.0,LOW,0.7526671902126547,0.655,0.505625,0.39501054755316367,LOW PRIORITY,0.8945032825432686,5,0.6013135785288666,0.6815185664451501,32996,0
LOC_052,2024-03-01,MIZORAM,0.0016221105,0.0,LOW,0.8543082022611481,0.655,0.5685416666666667,0.42985830056528707,LOW PRIORITY,0.6672297156735826,1,0.8001839573737795,0.9831524693305635,32996,0
LOC_052,2024-04-01,MIZORAM,0.044764925,0.06422018,LOW,0.7847760307150917,0.655,0.8065625,0.4738664546787729,MEDIUM PRIORITY,0.8825641513881559,3,0.8314250884403749,0.5251148830318362,32996,0
LOC_052,2024-05-01,MIZORAM,0.16580631,0.1780822,MEDIUM,0.7435665481657477,0.655,0.505625,0.4639682670414369,MEDIUM PRIORITY,0.9747842378712872,5,0.5903752051842595,0.5757734162741106,32996,0
LOC_052,2024-06-01,MIZORAM,0.1417763,0.1707317,MEDIUM,0.8120147597332997,0.655,0.505625,0.47814011993332495,MEDIUM PRIORITY,0.8318111850571258,12,0.9328636654140215,0.8833841884620515,32996,0
LOC_052,2024-07-01,MIZORAM,0.6762571,0.28735632,MEDIUM,0.8415733650718074,0.655,0.6535416666666667,0.5543671192679518,MEDIUM PRIORITY,0.8442460680992714,7,0.871287740644967,0.8840929848763242,32996,0
LOC_052,2024-08-01,MIZORAM,0.11260842,0.11764707,MEDIUM,0.8424619896156993,0.655,0.6992708333333333,0.4935649504039248,MEDIUM PRIORITY,0.8246622878354144,3,0.8686752083225076,0.7765104623048752,32996,0
LOC_052,2024-09-01,MIZORAM,0.0003727619,0.0,LOW,0.624044694550888,0.655,0.7419791666666666,0.39830804863772196,LOW PRIORITY,0.7296331460125034,12,0.5726302079818932,0.5939154242091551,32996,0
LOC_052,2024-10-01,MIZORAM,0.0015618363,0.0,LOW,0.7041345574626874,0.655,0.505625,0.38287738936567184,LOW PRIORITY,0.8724032585963424,10,0.593046438292292,0.6844218662954482,32996,0
LOC_052,2024-11-01,MIZORAM,0.00033507083,0.0,LOW,0.7935410167499848,0.655,0.6815625000000001,0.4316196291874962,LOW PRIORITY,0.8017220967553549,9,0.9591219686383314,0.7133200016062528,32996,0
LOC_053,2024-01-01,ASSAM,0.0013707855,0.0,LOW,0.8576886031773057,0.85,0.505625,0.4602659007943264,MEDIUM PRIORITY,0.788899032293625,1,0.939704590258358,0.735484123490573,42576,0
LOC_053,2024-02-01,ASSAM,0.000406577,0.0,LOW,0.6396652949655064,0.85,0.505625,0.40576007374137657,LOW PRIORITY,0.6232207837209097,13,0.5919345141490893,0.7768392153253595,42576,0
LOC_053,2024-03-01,ASSAM,0.0036617543,0.013333334,LOW,0.8245024543310062,0.85,0.5761458333333334,0.4678808221827515,MEDIUM PRIORITY,0.8562055260409187,9,0.7692030457685061,0.9726012455146,42576,0
LOC_053,2024-04-01,ASSAM,0.092191644,0.11764706,MEDIUM,0.8375489488294758,0.85,0.7030208333333333,0.531899186207369,MEDIUM PRIORITY,0.7789736509224274,4,0.920101480516314,0.7844539972124954,42576,0
LOC_053,2024-05-01,ASSAM,0.66832805,0.28735632,MEDIUM,0.8558674086199973,0.85,0.7421875,0.6102375051549993,MEDIUM PRIORITY,0.9697252601850068,12,0.968808447494086,0.8849359268008966,42576,0
LOC_053,2024-06-01,ASSAM,0.699231,0.28735632,MEDIUM,0.6957002818893724,0.85,0.5081249999999999,0.5350863484723432,MEDIUM PRIORITY,0.6176371609987039,12,0.705492844504943,0.8596711220538424,42576,1
LOC_053,2024-07-01,ASSAM,0.24935484,0.1780822,MEDIUM,0.7114085207794869,0.85,0.9663541666666666,0.5640381351948718,MEDIUM PRIORITY,0.6433673261451549,10,0.5515027203104722,0.9840973699956532,42576,0
LOC_053,2024-08-01,ASSAM,0.112631455,0.11764706,MEDIUM,0.7978819072342037,0.85,0.505625,0.4923730508085509,MEDIUM PRIORITY,0.9929441353813996,8,0.8607794169862226,0.6044707432358591,42576,0
LOC_053,2024-09-01,ASSAM,0.0024591766,0.0,LOW,0.7394268018599033,0.85,0.7025,0.46023170046497586,MEDIUM PRIORITY,0.9317041556526524,2,0.5173227649652294,0.575346953488398,42576,0
LOC_053,2024-10-01,ASSAM,0.0011237303,0.0,LOW,0.671236559107413,0.85,0.505625,0.4136528897768532,LOW PRIORITY,0.6892699227134961,6,0.5329325323289607,0.6627437813871948,42576,0
LOC_053,2024-11-01,ASSAM,0.00053794973,0.0,LOW,0.7069082186646853,0.85,0.6348958333333333,0.44196142966617136,LOW PRIORITY,0.8146225508869185,5,0.6476495745015023,0.532027415936987,42576,0
LOC_054,2024-01-01,TRIPURA,0.00051746925,0.0,LOW,0.7257145823293507,0.56,0.6947916666666667,0.39764739558233775,LOW PRIORITY,0.7808696464023083,5,0.7519125764085275,0.5367427731732337,28384,0
LOC_054,2024-02-01,TRIPURA,0.0013396293,0.0,LOW,0.6620573055927976,0.56,0.6151041666666667,0.3697799513981994,LOW PRIORITY,0.6863641663668963,13,0.819179380230662,0.5760190091069661,28384,0
LOC_054,2024-03-01,TRIPURA,0.0035522138,0.013333334,LOW,0.6479221003177682,0.56,0.6080208333333333,0.370516983679442,LOW PRIORITY,0.6732627327929537,5,0.5684420402592465,0.5166502948855392,28384,0
LOC_054,2024-04-01,TRIPURA,0.08565287,0.11764705,MEDIUM,0.7110593082007445,0.56,0.505625,0.4126673970501861,LOW PRIORITY,0.8606447612395398,5,0.5431990808047826,0.6070600574253218,28384,0
LOC_054,2024-05-01,TRIPURA,0.15622395,0.17073171,MEDIUM,0.738819093115044,0.56,0.7894791666666667,0.483419332278761,MEDIUM PRIORITY,0.7941961594251118,13,0.6843196076561957,0.910093938712202,28384,0
LOC_054,2024-06-01,TRIPURA,0.75218385,0.28735632,MEDIUM,0.8447944805743166,0.56,0.6083333333333334,0.5293911481435792,MEDIUM PRIORITY,0.973110491469526,9,0.7211245927408712,0.9849428380868694,28384,1
LOC_054,2024-07-01,TRIPURA,0.108265765,0.11764706,MEDIUM,0.6645099796380385,0.56,0.96375,0.46974881890950965,MEDIUM PRIORITY,0.6499672825743827,8,0.5786493578522283,0.6960899447922098,28384,0
LOC_054,2024-08-01,TRIPURA,0.06517496,0.06422018,LOW,0.7591053622150943,0.56,0.656875,0.4259956625537736,LOW PRIORITY,0.9676603098232088,10,0.8437762821990207,0.5583181901714804,28384,0
LOC_054,2024-09-01,TRIPURA,0.056733746,0.06422018,LOW,0.7796166181846467,0.56,0.505625,0.4084359765461617,LOW PRIORITY,0.9668419705878551,11,0.583673803439549,0.9346173653778492,28384,0
LOC_054,2024-10-01,TRIPURA,0.00040483157,0.0,LOW,0.8069602177154969,0.56,0.505625,0.3895838044288742,LOW PRIORITY,0.6504184989311598,5,0.9373664082970232,0.8067226303004711,28384,0
LOC_054,2024-11-01,TRIPURA,0.00029073987,0.0,LOW,0.7041815503188895,0.56,0.7534375,0.40106101257972243,LOW PRIORITY,0.7520342754496325,12,0.9070487911312038,0.5576431346947218,28384,0
LOC_055,2024-01-01,MANIPUR,0.000718776,0.0,LOW,0.8253735976572717,0.72,0.5231250000000001,0.4288121494143179,LOW PRIORITY,0.7112144077048155,8,0.9361248156308588,0.9208218339600792,35911,0
LOC_055,2024-02-01,MANIPUR,0.0012107141,0.0,LOW,0.8067254768259906,0.72,0.6440625,0.4422907442064976,LOW PRIORITY,0.616174924606213,5,0.8726590301236571,0.9047346192407588,35911,0
LOC_055,2024-03-01,MANIPUR,0.005677273,0.013333334,LOW,0.6508430608855138,0.72,0.6327083333333333,0.40695034882137837,LOW PRIORITY,0.8647265715235088,10,0.5064795528717772,0.5654994524801021,35911,0
LOC_055,2024-04-01,MANIPUR,0.09479083,0.11764706,MEDIUM,0.7893432266789542,0.72,0.5129166666666667,0.46533213066973855,MEDIUM PRIORITY,0.907070271513152,10,0.6156872718560631,0.9679486966799352,35911,0
LOC_055,2024-05-01,MANIPUR,0.7358362,0.28735632,MEDIUM,0.722280221514511,0.72,0.5128125,0.5164344583786278,MEDIUM PRIORITY,0.7961799430443857,7,0.80236383741806,0.5239104389289315,35911,0
LOC_055,2024-06-01,MANIPUR,0.4848189,0.21008404,MEDIUM,0.7629629699795397,0.72,0.7188541666666667,0.526602483494885,MEDIUM PRIORITY,0.7316687824509773,10,0.6934890974117198,0.960027333388795,35911,1
LOC_055,2024-07-01,MANIPUR,0.40294325,0.21008402,MEDIUM,0.7518606744481346,0.72,0.9027083333333333,0.5514050266120336,MEDIUM PRIORITY,0.7803731985848342,13,0.998794542567325,0.661608289973713,35911,0
LOC_055,2024-08-01,MANIPUR,0.42581874,0.21008404,MEDIUM,0.7381106686324663,0.72,0.6227083333333333,0.5059675331581166,MEDIUM PRIORITY,0.7758099340774421,7,0.5030199941784086,0.906946079607348,35911,1
LOC_055,2024-09-01,MANIPUR,0.0032217002,0.013333334,LOW,0.7341752668828132,0.72,0.9332291666666667,0.4728615253207033,MEDIUM PRIORITY,0.8239835966153717,10,0.8535719300660254,0.5924788741831888,35911,0
LOC_055,2024-10-01,MANIPUR,0.00037239282,0.0,LOW,0.8220607869934439,0.72,0.505625,0.42535894674836094,LOW PRIORITY,0.9708396310892478,12,0.7917793292043769,0.9256241876801508,35911,0
LOC_055,2024-11-01,MANIPUR,0.0006401165,0.0,LOW,0.8490287100733078,0.72,0.5536458333333334,0.439304052518327,LOW PRIORITY,0.8485208535578522,12,0.9667048139369838,0.9808891727983952,35911,0
LOC_056,2024-01-01,MIZORAM,0.0016541735,0.0,LOW,0.8369679620843935,0.95,0.85625,0.5276794905210984,MEDIUM PRIORITY,0.8499498141299666,2,0.9853943530060256,0.579194347868248,47352,0
LOC_056,2024-02-01,MIZORAM,0.0003285755,0.0,LOW,0.718809426399047,0.95,0.505625,0.44554610659976174,LOW PRIORITY,0.6936770926420939,1,0.587999850405869,0.6268940958815585,47352,0
LOC_056,2024-03-01,MIZORAM,0.00070284825,0.0,LOW,0.8457414640588454,0.95,0.6230208333333334,0.49488849101471133,MEDIUM PRIORITY,0.9196275079025088,2,0.5963059754178093,0.9336990395817304,47352,0
LOC_056,2024-04-01,MIZORAM,0.05738574,0.06422018,LOW,0.8039052249513094,0.95,0.69375,0.5207268782378274,MEDIUM PRIORITY,0.7425827885713382,3,0.6115972085011547,0.9614409027327452,47352,0
LOC_056,2024-05-01,MIZORAM,0.7113596,0.28735632,MEDIUM,0.7954864240467305,0.95,0.5422916666666666,0.5851578840116827,MEDIUM PRIORITY,0.8751818034409884,8,0.600368908288016,0.9730616511245842,47352,0
LOC_056,2024-06-01,MIZORAM,0.7171946,0.28735632,MEDIUM,0.8435509334892224,0.95,0.7657291666666666,0.6306896363723056,MEDIUM PRIORITY,0.7650910905079976,9,0.913519969190384,0.995592674258508,47352,0
LOC_056,2024-07-01,MIZORAM,0.3347046,0.19565217,MEDIUM,0.7094916161762064,0.95,0.5129166666666667,0.5225712720440516,MEDIUM PRIORITY,0.8077206572100606,13,0.9050293878352372,0.5585497529928608,47352,1
LOC_056,2024-08-01,MIZORAM,0.028829219,0.057142854,LOW,0.8133146020230928,0.95,0.7965625000000001,0.5356701671057732,MEDIUM PRIORITY,0.9556479048253618,1,0.5862188220705618,0.7447250145297806,47352,0
LOC_056,2024-09-01,MIZORAM,0.0003311356,0.0,LOW,0.772941054013697,0.95,0.505625,0.4590790135034242,MEDIUM PRIORITY,0.8276565111186761,2,0.8237984307039099,0.5069759408988688,47352,0
LOC_056,2024-10-01,MIZORAM,0.00039912065,0.0,LOW,0.8036627738990769,0.95,0.6327083333333333,0.48582194347476926,MEDIUM PRIORITY,0.941709661729625,6,0.8883198510169323,0.5846215828497507,47352,0
LOC_056,2024-11-01,MIZORAM,0.0024205938,0.0,LOW,0.681269435384494,0.95,0.505625,0.43616110884612347,LOW PRIORITY,0.6739397687344059,11,0.6824466797312545,0.7353579597389823,47352,0
LOC_057,2024-01-01,MANIPUR,0.0030981486,0.013333334,LOW,0.7057169686546917,0.16,0.6154166666666667,0.30607507576367293,LOW PRIORITY,0.8031579981864271,12,0.91767482953497,0.5020350468973694,8400,0
LOC_057,2024-02-01,MANIPUR,0.009784994,0.037974678,LOW,0.7443377938525649,0.16,0.5601041666666666,0.31728994466314125,LOW PRIORITY,0.7407236120400517,5,0.6348278829842202,0.7684663470526545,8400,0
LOC_057,2024-03-01,MANIPUR,0.0056256647,0.013333334,LOW,0.6936462797266506,0.16,0.505625,0.28658865353166263,LOW PRIORITY,0.7471343669302899,5,0.6786352731020331,0.5154821455409462,8400,0
LOC_057,2024-04-01,MANIPUR,0.021639245,0.03797468,LOW,0.778679057970652,0.16,0.8760416666666667,0.373265886492663,LOW PRIORITY,0.986481230831204,1,0.5326289144830867,0.62893941990165,8400,1
LOC_057,2024-05-01,MANIPUR,0.13580602,0.17073171,MEDIUM,0.883171630433798,0.16,0.756875,0.4346168416084495,LOW PRIORITY,0.8577238691494125,1,0.7344811833166002,0.9738148026025122,8400,1
LOC_057,2024-06-01,MANIPUR,0.8855696,0.3043478,MEDIUM,0.6361426951677559,0.16,0.505625,0.38861854379193894,LOW PRIORITY,0.601042092730009,12,0.5844515113130202,0.7590771766279947,8400,1
LOC_057,2024-07-01,MANIPUR,0.3775092,0.19999999,MEDIUM,0.7121130107969345,0.16,0.7105208333333333,0.39660637369923357,LOW PRIORITY,0.6018265628647587,7,0.5096510447534697,0.9703077689028428,8400,0
LOC_057,2024-08-01,MANIPUR,0.08225666,0.11764706,MEDIUM,0.7104224708899123,0.16,0.690625,0.360258191722478,LOW PRIORITY,0.947127477150736,13,0.6712543572173348,0.6566413825249113,8400,0
LOC_057,2024-09-01,MANIPUR,0.0007127672,0.0,LOW,0.8699055084890713,0.16,0.6327083333333333,0.34438262712226786,LOW PRIORITY,0.9782504406260542,12,0.9343743350296758,0.966997258300555,8400,0
LOC_057,2024-10-01,MANIPUR,0.0026776688,0.013333334,LOW,0.7426261944857763,0.16,0.505625,0.29883363222144405,LOW PRIORITY,0.8036228624366848,5,0.7178298182179494,0.6157187639551374,8400,0
LOC_057,2024-11-01,MANIPUR,0.00089227245,0.0,LOW,0.7113981478557159,0.16,0.5422916666666666,0.291193286963929,LOW PRIORITY,0.6371355141648877,10,0.6414984879281435,0.9002919226631658,8400,0
LOC_058,2024-01-01,MEGHALAYA,0.0018447662,0.0,LOW,0.8103127618361657,0.435,0.505625,0.3654219404590414,LOW PRIORITY,0.8382625816117998,1,0.8614335208283983,0.5748882782377982,22364,0
LOC_058,2024-02-01,MEGHALAYA,0.0010099699,0.0,LOW,0.8682478578961842,0.435,0.5455208333333333,0.385890089474046,LOW PRIORITY,0.9468540011670192,7,0.7947540260817283,0.9647167376693228,22364,0
LOC_058,2024-03-01,MEGHALAYA,0.002299792,0.0,LOW,0.6717934648436397,0.435,0.7410416666666666,0.36610461621090995,LOW PRIORITY,0.7639847518007457,8,0.5103559268920236,0.6794998473484561,22364,0
LOC_058,2024-04-01,MEGHALAYA,0.3330241,0.19565217,MEDIUM,0.7129766776639228,0.435,0.5422916666666666,0.4248487874159807,LOW PRIORITY,0.8944288617596257,7,0.6445459979277102,0.5462651843016888,22364,0
LOC_058,2024-05-01,MEGHALAYA,0.46401623,0.21008405,MEDIUM,0.8099407287486139,0.435,0.8451041666666667,0.5002844271871535,MEDIUM PRIORITY,0.8863348037981913,11,0.8652629562241614,0.8548318216387698,22364,0
LOC_058,2024-06-01,MEGHALAYA,0.04110784,0.06422018,LOW,0.8331728624274904,0.435,0.505625,0.3968250376068726,LOW PRIORITY,0.902765381057172,1,0.7186896706340123,0.7445697313521107,22364,0
LOC_058,2024-07-01,MEGHALAYA,0.24716914,0.1780822,MEDIUM,0.726911576573812,0.435,0.8953125,0.474257649143453,MEDIUM PRIORITY,0.7084196822643072,4,0.6205771468233237,0.7119828105409505,22364,0
LOC_058,2024-08-01,MEGHALAYA,0.030604092,0.057142857,LOW,0.7677212526707853,0.435,0.505625,0.37763120596769634,LOW PRIORITY,0.6050906997258579,2,0.8316664908246141,0.7007944867993359,22364,0
LOC_058,2024-09-01,MEGHALAYA,0.013749729,0.03797468,LOW,0.7335209525633762,0.435,0.5422916666666666,0.36691386014084404,LOW PRIORITY,0.7380183573343772,3,0.7415333523281342,0.5545321005909936,22364,0
LOC_058,2024-10-01,MEGHALAYA,0.0001985023,0.0,LOW,0.7749554296650628,0.435,0.6788541666666666,0.3825669824162657,LOW PRIORITY,0.6501180817205707,5,0.9608673949594904,0.6555029086468567,22364,0
LOC_058,2024-11-01,MEGHALAYA,0.002658201,0.013333334,LOW,0.8435142032401104,0.435,0.555625,0.3865556344100276,LOW PRIORITY,0.9830148117709616,10,0.9753255667250073,0.749049767797806,22364,0
LOC_059,2024-01-01,MIZORAM,0.0016804168,0.0,LOW,0.5999947401213381,0.375,0.505625,0.30084243503033453,LOW PRIORITY,0.6436761213138265,13,0.594501584249461,0.5951345882553984,19540,0
LOC_059,2024-02-01,MIZORAM,0.07692391,0.06422018,LOW,0.8832438490763558,0.375,0.505625,0.397342784269089,LOW PRIORITY,0.8031725768715426,5,0.999865570865718,0.8966039152348291,19540,0
LOC_059,2024-03-01,MIZORAM,0.012669685,0.037974678,LOW,0.7217306717812141,0.375,0.7291666666666667,0.37999753914530354,LOW PRIORITY,0.6694062001035511,11,0.8028766800129049,0.7813064736750672,19540,0
LOC_059,2024-04-01,MIZORAM,0.50502276,0.21008405,MEDIUM,0.8238647556883129,0.375,0.753125,0.47796855892207823,MEDIUM PRIORITY,0.783549310573159,12,0.9523816342422788,0.9595280779378136,19540,0
LOC_059,2024-05-01,MIZORAM,0.88569504,0.3043478,MEDIUM,0.8182304666669507,0.375,0.505625,0.47714048666673764,MEDIUM PRIORITY,0.7902468066262602,5,0.7785990675240062,0.8707426591842027,19540,1
LOC_059,2024-06-01,MIZORAM,0.020556446,0.037974678,LOW,0.7353526406486638,0.375,0.9120833333333334,0.410840531362166,LOW PRIORITY,0.8375711130537227,1,0.5964766328753826,0.5406961499988834,19540,1
LOC_059,2024-07-01,MIZORAM,0.62961864,0.26530612,MEDIUM,0.8290218788961878,0.375,0.6327083333333333,0.4832841677240469,MEDIUM PRIORITY,0.8680477515834051,1,0.660629130479959,0.8207439668547203,19540,1
LOC_059,2024-08-01,MIZORAM,0.4610354,0.21008405,MEDIUM,0.7649765795690157,0.375,0.6713541666666667,0.45098088989225393,MEDIUM PRIORITY,0.9757222099569683,12,0.7532360867220415,0.7309480215970527,19540,0
LOC_059,2024-09-01,MIZORAM,0.0023599546,0.0,LOW,0.7942232486689312,0.375,0.505625,0.3493995621672328,LOW PRIORITY,0.6840798428398466,3,0.6733722022962535,0.9194409495396252,19540,0
LOC_059,2024-10-01,MIZORAM,0.00052245485,0.0,LOW,0.7800686406964714,0.375,0.7063541666666666,0.37597028517411785,LOW PRIORITY,0.717925780083134,3,0.5631413699932553,0.9392074127094964,19540,0
LOC_059,2024-11-01,MIZORAM,0.00037140527,0.0,LOW,0.7318416076063422,0.375,0.505625,0.3338041519015855,LOW PRIORITY,0.6151891585038034,3,0.5299892025306154,0.8821880693909501,19540,0
LOC_060,2024-01-01,MANIPUR,0.0007732843,0.0,LOW,0.7883970393984392,0.13,0.5895833333333333,0.3115367598496098,LOW PRIORITY,0.6350604877024986,2,0.915910111923413,0.6692842246345114,7801,0
LOC_060,2024-02-01,MANIPUR,0.0054170256,0.013333334,LOW,0.739916722828422,0.13,0.505625,0.2921562643071055,LOW PRIORITY,0.9412066193154544,13,0.594885952761145,0.8569076525704225,7801,0
LOC_060,2024-03-01,MANIPUR,0.0010701775,0.0,LOW,0.7252524425896585,0.13,0.505625,0.28315686064741463,LOW PRIORITY,0.611565304775467,2,0.5383118006434001,0.8177993316064338,7801,0
LOC_060,2024-04-01,MANIPUR,0.13040785,0.125,MEDIUM,0.7938843413452972,0.13,0.7240625,0.3830804603363243,LOW PRIORITY,0.8234226073014539,6,0.7284546407846604,0.8236601172950747,7801,0
LOC_060,2024-05-01,MANIPUR,0.4546744,0.21008404,MEDIUM,0.741496327714289,0.13,0.5877083333333333,0.38356394792857224,LOW PRIORITY,0.6486807270227617,8,0.8853899666295937,0.698581283871467,7801,1
LOC_060,2024-06-01,MANIPUR,0.45123187,0.21008404,MEDIUM,0.733364596873213,0.13,0.9555208333333334,0.43670289021830333,LOW PRIORITY,0.7697560601691678,6,0.5036914577190565,0.8600108696046276,7801,1
LOC_060,2024-07-01,MANIPUR,0.15261067,0.17073171,MEDIUM,0.7280051350742398,0.13,0.9217708333333333,0.41455959276855997,LOW PRIORITY,0.8073610310736137,11,0.5430864038470475,0.9282397720429648,7801,0
LOC_060,2024-08-01,MANIPUR,0.20125327,0.1780822,MEDIUM,0.837088188497883,0.13,0.505625,0.38234867712447074,LOW PRIORITY,0.8250869552503126,1,0.7200400570326015,0.8365590750419512,7801,0
LOC_060,2024-09-01,MANIPUR,0.004324043,0.013333334,LOW,0.7752247459014838,0.13,0.505625,0.30098327007537096,LOW PRIORITY,0.8107492640985196,13,0.7244652325207188,0.99901782032003,7801,0
LOC_060,2024-10-01,MANIPUR,0.001902609,0.0,LOW,0.781298226534404,0.13,0.5422916666666666,0.302668306633601,LOW PRIORITY,0.8121140060698082,4,0.5222910603936776,0.9241211730074635,7801,0
LOC_060,2024-11-01,MANIPUR,0.0023597358,0.0,LOW,0.8850603841319804,0.13,0.7424999999999999,0.35864009603299507,LOW PRIORITY,0.8145834688236109,2,0.9642867174874178,0.8280380168835594,7801,0
LOC_061,2024-01-01,NAGALAND,0.0018060706,0.0,LOW,0.8220019935290759,0.8,0.505625,0.441344248382269,LOW PRIORITY,0.6651881017741045,7,0.8617810352712959,0.9943721704042364,40081,0
LOC_061,2024-02-01,NAGALAND,0.00060765067,0.0,LOW,0.737586083515784,0.8,0.7255208333333334,0.453224645878946,MEDIUM PRIORITY,0.8759555950414066,12,0.9431603811560894,0.5312283578656403,40081,0
LOC_061,2024-03-01,NAGALAND,0.00086523127,0.0,LOW,0.7559592212740194,0.8,0.5114583333333333,0.4257085553185049,LOW PRIORITY,0.7078973773036215,9,0.7778609332308932,0.8380785745615625,40081,0
LOC_061,2024-04-01,NAGALAND,0.09716847,0.11764706,MEDIUM,0.7975907464529102,0.8,0.5120833333333333,0.4832690106132276,MEDIUM PRIORITY,0.8878004008542286,7,0.6435399926828302,0.8923559256079154,40081,0
LOC_061,2024-05-01,NAGALAND,0.39583245,0.21008402,MEDIUM,0.6928655668404282,0.8,0.5996874999999999,0.5072031247101071,MEDIUM PRIORITY,0.9395012082791896,9,0.513230391411041,0.6187306676714825,40081,0
LOC_061,2024-06-01,NAGALAND,0.10078856,0.11764705,MEDIUM,0.7874438276174482,0.8,0.7317708333333333,0.5136854019043621,MEDIUM PRIORITY,0.6841645455716298,2,0.6217310615257529,0.9105463700390772,40081,1
LOC_061,2024-07-01,NAGALAND,0.1381157,0.17073171,MEDIUM,0.6824988968809331,0.8,0.7203125,0.5069642832202333,MEDIUM PRIORITY,0.97449107590305,10,0.5684643656134332,0.5203734793405828,40081,0
LOC_061,2024-08-01,NAGALAND,0.5762735,0.26530612,MEDIUM,0.6968203110304259,0.8,0.7138541666666667,0.5474056507576065,MEDIUM PRIORITY,0.8824053840884869,10,0.5084112898423959,0.729797903524154,40081,0
LOC_061,2024-09-01,NAGALAND,0.00082293863,0.0,LOW,0.7425026738534499,0.8,0.505625,0.4214694184633625,LOW PRIORITY,0.6695903812080324,10,0.7805726309227132,0.8531810166163873,40081,0
LOC_061,2024-10-01,NAGALAND,0.0010784026,0.0,LOW,0.7796852753456095,0.8,0.7286458333333333,0.46421819383640245,MEDIUM PRIORITY,0.6947100040145421,3,0.6073007982834261,0.91673029908447,40081,0
LOC_061,2024-11-01,NAGALAND,0.00041678085,0.0,LOW,0.7582577998453022,0.8,0.6327083333333333,0.4444706999613256,LOW PRIORITY,0.6294270707685102,1,0.8067832159058599,0.6301542460401717,40081,0
LOC_062,2024-01-01,NAGALAND,0.00076491357,0.0,LOW,0.6512892878926135,0.53,0.5336458333333334,0.3488691969731534,LOW PRIORITY,0.6354012076968101,11,0.6107330861853522,0.7256895243549584,27432,0
LOC_062,2024-02-01,NAGALAND,0.0010036258,0.0,LOW,0.7150582095639737,0.53,0.611875,0.3765458023909934,LOW PRIORITY,0.7094435529770704,13,0.942372294587749,0.6417503240244086,27432,0
LOC_062,2024-03-01,NAGALAND,0.0020794522,0.0,LOW,0.7018101181183549,0.53,0.6264583333333333,0.37542127952958876,LOW PRIORITY,0.9100320036225304,13,0.807327543161872,0.5232142590223505,27432,0
LOC_062,2024-04-01,NAGALAND,0.022373462,0.03797468,LOW,0.6820145507221039,0.53,0.505625,0.367537259680526,LOW PRIORITY,0.6746214316933024,11,0.6885340999539449,0.7315693379078352,27432,0
LOC_062,2024-05-01,NAGALAND,0.2566551,0.1780822,MEDIUM,0.9625789336051092,0.53,0.8641666666666666,0.5475026134012773,MEDIUM PRIORITY,0.9782300015660192,2,0.9876188324367632,0.9511335670843208,27432,0
LOC_062,2024-06-01,NAGALAND,0.5187917,0.21008402,MEDIUM,0.6309019321576956,0.53,0.7075,0.45388409103942395,MEDIUM PRIORITY,0.6208148450852748,12,0.6561396486013515,0.646653234944156,27432,1
LOC_062,2024-07-01,NAGALAND,0.3010122,0.1780822,MEDIUM,0.7934149168195714,0.53,0.8185416666666667,0.49836785920489285,MEDIUM PRIORITY,0.7815649447977688,6,0.731079445809794,0.8610152766707233,27432,0
LOC_062,2024-08-01,NAGALAND,0.044869356,0.06422018,LOW,0.780662307085905,0.53,0.505625,0.40269739877147626,LOW PRIORITY,0.8860529998620323,3,0.6765009826249357,0.6600952458566518,27432,0
LOC_062,2024-09-01,NAGALAND,0.011679495,0.03797468,LOW,0.718095425237445,0.53,0.6901041666666667,0.4042293533093613,LOW PRIORITY,0.7054312058485667,13,0.6144076321960837,0.9858761962384632,27432,0
LOC_062,2024-10-01,NAGALAND,0.006449313,0.037974678,LOW,0.7173314778534197,0.53,0.8725,0.4313977406633549,LOW PRIORITY,0.9235486360809446,10,0.6413353873979295,0.6377752212681377,27432,0
LOC_062,2024-11-01,NAGALAND,0.00039949256,0.0,LOW,0.7076593289378592,0.53,0.505625,0.3587585822344648,LOW PRIORITY,0.6729624810949494,9,0.6344286063155048,0.8232462283409827,27432,0
LOC_063,2024-01-01,MEGHALAYA,0.003290478,0.013333335,LOW,0.7485609223811898,0.12,0.505625,0.2923173145952974,LOW PRIORITY,0.8394735592105209,13,0.6361744120746436,0.9519290515729278,7588,0
LOC_063,2024-02-01,MEGHALAYA,0.0034516612,0.013333334,LOW,0.8594132548236474,0.12,0.5944791666666667,0.33335852230591184,LOW PRIORITY,0.8731069758069832,3,0.9736188949500072,0.6909271485375992,7588,0
LOC_063,2024-03-01,MEGHALAYA,0.15828745,0.1780822,MEDIUM,0.788675360265105,0.12,0.5770833333333334,0.3789642200662763,LOW PRIORITY,0.6588227232870852,7,0.8339024323257976,0.8953096187808705,7588,0
LOC_063,2024-04-01,MEGHALAYA,0.061561164,0.06422018,LOW,0.6952742225865655,0.12,0.6051041666666667,0.3142722526466414,LOW PRIORITY,0.8152615119585516,12,0.5020300456530472,0.8638053327346633,7588,0
LOC_063,2024-05-01,MEGHALAYA,0.37023818,0.2,MEDIUM,0.6448455354842202,0.12,0.883125,0.39768013387105505,LOW PRIORITY,0.781564421241672,13,0.7154344526179357,0.5157166014106064,7588,0
LOC_063,2024-06-01,MEGHALAYA,0.6020516,0.26530612,MEDIUM,0.7640372704608676,0.12,0.7264583333333333,0.4301005156152169,LOW PRIORITY,0.9943814711300796,12,0.8019137190404215,0.659853891672969,7588,1
LOC_063,2024-07-01,MEGHALAYA,0.088573776,0.11764707,MEDIUM,0.7921855220462625,0.12,0.505625,0.3449489585115656,LOW PRIORITY,0.6278491452057421,3,0.7322262672367166,0.9086666757425912,7588,0
LOC_063,2024-08-01,MEGHALAYA,0.21722937,0.1780822,MEDIUM,0.7154160577506524,0.12,0.536875,0.3546181444376631,LOW PRIORITY,0.805955877456007,7,0.5313568535357192,0.757684833344217,7588,0
LOC_063,2024-09-01,MEGHALAYA,0.00063372095,0.0,LOW,0.8041022204864996,0.12,0.505625,0.3008693051216249,LOW PRIORITY,0.8989588380172604,10,0.6863603711553717,0.9644230061066996,7588,0
LOC_063,2024-10-01,MEGHALAYA,3.6985715e-05,0.0,LOW,0.7463441217797491,0.12,0.5770833333333334,0.2971485304449373,LOW PRIORITY,0.6191038075914431,1,0.598979711557151,0.8006263013037354,7588,0
LOC_063,2024-11-01,MEGHALAYA,0.0009428329,0.0,LOW,0.7664780483189864,0.12,0.7480208333333334,0.32782263707974657,LOW PRIORITY,0.8140384235157776,7,0.6038844838610593,0.8813226192324422,7588,0
LOC_064,2024-01-01,NAGALAND,0.0014265364,0.0,LOW,0.6860372773567525,0.195,0.6522916666666667,0.30835306933918816,LOW PRIORITY,0.6735532841809972,8,0.7321599243768948,0.6051025675357844,10435,0
LOC_064,2024-02-01,NAGALAND,0.0027416393,0.013333333,LOW,0.8429228203205728,0.195,0.8431249999999999,0.38153278828014325,LOW PRIORITY,0.761944720842568,9,0.9428074438565036,0.9669391165832196,10435,0
LOC_064,2024-03-01,NAGALAND,0.0016845359,0.0,LOW,0.7005818539118458,0.195,0.505625,0.28998921347796147,LOW PRIORITY,0.9244853627735212,7,0.5049008925600832,0.6062744936471121,10435,0
LOC_064,2024-04-01,NAGALAND,0.09380328,0.11764706,MEDIUM,0.6726378102511743,0.195,0.8680208333333332,0.3844214015627936,LOW PRIORITY,0.6610134338391096,13,0.8535698854084799,0.6093012550904411,10435,0
LOC_064,2024-05-01,NAGALAND,0.44445783,0.21008404,MEDIUM,0.7492404445840103,0.195,0.505625,0.38618747714600254,LOW PRIORITY,0.6719869326406736,5,0.6670734410720942,0.8245680712899399,10435,1
LOC_064,2024-06-01,NAGALAND,0.5016688,0.21008405,MEDIUM,0.901388914406173,0.195,0.9829166666666667,0.4958183486015433,MEDIUM PRIORITY,0.8076488016909928,4,0.9771133972636494,0.9541267920033828,10435,0
LOC_064,2024-07-01,NAGALAND,0.16600943,0.1780822,MEDIUM,0.796448423585132,0.195,0.505625,0.385188735896283,LOW PRIORITY,0.96896645415023,12,0.7857866183059183,0.8310406218843795,10435,0
LOC_064,2024-08-01,NAGALAND,0.19971995,0.1780822,MEDIUM,0.7661552895858246,0.195,0.505625,0.3776154523964561,LOW PRIORITY,0.8504484034610764,13,0.8000303651930412,0.8474757230225145,10435,0
LOC_064,2024-09-01,NAGALAND,0.008923061,0.03797468,LOW,0.7826494495599164,0.195,0.6051041666666667,0.3406178593899791,LOW PRIORITY,0.894418864476634,7,0.7929989729908953,0.6765132941054699,10435,0
LOC_064,2024-10-01,NAGALAND,0.0043938546,0.013333334,LOW,0.8712806549055974,0.195,0.9299999999999999,0.4016534973263993,LOW PRIORITY,0.8960936066947296,1,0.7011247054833518,0.9212376407776413,10435,0
LOC_064,2024-11-01,NAGALAND,0.004669192,0.013333334,LOW,0.6873595794634262,0.195,0.505625,0.29201697846585656,LOW PRIORITY,0.8436707697810518,8,0.5148486526716693,0.6575855620676503,10435,0
LOC_065,2024-01-01,SIKKIM,0.0005364543,0.0,LOW,0.8033209827680148,0.015,0.65,0.30133024569200373,LOW PRIORITY,0.8989670660768923,2,0.8587718331878706,0.5222116984739626,1504,0
LOC_065,2024-02-01,SIKKIM,0.0015623234,0.0,LOW,0.7170037145481756,0.015,0.690625,0.2858446786370439,LOW PRIORITY,0.7079610812542467,10,0.8417121167233632,0.6516749935484256,1504,0
LOC_065,2024-03-01,SIKKIM,0.00017486667,0.0,LOW,0.7213354036385488,0.015,0.5422916666666666,0.2646776009096372,LOW PRIORITY,0.7969765805708786,4,0.5091876642639197,0.7125107030527298,1504,0
LOC_065,2024-04-01,SIKKIM,0.020758795,0.03797468,LOW,0.7089697369845208,0.015,0.6448958333333333,0.2921666812461302,LOW PRIORITY,0.7513372645137674,12,0.6608151418029595,0.8237265416213562,1504,0
LOC_065,2024-05-01,SIKKIM,0.14483613,0.17073171,MEDIUM,0.6992509175347912,0.015,0.5707291666666667,0.3317147883836978,LOW PRIORITY,0.7543484357270929,9,0.5429285986755853,0.7997266357364868,1504,0
LOC_065,2024-06-01,SIKKIM,0.327401,0.1780822,MEDIUM,0.895193630878986,0.015,0.5770833333333334,0.3845937877197465,LOW PRIORITY,0.9873956419413356,5,0.8666537433594625,0.8933918048818119,1504,0
LOC_065,2024-07-01,SIKKIM,0.023936037,0.050000004,LOW,0.6932576001616999,0.015,0.9559375,0.339705026640425,LOW PRIORITY,0.8257571630075232,13,0.8594543202748166,0.5211522506977933,1504,0
LOC_065,2024-08-01,SIKKIM,0.21744403,0.1780822,MEDIUM,0.8041670271788453,0.015,0.5370833333333334,0.3558371367947113,LOW PRIORITY,0.7011719910900737,2,0.6749164469957599,0.907246337296214,1504,1
LOC_065,2024-09-01,SIKKIM,0.007054189,0.03797468,LOW,0.6552137455007899,0.015,0.6458333333333333,0.2788683083751975,LOW PRIORITY,0.6976811182228355,12,0.5044383600989,0.8187355036814239,1504,0
LOC_065,2024-10-01,SIKKIM,0.001158281,0.0,LOW,0.7566694762080657,0.015,0.505625,0.2680111190520164,LOW PRIORITY,0.9918868210993292,13,0.8115081437390028,0.6566162733272644,1504,0
LOC_065,2024-11-01,SIKKIM,0.0014584159,0.0,LOW,0.7833125174633426,0.015,0.7203125,0.30687500436583565,LOW PRIORITY,0.7668504412864727,10,0.7208515385949383,0.9788814233052924,1504,0
LOC_066,2024-01-01,NAGALAND,0.0010707368,0.0,LOW,0.9141858290933844,0.475,0.7877083333333333,0.44170270727334604,LOW PRIORITY,0.921745448442052,6,0.9838022082236656,0.9511956597078196,23700,0
LOC_066,2024-02-01,NAGALAND,0.000466518,0.0,LOW,0.6977836721072895,0.475,0.505625,0.34528966802682237,LOW PRIORITY,0.7739376775754546,11,0.6600204392842106,0.7238432382361595,23700,0
LOC_066,2024-03-01,NAGALAND,0.00065228634,0.0,LOW,0.7301453399573314,0.475,0.7289583333333334,0.38688008498933285,LOW PRIORITY,0.8971238407340982,9,0.7978217275653451,0.5256357915298826,23700,0
LOC_066,2024-04-01,NAGALAND,0.3690174,0.2,MEDIUM,0.7148172190379304,0.475,0.5285416666666667,0.4329855547594825,LOW PRIORITY,0.9376246952729214,8,0.6103510341824439,0.5779598133630232,23700,0
LOC_066,2024-05-01,NAGALAND,0.51056963,0.21008404,MEDIUM,0.7470868248811723,0.475,0.9277083333333334,0.504961572220293,MEDIUM PRIORITY,0.8434740687137796,7,0.6345234145683056,0.7436831495759373,23700,0
LOC_066,2024-06-01,NAGALAND,0.6829178,0.28735632,MEDIUM,0.7139107324433764,0.475,0.505625,0.4642639611108441,MEDIUM PRIORITY,0.7670316832594476,8,0.7729341501340236,0.5823437630467012,23700,1
LOC_066,2024-07-01,NAGALAND,0.4861543,0.21008402,MEDIUM,0.6838742873615249,0.475,0.9372916666666666,0.49059592984038114,MEDIUM PRIORITY,0.832847165029462,13,0.6084185206088528,0.7275647971411179,23700,0
LOC_066,2024-08-01,NAGALAND,0.15704364,0.17073171,MEDIUM,0.8796924025800303,0.475,0.505625,0.4590595346450076,MEDIUM PRIORITY,0.9888228992391016,6,0.9940767962791992,0.7358699148018204,23700,0
LOC_066,2024-09-01,NAGALAND,0.00638325,0.03797468,LOW,0.8307081995339033,0.475,0.8763541666666667,0.4493200468834758,LOW PRIORITY,0.8867616475598793,3,0.9044210486718792,0.6316501019038546,23700,0
LOC_066,2024-10-01,NAGALAND,0.0002238364,0.0,LOW,0.7928348761372237,0.475,0.505625,0.3690524690343059,LOW PRIORITY,0.6370123171373703,9,0.9446205026408429,0.8897066847706818,23700,0
LOC_066,2024-11-01,NAGALAND,0.00050541613,0.0,LOW,0.7348716219036246,0.475,0.7352083333333334,0.38899915547590613,LOW PRIORITY,0.7675009316948852,6,0.5043435500495089,0.8676420058701041,23700,0
LOC_067,2024-01-01,MIZORAM,0.0011768445,0.0,LOW,0.7563582375628872,0.915,0.6051041666666667,0.4628551843907219,MEDIUM PRIORITY,0.8487193001490123,9,0.720649668630887,0.7560639814716492,45472,0
LOC_067,2024-02-01,MIZORAM,0.001014687,0.0,LOW,0.6785863510767284,0.915,0.6907291666666666,0.4562559627691821,MEDIUM PRIORITY,0.890585266474464,11,0.6290311208525174,0.561395683646599,45472,0
LOC_067,2024-03-01,MIZORAM,0.0048310217,0.013333334,LOW,0.7747546428207711,0.915,0.7146874999999999,0.48922511930519275,MEDIUM PRIORITY,0.9607552924470224,11,0.7663137747186446,0.7386161707840839,45472,0
LOC_067,2024-04-01,MIZORAM,0.08422114,0.11764706,MEDIUM,0.682039082313094,0.915,0.7077083333333334,0.5067248445782735,MEDIUM PRIORITY,0.6581963623468218,12,0.9188912309909576,0.5510687359145963,45472,0
LOC_067,2024-05-01,MIZORAM,0.6795331,0.28735632,MEDIUM,0.8701343524774039,0.915,0.505625,0.591319866119351,MEDIUM PRIORITY,0.908983913105176,2,0.7730535360900106,0.8651666273810956,45472,1
LOC_067,2024-06-01,MIZORAM,0.48962364,0.21008402,MEDIUM,0.6830271359874378,0.915,0.7033333333333334,0.5432903919968596,MEDIUM PRIORITY,0.6567887445527091,6,0.7275136694364529,0.5478061299605892,45472,0
LOC_067,2024-07-01,MIZORAM,0.20437804,0.1780822,MEDIUM,0.7372524938460377,0.915,0.505625,0.5143897534615095,MEDIUM PRIORITY,0.7937447843103935,5,0.7184212080126746,0.6035106497277496,45472,0
LOC_067,2024-08-01,MIZORAM,0.28632084,0.1780822,MEDIUM,0.7545319660238922,0.915,0.6089583333333333,0.5342096215059731,MEDIUM PRIORITY,0.9836659622359546,3,0.6010008461428031,0.533461055716811,45472,1
LOC_067,2024-09-01,MIZORAM,0.002225907,0.0,LOW,0.6347794576624793,0.915,0.9785416666666666,0.4884761144156199,MEDIUM PRIORITY,0.6688850133487986,8,0.6122146981249879,0.5246847858427977,45472,0
LOC_067,2024-10-01,MIZORAM,0.0015352418,0.0,LOW,0.6694412608958189,0.915,0.505625,0.4262040652239547,LOW PRIORITY,0.6509133986156476,12,0.7116776661849893,0.7151739787826384,45472,0
LOC_067,2024-11-01,MIZORAM,0.0008593344,0.0,LOW,0.6899223109120431,0.915,0.505625,0.43132432772801077,LOW PRIORITY,0.8320192014336344,8,0.5791879606630288,0.6151487482181758,45472,0
LOC_068,2024-01-01,MIZORAM,0.0022803186,0.0,LOW,0.797939489923584,0.845,0.505625,0.444328622480896,LOW PRIORITY,0.6358045598387778,3,0.8283486320262528,0.8276047678293055,42430,0
LOC_068,2024-02-01,MIZORAM,0.009595177,0.03797468,LOW,0.8138121390571488,0.845,0.5770833333333334,0.4742054067642872,MEDIUM PRIORITY,0.6719834578722558,5,0.8885932159438057,0.8613385490792005,42430,0
LOC_068,2024-03-01,MIZORAM,0.010008599,0.037974678,LOW,0.7857933138983159,0.845,0.505625,0.456481949674579,MEDIUM PRIORITY,0.7421227851223569,4,0.6867282218910409,0.8476555819131988,42430,0
LOC_068,2024-04-01,MIZORAM,0.43206894,0.21008404,MEDIUM,0.751902627477119,0.845,0.8051041666666667,0.5617748978692798,MEDIUM PRIORITY,0.7937809275093004,9,0.9085237322847024,0.605305850114473,42430,0
LOC_068,2024-05-01,MIZORAM,0.27430344,0.1780822,MEDIUM,0.7998485854419886,0.845,0.6267708333333333,0.5342106513604972,MEDIUM PRIORITY,0.7598449571277696,1,0.5995882574897456,0.873294460483772,42430,0
LOC_068,2024-06-01,MIZORAM,0.70285535,0.28735632,MEDIUM,0.8808501697693143,0.845,0.6051041666666667,0.5949206954423285,MEDIUM PRIORITY,0.7853891992319577,1,0.9474377353312128,0.82390707784742,42430,0
LOC_068,2024-07-01,MIZORAM,0.78923607,0.3043478,MEDIUM,0.806097805373335,0.845,0.69625,0.5967010713433337,MEDIUM PRIORITY,0.7772079956299704,2,0.8011458416204695,0.7127040509095667,42430,1
LOC_068,2024-08-01,MIZORAM,0.4392611,0.21008404,MEDIUM,0.7200649550317206,0.845,0.505625,0.5088936047579302,MEDIUM PRIORITY,0.8507176349979515,8,0.6452359509024556,0.650972900893142,42430,0
LOC_068,2024-09-01,MIZORAM,0.0048657036,0.013333334,LOW,0.7114052600183862,0.845,0.505625,0.4280283986045965,LOW PRIORITY,0.7997607030148001,10,0.5187980456229774,0.8603956247691003,42430,0
LOC_068,2024-10-01,MIZORAM,0.001319754,0.0,LOW,0.8259948158500536,0.845,0.7262500000000001,0.4844362039625134,MEDIUM PRIORITY,0.9323503595075938,8,0.6533487627285477,0.9849468078307394,42430,0
LOC_068,2024-11-01,MIZORAM,0.007094903,0.037974678,LOW,0.6802075051700269,0.845,0.6594791666666666,0.45316362249250675,MEDIUM PRIORITY,0.9631138969254118,10,0.5478914216167475,0.5431580354712817,42430,0
LOC_069,2024-01-01,MEGHALAYA,0.00016839741,0.0,LOW,0.9356624161982547,0.19,0.6788541666666666,0.3737437290495637,LOW PRIORITY,0.862629387878258,1,0.9460389502393832,0.967314660008711,10337,0
LOC_069,2024-02-01,MEGHALAYA,0.0028210778,0.013333334,LOW,0.7357509446926391,0.19,0.8390625,0.3531304447731598,LOW PRIORITY,0.8064709301234084,6,0.7842493754401536,0.5522834732069941,10337,0
LOC_069,2024-03-01,MEGHALAYA,0.0021733793,0.0,LOW,0.7830055095010042,0.19,0.505625,0.3095951273752511,LOW PRIORITY,0.7562721005112807,7,0.8354841600367815,0.7735991107892883,10337,0
LOC_069,2024-04-01,MEGHALAYA,0.026704026,0.05,LOW,0.9119538238539429,0.19,0.505625,0.36183220596348575,LOW PRIORITY,0.8716600497272594,2,0.8836268821390442,0.9591950302161348,10337,0
LOC_069,2024-05-01,MEGHALAYA,0.16585346,0.1780822,MEDIUM,0.8459929741797301,0.19,0.9345833333333333,0.4609186235449325,MEDIUM PRIORITY,0.7998899257031662,3,0.9797038244436542,0.7043781465721001,10337,0
LOC_069,2024-06-01,MEGHALAYA,0.78469956,0.30434778,MEDIUM,0.6725331443773609,0.19,0.505625,0.4037161480943402,LOW PRIORITY,0.7181805870608761,11,0.5901706612498371,0.7484479958653969,10337,0
LOC_069,2024-07-01,MEGHALAYA,0.34578755,0.19565217,MEDIUM,0.7786734023746109,0.19,0.5307291666666667,0.3905385935936527,LOW PRIORITY,0.8862873926481001,10,0.9409018837854992,0.6208376663981774,10337,0
LOC_069,2024-08-01,MEGHALAYA,0.010107267,0.03797468,LOW,0.7667036507601441,0.19,0.6948958333333333,0.34910015969003605,LOW PRIORITY,0.8412699146029718,6,0.8274298739517281,0.5981148144858768,10337,0
LOC_069,2024-09-01,MEGHALAYA,0.0022601762,0.0,LOW,0.6446968939323672,0.19,0.7072916666666667,0.3052679734830918,LOW PRIORITY,0.904837125800619,13,0.5923364332680554,0.5149473499941278,10337,0
LOC_069,2024-10-01,MEGHALAYA,0.004266162,0.013333334,LOW,0.8215179370129464,0.19,0.505625,0.3245565678532366,LOW PRIORITY,0.8703037439852239,9,0.8569901231855341,0.8587778808810271,10337,0
LOC_069,2024-11-01,MEGHALAYA,0.00050434703,0.0,LOW,0.6578202716696864,0.19,0.665625,0.3022988179174216,LOW PRIORITY,0.6307877149812529,11,0.8563032027587723,0.5108568356053873,10337,0
LOC_070,2024-01-01,MEGHALAYA,0.0004327618,0.0,LOW,0.8526416210657035,0.79,0.5901041666666667,0.4596760302664259,MEDIUM PRIORITY,0.7155246418506926,2,0.7733909210313258,0.988317588047462,39810,0
LOC_070,2024-02-01,MEGHALAYA,0.0002707795,0.0,LOW,0.7260419438526023,0.79,0.505625,0.4153542359631506,LOW PRIORITY,0.878116692202257,3,0.6039145996530024,0.5221364835551501,39810,0
LOC_070,2024-03-01,MEGHALAYA,0.010936177,0.037974678,LOW,0.814379381414776,0.79,0.8246875,0.5004878415536941,MEDIUM PRIORITY,0.7428024587778148,3,0.9504834049660946,0.6642316619151944,39810,0
LOC_070,2024-04-01,MEGHALAYA,0.077114254,0.06422018,LOW,0.8508461192020269,0.79,0.505625,0.47224335180050675,MEDIUM PRIORITY,0.9633967669871702,1,0.860038467071748,0.6132825760825227,39810,0
LOC_070,2024-05-01,MEGHALAYA,0.22693989,0.1780822,MEDIUM,0.7821917030166675,0.79,0.9422916666666666,0.5661245557541669,MEDIUM PRIORITY,0.8526340561435051,5,0.7601017022233287,0.6826977203665026,39810,0
LOC_070,2024-06-01,MEGHALAYA,0.60860866,0.26530612,MEDIUM,0.7565403626338054,0.79,0.505625,0.5291012886584514,MEDIUM PRIORITY,0.6231075443041691,6,0.7191699389763672,0.8838839672546852,39810,0
LOC_070,2024-07-01,MEGHALAYA,0.5774177,0.26530612,MEDIUM,0.7332513389079583,0.79,0.7526041666666667,0.5603259077269896,MEDIUM PRIORITY,0.6081268930984656,4,0.6523030158547317,0.8059087800119693,39810,0
LOC_070,2024-08-01,MEGHALAYA,0.08241198,0.11764707,MEDIUM,0.8014094812837562,0.79,0.6051041666666667,0.4961768233209391,MEDIUM PRIORITY,0.6913527736368773,9,0.8426848395826727,0.9716003119154752,39810,0
LOC_070,2024-09-01,MEGHALAYA,0.008172362,0.037974678,LOW,0.7903527066927625,0.79,0.6289583333333333,0.4651217978731907,MEDIUM PRIORITY,0.9228671208036098,9,0.6860463658164946,0.8524973401509454,39810,0
LOC_070,2024-10-01,MEGHALAYA,0.00315783,0.013333334,LOW,0.815291760191371,0.79,0.65,0.4646562736478428,MEDIUM PRIORITY,0.6666253413879154,2,0.6910725946221752,0.9701357714220594,39810,0
LOC_070,2024-11-01,MEGHALAYA,0.0005600829,0.0,LOW,0.8149090136929671,0.79,0.505625,0.4375710034232418,LOW PRIORITY,0.9834570014288204,9,0.9591949253062416,0.6169841280368062,39810,0
LOC_071,2024-01-01,MEGHALAYA,0.004273679,0.013333334,LOW,0.7387532879462314,0.94,0.8752083333333334,0.5093029055865579,MEDIUM PRIORITY,0.6606285684210045,5,0.9216872115570328,0.5393640384735547,46445,0
LOC_071,2024-02-01,MEGHALAYA,0.00096563634,0.0,LOW,0.639754481211463,0.94,0.505625,0.42378237030286575,LOW PRIORITY,0.7009479021773752,12,0.6529532098630509,0.6051168128054257,46445,0
LOC_071,2024-03-01,MEGHALAYA,0.0020916816,0.0,LOW,0.745526719150071,0.94,0.6855208333333334,0.47720980478751773,MEDIUM PRIORITY,0.7541088551508505,12,0.7976066451037804,0.8303913763456529,46445,0
LOC_071,2024-04-01,MEGHALAYA,0.58112913,0.26530612,MEDIUM,0.8352985632690658,0.94,0.6327083333333333,0.5978533388172664,MEDIUM PRIORITY,0.8927058386060832,4,0.7819222625373767,0.7998994852661363,46445,0
LOC_071,2024-05-01,MEGHALAYA,0.46944866,0.21008404,MEDIUM,0.7285088740538842,0.94,0.8304166666666667,0.578723334513471,MEDIUM PRIORITY,0.8649516814941973,12,0.7745328485007354,0.6745509662206042,46445,0
LOC_071,2024-06-01,MEGHALAYA,0.24343765,0.1780822,MEDIUM,0.8435270019700463,0.94,0.65,0.5676146304925116,MEDIUM PRIORITY,0.9846160129966222,9,0.7757534979802047,0.9137384969033584,46445,1
LOC_071,2024-07-01,MEGHALAYA,0.60055614,0.26530612,MEDIUM,0.8343478143143997,0.94,0.9552083333333333,0.6459906515786,MEDIUM PRIORITY,0.979550222882642,5,0.8585273893955943,0.6659803116460292,46445,0
LOC_071,2024-08-01,MEGHALAYA,0.008651274,0.03797468,LOW,0.8877402238037593,0.94,0.505625,0.5009686779509398,MEDIUM PRIORITY,0.7784949506144553,1,0.9941296332311672,0.811669644702748,46445,0
LOC_071,2024-09-01,MEGHALAYA,0.004499403,0.013333334,LOW,0.8022611238550212,0.94,0.505625,0.4697423645637553,MEDIUM PRIORITY,0.9802340651910142,7,0.7798725924198421,0.6822711711425617,46445,0
LOC_071,2024-10-01,MEGHALAYA,0.0023722823,0.0,LOW,0.7573767121158663,0.94,0.7001041666666666,0.4823598030289666,MEDIUM PRIORITY,0.9849425983811456,2,0.5423554600814628,0.5688754566675235,46445,0
LOC_071,2024-11-01,MEGHALAYA,0.0010446243,0.0,LOW,0.780187012001399,0.94,0.5422916666666666,0.46439050300034973,MEDIUM PRIORITY,0.9854199896993944,6,0.8336740589054916,0.5016539994007099,46445,0
LOC_072,2024-01-01,TRIPURA,0.0028312868,0.013333334,LOW,0.7477487124132508,0.77,0.6669791666666667,0.44631738670331267,LOW PRIORITY,0.9739522902079154,12,0.5169074628262034,0.9001350966188842,38892,0
LOC_072,2024-02-01,TRIPURA,0.0036136021,0.013333334,LOW,0.6671582347075734,0.77,0.505625,0.4019666422768934,LOW PRIORITY,0.6671758352326878,12,0.5924951317759273,0.8089619718216786,38892,0
LOC_072,2024-03-01,TRIPURA,0.0041835015,0.013333334,LOW,0.7385739834734948,0.77,0.7516666666666667,0.45672682946837373,MEDIUM PRIORITY,0.6934775490382435,6,0.5945966604562679,0.866221724399468,38892,0
LOC_072,2024-04-01,TRIPURA,0.3361939,0.19565217,MEDIUM,0.856938398771022,0.77,0.8909374999999999,0.5801360926927555,MEDIUM PRIORITY,0.822676806543017,2,0.9770226934815,0.6947207617262375,38892,0
LOC_072,2024-05-01,TRIPURA,0.6156931,0.26530612,MEDIUM,0.7984646533601624,0.77,0.505625,0.5355823613400407,MEDIUM PRIORITY,0.9608764402239368,11,0.6146891575568599,0.9849596823265192,38892,0
LOC_072,2024-06-01,TRIPURA,0.8323693,0.3043478,MEDIUM,0.7169323799718257,0.77,0.5571875,0.5385503399929564,MEDIUM PRIORITY,0.6592534971710112,9,0.5731170971496965,0.9353589255665946,38892,1
LOC_072,2024-07-01,TRIPURA,0.55098903,0.2352941,MEDIUM,0.7615159689806186,0.77,0.9739583333333333,0.5845903822451547,MEDIUM PRIORITY,0.7269836108008262,13,0.8997507763239392,0.8526628221310426,38892,0
LOC_072,2024-08-01,TRIPURA,0.12135249,0.11764706,MEDIUM,0.7924195828246372,0.77,0.505625,0.4750074697061593,MEDIUM PRIORITY,0.7596708023676952,6,0.7295049472056705,0.8805025817251834,38892,0
LOC_072,2024-09-01,TRIPURA,0.0118824495,0.03797468,LOW,0.88217907346774,0.77,0.9512499999999999,0.532422140366935,MEDIUM PRIORITY,0.8863590574704729,7,0.9851202428753314,0.8905703268584894,38892,0
LOC_072,2024-10-01,TRIPURA,0.00061134354,0.0,LOW,0.694273569358715,0.77,0.505625,0.40341214233967876,LOW PRIORITY,0.6121097266944222,6,0.6954138432664635,0.6695707074739741,38892,0
LOC_072,2024-11-01,TRIPURA,0.00065866514,0.0,LOW,0.7974138135597006,0.77,0.505625,0.4291972033899252,LOW PRIORITY,0.8179858256903296,2,0.6068845326160035,0.8314515625991359,38892,0
LOC_073,2024-01-01,ARUNACHAL_PRADESH,0.023509791,0.049999997,LOW,0.8192268087409009,0.415,0.505625,0.3836504509852252,LOW PRIORITY,0.8539348267573077,8,0.7979122625327628,0.8917268123401996,21309,0
LOC_073,2024-02-01,ARUNACHAL_PRADESH,0.0020722235,0.0,LOW,0.7706607296693969,0.415,0.505625,0.3515089324173492,LOW PRIORITY,0.9540454436972547,5,0.72022283367224,0.5750413079747596,21309,0
LOC_073,2024-03-01,ARUNACHAL_PRADESH,0.00033407914,0.0,LOW,0.8278091762542278,0.415,0.6691666666666667,0.39032729406355693,LOW PRIORITY,0.7047662618448609,8,0.8824339765791247,0.990703133259592,21309,0
LOC_073,2024-04-01,ARUNACHAL_PRADESH,0.15392828,0.17073171,MEDIUM,0.7600037592590125,0.415,0.7544791666666666,0.4544654988147531,MEDIUM PRIORITY,0.6654892278861885,7,0.9264266635137663,0.6814324789694287,21309,0
LOC_073,2024-05-01,ARUNACHAL_PRADESH,0.18872675,0.1780822,MEDIUM,0.6700149409315073,0.415,0.6051041666666667,0.41250224023287685,LOW PRIORITY,0.77858729980633,13,0.5564179308809681,0.7783878663720643,21309,1
LOC_073,2024-06-01,ARUNACHAL_PRADESH,0.41596833,0.21008404,MEDIUM,0.8220531711842807,0.415,0.7547916666666666,0.48576565879607014,MEDIUM PRIORITY,0.7904648466663529,2,0.9298478687231222,0.6345666360143144,21309,1
LOC_073,2024-07-01,ARUNACHAL_PRADESH,0.36213663,0.19565219,MEDIUM,0.7014561598687551,0.415,0.505625,0.4124686659671888,LOW PRIORITY,0.6140087514499541,8,0.6855856883761122,0.7728968663156206,21309,0
LOC_073,2024-08-01,ARUNACHAL_PRADESH,0.17611697,0.1780822,MEDIUM,0.7332248644174553,0.415,0.8579166666666667,0.4662265961043638,MEDIUM PRIORITY,0.9235828373662058,13,0.8063090492775004,0.6363409043594481,21309,0
LOC_073,2024-09-01,ARUNACHAL_PRADESH,0.0026165384,0.013333333,LOW,0.6493090263076291,0.415,0.505625,0.3265043397769073,LOW PRIORITY,0.7608742772751524,11,0.6446380524790583,0.5583904421429722,21309,0
LOC_073,2024-10-01,ARUNACHAL_PRADESH,0.00064989267,0.0,LOW,0.7469885428924237,0.415,0.7169791666666667,0.3772940107231059,LOW PRIORITY,0.8710304199603691,10,0.8946487957379805,0.5556082892046783,21309,0
LOC_073,2024-11-01,ARUNACHAL_PRADESH,0.0006637761,0.0,LOW,0.8226082080274519,0.415,0.505625,0.364495802006863,LOW PRIORITY,0.8655854924058187,10,0.970165184577506,0.7880154884598162,21309,0
LOC_074,2024-01-01,SIKKIM,0.0012947965,0.0,LOW,0.8352402489885409,0.6,0.9146875,0.4660131872471352,MEDIUM PRIORITY,0.7282666187447033,11,0.988746284980314,0.9906147588958129,30189,0
LOC_074,2024-02-01,SIKKIM,0.0006390452,0.0,LOW,0.7836285487546901,0.6,0.505625,0.3917508871886725,LOW PRIORITY,0.9975304187784996,10,0.9633441180249536,0.5069729915486401,30189,0
LOC_074,2024-03-01,SIKKIM,0.0026713477,0.013333334,LOW,0.838722278801291,0.6,0.6044791666666667,0.4256857783003228,LOW PRIORITY,0.7525921859351736,7,0.8640709773631234,0.9715592852402004,30189,0
LOC_074,2024-04-01,SIKKIM,0.32215062,0.1780822,MEDIUM,0.6999808694736744,0.6,0.7252083333333333,0.4750093473684186,MEDIUM PRIORITY,0.6615407300705082,9,0.5949981906776396,0.8433845571465497,30189,0
LOC_074,2024-05-01,SIKKIM,0.5959909,0.26530612,MEDIUM,0.7915688707026172,0.6,0.9198958333333334,0.5619990406756543,MEDIUM PRIORITY,0.9699245808003912,12,0.766748415047513,0.8296024869625646,30189,0
LOC_074,2024-06-01,SIKKIM,0.9702628,1.0,HIGH,0.7851708588636153,0.6,0.505625,0.7921364647159038,HIGH PRIORITY,0.9238556888891916,9,0.5481127441016536,0.968715002463616,30189,0
LOC_074,2024-07-01,SIKKIM,0.33011058,0.1780822,MEDIUM,0.7957754248861572,0.6,0.7920833333333333,0.5089892362215392,MEDIUM PRIORITY,0.9761876975369024,5,0.6067520624176499,0.7668286062567431,30189,0
LOC_074,2024-08-01,SIKKIM,0.39776525,0.21008404,MEDIUM,0.7518888146257809,0.6,0.8941666666666667,0.5261308196564451,MEDIUM PRIORITY,0.8621150871517218,7,0.5595943908147514,0.8191791138699838,30189,0
LOC_074,2024-09-01,SIKKIM,0.0131515665,0.03797468,LOW,0.8486445189713839,0.6,0.505625,0.42319475174284593,LOW PRIORITY,0.9566700228762696,5,0.7823634205112703,0.8222112991646623,30189,0
LOC_074,2024-10-01,SIKKIM,0.004048135,0.013333334,LOW,0.7490562647690281,0.6,0.7714583333333334,0.42831614979225696,LOW PRIORITY,0.7240084054819678,4,0.8404157269780067,0.5651342599494711,30189,0
LOC_074,2024-11-01,SIKKIM,0.0028579605,0.013333334,LOW,0.7796638537176419,0.6,0.505625,0.39609304702941045,LOW PRIORITY,0.92246069007815,6,0.6908424508661962,0.7053522739262214,30189,0
LOC_075,2024-01-01,SIKKIM,0.0007793044,0.0,LOW,0.8826875476596394,0.665,0.505625,0.42951563691490985,LOW PRIORITY,0.832424850698909,4,0.9454889284545708,0.8861697448184112,33201,0
LOC_075,2024-02-01,SIKKIM,0.0007347059,0.0,LOW,0.69462309515267,0.665,0.505625,0.3824995237881675,LOW PRIORITY,0.6730838156067392,13,0.5518973772460096,0.9868445210912644,33201,0
LOC_075,2024-03-01,SIKKIM,0.0069485516,0.037974678,LOW,0.6663327364145366,0.665,0.6504166666666666,0.4123355553036342,LOW PRIORITY,0.6513359028073352,3,0.5751257309583423,0.538869311892469,33201,0
LOC_075,2024-04-01,SIKKIM,0.42044058,0.21008402,MEDIUM,0.7974924018012783,0.665,0.6791666666666667,0.5182817084503196,MEDIUM PRIORITY,0.9473133118577104,13,0.8798871346527171,0.7961024940280196,33201,0
LOC_075,2024-05-01,SIKKIM,0.048777957,0.06422018,LOW,0.7632254079510241,0.665,0.505625,0.42533817398775603,LOW PRIORITY,0.6074649964214299,2,0.8810972526162772,0.6310060494330562,33201,0
LOC_075,2024-06-01,SIKKIM,0.6434295,0.28735632,MEDIUM,0.8088483847554777,0.665,0.6667708333333333,0.5501702491888694,MEDIUM PRIORITY,0.819785549246413,2,0.7975694031946018,0.6847052532475625,33201,0
LOC_075,2024-07-01,SIKKIM,0.02633482,0.05,LOW,0.7125616704836499,0.665,0.7095833333333333,0.4375779176209125,LOW PRIORITY,0.6432858872554361,9,0.9945861320611562,0.512374662618007,33201,0
LOC_075,2024-08-01,SIKKIM,0.017576028,0.03797468,LOW,0.7902587192150564,0.665,0.665625,0.44559830180376414,LOW PRIORITY,0.7108248583317475,3,0.8430292418719635,0.707180776656515,33201,0
LOC_075,2024-09-01,SIKKIM,0.008126589,0.037974678,LOW,0.7942001491660085,0.665,0.505625,0.42258365849150215,LOW PRIORITY,0.9271731396751848,1,0.5869166035244905,0.6960441867976919,33201,0
LOC_075,2024-10-01,SIKKIM,0.0008218466,0.0,LOW,0.7337720789112425,0.665,0.505625,0.3922867697278106,LOW PRIORITY,0.7595747181494075,5,0.8420521762181084,0.5001280879441208,33201,0
LOC_075,2024-11-01,SIKKIM,0.0027980956,0.013333334,LOW,0.8058352273976673,0.665,0.505625,0.41563589044941684,LOW PRIORITY,0.961968524848551,7,0.5225616057759794,0.9721441122994724,33201,0
LOC_076,2024-01-01,MIZORAM,0.0017864285,0.0,LOW,0.8687000561485377,0.765,0.5913541666666666,0.4588781390371345,MEDIUM PRIORITY,0.9832550365436614,1,0.5404677485046263,0.9844107728791964,38744,0
LOC_076,2024-02-01,MIZORAM,0.004029122,0.013333334,LOW,0.7353236620957151,0.765,0.714375,0.4493204991239288,LOW PRIORITY,0.856676017299613,13,0.673998846906879,0.8439531175097021,38744,0
LOC_076,2024-03-01,MIZORAM,0.0030538219,0.013333334,LOW,0.6913561410797686,0.765,0.505625,0.40701611886994216,LOW PRIORITY,0.7163240076348205,5,0.5744791789311162,0.6412880444198044,38744,0
LOC_076,2024-04-01,MIZORAM,0.2127214,0.1780822,MEDIUM,0.6289600897701875,0.765,0.6853125,0.4842697774425469,MEDIUM PRIORITY,0.6334949313938215,12,0.6918288328494795,0.5905165948374487,38744,0
LOC_076,2024-05-01,MIZORAM,0.4386225,0.21008402,MEDIUM,0.7136117945435523,0.765,0.8192708333333334,0.5383271816358881,MEDIUM PRIORITY,0.7037291081384689,8,0.8559739743872199,0.5614107623151867,38744,0
LOC_076,2024-06-01,MIZORAM,0.38551992,0.21008404,MEDIUM,0.7589504794916963,0.765,0.5847916666666666,0.514489985872924,MEDIUM PRIORITY,0.9072511656611966,7,0.6355371792101884,0.7263469064287333,38744,1
LOC_076,2024-07-01,MIZORAM,0.1916761,0.1780822,MEDIUM,0.7981522791956798,0.765,0.7317708333333333,0.5335365747989199,MEDIUM PRIORITY,0.7011391267150615,5,0.7834089184676737,0.8747277382666507,38744,0
LOC_076,2024-08-01,MIZORAM,0.07947048,0.11764706,MEDIUM,0.7578204808399711,0.765,0.505625,0.4653576942099928,MEDIUM PRIORITY,0.8181676422970665,10,0.5579542884423376,0.9884933259538132,38744,0
LOC_076,2024-09-01,MIZORAM,0.0007534376,0.0,LOW,0.7824725717520282,0.765,0.680625,0.45071189293800706,MEDIUM PRIORITY,0.6854432505292853,8,0.9644484947464168,0.7466652083990772,38744,0
LOC_076,2024-10-01,MIZORAM,0.0010414782,0.0,LOW,0.7836048864165366,0.765,0.6051041666666667,0.4396668466041342,LOW PRIORITY,0.7132319617422168,3,0.528443132455074,0.9927444514688556,38744,0
LOC_076,2024-11-01,MIZORAM,0.00020385726,0.0,LOW,0.8468393697397993,0.765,0.5278125,0.44388171743494986,LOW PRIORITY,0.604661614966208,1,0.8252396812602301,0.9907895160660924,38744,0
LOC_077,2024-01-01,ASSAM,0.006936181,0.037974678,LOW,0.7639603201483711,0.59,0.8430208333333333,0.45063307623709276,MEDIUM PRIORITY,0.6281105348333106,2,0.8300426889208721,0.6643547235059688,29538,0
LOC_077,2024-02-01,ASSAM,0.0011627388,0.0,LOW,0.7537712701246764,0.59,0.5422916666666666,0.3877865675311691,LOW PRIORITY,0.8350093238419312,12,0.9325171334738334,0.6475586231829409,29538,0
LOC_077,2024-03-01,ASSAM,0.0005855006,0.0,LOW,0.7059476502904865,0.59,0.555625,0.3778306625726216,LOW PRIORITY,0.704565447044221,12,0.7582374510514074,0.7609877030663172,29538,0
LOC_077,2024-04-01,ASSAM,0.08605757,0.11764706,MEDIUM,0.656757461598717,0.59,0.9347916666666667,0.46946693939967926,MEDIUM PRIORITY,0.879517900414656,10,0.5207609714089376,0.5600843079046074,29538,0
LOC_077,2024-05-01,ASSAM,0.68802744,0.28735632,MEDIUM,0.815339200033694,0.59,0.505625,0.5126210780084235,MEDIUM PRIORITY,0.7520424331766634,3,0.6244822328706681,0.9848321340874444,29538,0
LOC_077,2024-06-01,ASSAM,0.8186583,0.3043478,MEDIUM,0.7707525809241241,0.59,0.6440625,0.529036640231031,MEDIUM PRIORITY,0.6293836362051077,5,0.8991862089003998,0.7211071452576558,29538,0
LOC_077,2024-07-01,ASSAM,0.8092371,0.3043478,MEDIUM,0.8249442228035997,0.59,0.8410416666666667,0.5721314257008999,MEDIUM PRIORITY,0.8936667072931477,7,0.8950900859569102,0.7443534312976742,29538,0
LOC_077,2024-08-01,ASSAM,0.124432765,0.11764705,MEDIUM,0.857171936010304,0.59,0.6327083333333333,0.4742580540025759,MEDIUM PRIORITY,0.9170884900832694,3,0.7310467654467732,0.8805524885111735,29538,0
LOC_077,2024-09-01,ASSAM,0.0032760936,0.013333334,LOW,0.7820873643275472,0.59,0.505625,0.3946989246818868,LOW PRIORITY,0.9528801466372674,6,0.6509502294003127,0.724519081272609,29538,0
LOC_077,2024-10-01,ASSAM,0.0016396334,0.0,LOW,0.8475195201467535,0.59,0.5880208333333333,0.4180830050366883,LOW PRIORITY,0.940464540772582,11,0.9128537608847618,0.9034264455963366,29538,0
LOC_077,2024-11-01,ASSAM,0.0008962546,0.0,LOW,0.8456634647397409,0.59,0.6408333333333334,0.42554086618493525,LOW PRIORITY,0.8295766556046388,11,0.9668403849080958,0.9529034851128956,29538,0
LOC_078,2024-01-01,MANIPUR,0.0013285715,0.0,LOW,0.7698851956780884,0.4,0.5422916666666666,0.35381504891952215,LOW PRIORITY,0.6732284151578449,11,0.86197020789121,0.9110088263299658,20758,0
LOC_078,2024-02-01,MANIPUR,0.00341699,0.013333334,LOW,0.7609234998236316,0.4,0.5080208333333334,0.3517673335559079,LOW PRIORITY,0.7635217378327701,2,0.5487552477789305,0.7980836803494924,20758,0
LOC_078,2024-03-01,MANIPUR,0.00036788703,0.0,LOW,0.7220025080868184,0.4,0.7114583333333333,0.3672193770217046,LOW PRIORITY,0.6754003152644366,10,0.5508289616441846,0.995114088771986,20758,0
LOC_078,2024-04-01,MANIPUR,0.28533968,0.1780822,MEDIUM,0.710303417363145,0.4,0.505625,0.40465248434078627,LOW PRIORITY,0.8302728651523478,11,0.6086383069789276,0.7689691639879709,20758,0
LOC_078,2024-05-01,MANIPUR,0.14106265,0.17073171,MEDIUM,0.8159200400351085,0.4,0.6269791666666666,0.4463195690087771,LOW PRIORITY,0.7748396839163822,9,0.8223794044934449,0.9664610717306072,20758,0
LOC_078,2024-06-01,MANIPUR,0.59752816,0.26530612,MEDIUM,0.8628567925337265,0.4,0.6327083333333333,0.4967428961334316,MEDIUM PRIORITY,0.9884821280152896,2,0.5504579020698666,0.9791538067164168,20758,0
LOC_078,2024-07-01,MANIPUR,0.572889,0.26530612,MEDIUM,0.7624734626174344,0.4,0.6047916666666666,0.4674595636543586,MEDIUM PRIORITY,0.8532488950667017,8,0.6991767416202825,0.7641348804494201,20758,0
LOC_078,2024-08-01,MANIPUR,0.39375106,0.21008402,MEDIUM,0.7719034893238943,0.4,0.9235416666666667,0.4955407303309736,MEDIUM PRIORITY,0.8868246746311135,6,0.5169400428142688,0.8838492398501954,20758,0
LOC_078,2024-09-01,MANIPUR,0.005959105,0.037974678,LOW,0.7872205421591583,0.4,0.655625,0.3903387567397896,LOW PRIORITY,0.6535022827669118,2,0.6989346861386602,0.8631118663977277,20758,0
LOC_078,2024-10-01,MANIPUR,9.73214e-05,0.0,LOW,0.6977699199179286,0.4,0.505625,0.33028622997948215,LOW PRIORITY,0.614651806796256,7,0.7642386454440238,0.6455225607647681,20758,0
LOC_078,2024-11-01,MANIPUR,0.0020320418,0.0,LOW,0.8218139149230173,0.4,0.7657291666666666,0.4003128537307543,LOW PRIORITY,0.7457791259606014,5,0.8336453100476846,0.8744978903504497,20758,0
LOC_079,2024-01-01,SIKKIM,0.0015124162,0.0,LOW,0.6862713249236607,0.135,0.505625,0.2744115812309152,LOW PRIORITY,0.9969464035341836,10,0.5143197077536603,0.5671525217401325,7949,0
LOC_079,2024-02-01,SIKKIM,0.00047645275,0.0,LOW,0.7706359031324236,0.135,0.7887500000000001,0.3379714757831059,LOW PRIORITY,0.735745106166791,12,0.8637438852070154,0.8830546211558881,7949,0
LOC_079,2024-03-01,SIKKIM,0.0018647807,0.0,LOW,0.6963148210273633,0.135,0.505625,0.27692245525684084,LOW PRIORITY,0.9527590452472384,9,0.606081962436223,0.5264182764259914,7949,0
LOC_079,2024-04-01,SIKKIM,0.19010569,0.1780822,MEDIUM,0.8613591629947372,0.135,0.566875,0.39860392074868434,LOW PRIORITY,0.7661702919336921,2,0.839140530763117,0.9067924959488064,7949,0
LOC_079,2024-05-01,SIKKIM,0.8671276,0.3043478,MEDIUM,0.8019756939407368,0.135,0.5944791666666667,0.43840491848518426,LOW PRIORITY,0.7219344545069999,8,0.8178968815110599,0.934738106411554,7949,0
LOC_079,2024-06-01,SIKKIM,0.3151143,0.1780822,MEDIUM,0.7998123703030235,0.135,0.6353125,0.3934828475757559,LOW PRIORITY,0.6876475042434382,11,0.9077718209455482,0.9704968226897744,7949,0
LOC_079,2024-07-01,SIKKIM,0.4215785,0.21008404,MEDIUM,0.788683621551781,0.135,0.8858333333333334,0.44107952138794526,LOW PRIORITY,0.8749406308989387,10,0.9176608259582844,0.6954663626832336,7949,0
LOC_079,2024-08-01,SIKKIM,0.030386982,0.057142857,LOW,0.8356732665574953,0.135,0.505625,0.33461920943937384,LOW PRIORITY,0.9417376276071578,8,0.9646394650184972,0.7029826402709929,7949,0
LOC_079,2024-09-01,SIKKIM,0.00038946405,0.0,LOW,0.8305025756236746,0.135,0.7390625,0.34548501890591865,LOW PRIORITY,0.852638119562882,13,0.956715083070679,0.9459904331944708,7949,0
LOC_079,2024-10-01,SIKKIM,0.0024641848,0.0,LOW,0.7982159759795655,0.135,0.6282291666666666,0.3207883689948914,LOW PRIORITY,0.975034371577894,2,0.6713891880784952,0.6131070109285391,7949,0
LOC_079,2024-11-01,SIKKIM,0.0010218162,0.0,LOW,0.6126724617543938,0.135,0.505625,0.25601186543859844,LOW PRIORITY,0.6756292131029407,9,0.5644504364333447,0.51061019748129,7949,0
LOC_080,2024-01-01,ASSAM,0.0021216976,0.0,LOW,0.7972215674032849,0.65,0.5265625,0.4082897668508212,LOW PRIORITY,0.9075075382397148,4,0.7673851140275292,0.6473269506792285,32703,0
LOC_080,2024-02-01,ASSAM,0.0047637243,0.013333334,LOW,0.9775209019761191,0.65,0.6325000000000001,0.47458855909402975,MEDIUM PRIORITY,0.9995380797931676,2,0.9823923305350613,0.9948198642429136,32703,0
LOC_080,2024-03-01,ASSAM,0.0023116297,0.0,LOW,0.8235327581727101,0.65,0.505625,0.4117269395431775,LOW PRIORITY,0.8325502916379183,2,0.5451259950350337,0.9831214126845552,32703,0
LOC_080,2024-04-01,ASSAM,0.26741078,0.1780822,MEDIUM,0.7705605083490453,0.65,0.6472916666666666,0.49096675708726134,MEDIUM PRIORITY,0.7418225433714477,4,0.6873249298834294,0.7864278934746376,32703,0
LOC_080,2024-05-01,ASSAM,0.104853146,0.11764707,MEDIUM,0.6220742523389304,0.65,0.959375,0.4764836410847326,MEDIUM PRIORITY,0.7853792348877531,13,0.5889272972533734,0.5473238105479288,32703,1
LOC_080,2024-06-01,ASSAM,0.81834304,0.3043478,MEDIUM,0.6757355142724633,0.65,0.7422916666666667,0.5320167485681158,MEDIUM PRIORITY,0.7393340217861875,12,0.6279083629650605,0.7356996723386051,32703,0
LOC_080,2024-07-01,ASSAM,0.24237372,0.1780822,MEDIUM,0.7607359645240858,0.65,0.6051041666666667,0.48218249613102143,MEDIUM PRIORITY,0.9119279036948283,1,0.537215040543714,0.6271342471911338,32703,0
LOC_080,2024-08-01,ASSAM,0.5281619,0.21008404,MEDIUM,0.7157203137987922,0.65,0.7236458333333333,0.5015105694496981,MEDIUM PRIORITY,0.9186222462374338,10,0.7199150327655072,0.5576773095255609,32703,1
LOC_080,2024-09-01,ASSAM,0.009101983,0.037974678,LOW,0.8297019384142779,0.65,0.71,0.4591153558035695,MEDIUM PRIORITY,0.9405896984922284,9,0.80758502883967,0.8706330263252133,32703,0
LOC_080,2024-10-01,ASSAM,0.0029700946,0.013333334,LOW,0.7209239090516082,0.65,0.505625,0.39140806086290203,LOW PRIORITY,0.8358609935938286,13,0.6188638697190074,0.8623041062269298,32703,0
LOC_080,2024-11-01,ASSAM,0.00072017027,0.0,LOW,0.7457467154141051,0.65,0.6984375,0.4212023038535263,LOW PRIORITY,0.848881266971703,7,0.6542943356144316,0.7131445924036193,32703,0
LOC_081,2024-01-01,MIZORAM,0.0017932319,0.0,LOW,0.7036376479075881,0.445,0.6758333333333333,0.36628441197689704,LOW PRIORITY,0.7079871085449685,1,0.5848275299009319,0.5550692865177853,22833,0
LOC_081,2024-02-01,MIZORAM,0.0013598145,0.0,LOW,0.7570449460776036,0.445,0.6327083333333333,0.3731674865194009,LOW PRIORITY,0.8459236624937129,7,0.9038934600121146,0.5116959951379207,22833,0
LOC_081,2024-03-01,MIZORAM,0.0014337649,0.0,LOW,0.806285634602448,0.445,0.6327083333333333,0.385477658650612,LOW PRIORITY,0.9815854258474206,7,0.8651150481072516,0.611775397788453,22833,0
LOC_081,2024-04-01,MIZORAM,0.124453016,0.11764706,MEDIUM,0.7204782515284355,0.445,0.6086458333333333,0.40747526188210886,LOW PRIORITY,0.8273639519477914,5,0.5577908020132478,0.6634249188193689,22833,0
LOC_081,2024-05-01,MIZORAM,0.04060644,0.06422018,LOW,0.8839077118393607,0.445,0.5794791666666667,0.42258687495984015,LOW PRIORITY,0.8942687956794654,7,0.8961443041775683,0.9785510808337424,22833,0
LOC_081,2024-06-01,MIZORAM,0.29231772,0.1780822,MEDIUM,0.7522920906788628,0.445,0.8677083333333333,0.4784621526697157,MEDIUM PRIORITY,0.8345980321626976,5,0.5508217924421699,0.7904152047772504,22833,0
LOC_081,2024-07-01,MIZORAM,0.4506781,0.21008405,MEDIUM,0.7908320333592062,0.445,0.505625,0.44658537833980155,LOW PRIORITY,0.9091735126021008,4,0.6584989129582455,0.7289890412098116,22833,0
LOC_081,2024-08-01,MIZORAM,0.16273384,0.1780822,MEDIUM,0.8478604304944971,0.445,0.7103125,0.47874486262362426,MEDIUM PRIORITY,0.8260235673424198,3,0.9531250950470732,0.7122930595884953,22833,0
LOC_081,2024-09-01,MIZORAM,0.0042587463,0.013333334,LOW,0.7432992168983328,0.445,0.6788541666666666,0.3819862628245832,LOW PRIORITY,0.6469950205395436,1,0.7386899776328327,0.6208452027542883,22833,0
LOC_081,2024-10-01,MIZORAM,0.00015613488,0.0,LOW,0.8295189998926266,0.445,0.71,0.4028797499731566,LOW PRIORITY,0.9307926291213624,5,0.9526860896590754,0.6012639474567352,22833,0
LOC_081,2024-11-01,MIZORAM,0.00296743,0.013333334,LOW,0.6214955613630679,0.445,0.5770833333333334,0.336269723940767,LOW PRIORITY,0.6300430944189411,8,0.5928791383007587,0.5297266793992386,22833,0
LOC_082,2024-01-01,ASSAM,0.0023952697,0.0,LOW,0.8017569483397369,0.27,0.5334375,0.3344548620849342,LOW PRIORITY,0.943259401994998,6,0.7198787492178806,0.7438896421460686,13015,0
LOC_082,2024-02-01,ASSAM,0.0023352138,0.0,LOW,0.8090070357048924,0.27,0.505625,0.3320955089262231,LOW PRIORITY,0.9039268167896226,5,0.5774879393476227,0.9212800533489908,13015,0
LOC_082,2024-03-01,ASSAM,0.004270535,0.013333334,LOW,0.8657734646963591,0.27,0.505625,0.35162044977408974,LOW PRIORITY,0.9998966910758342,2,0.9195160691355092,0.6103477652407596,13015,0
LOC_082,2024-04-01,ASSAM,0.15200521,0.17073171,MEDIUM,0.7910582040539185,0.27,0.505625,0.3959009850134796,LOW PRIORITY,0.9609555915787265,7,0.7527581437935806,0.6838524141767004,13015,0
LOC_082,2024-05-01,ASSAM,0.7896816,0.3043478,MEDIUM,0.675652685552883,0.27,0.6699999999999999,0.44515229138822077,LOW PRIORITY,0.8764516544584999,13,0.6679982373454425,0.5914941837409236,13015,0
LOC_082,2024-06-01,ASSAM,0.7143358,0.28735632,MEDIUM,0.8950461956641437,0.27,0.8175,0.5153290769160359,MEDIUM PRIORITY,0.9227035396993896,1,0.7309316581771492,0.9598829181133692,13015,0
LOC_082,2024-07-01,ASSAM,0.86354685,0.3043478,MEDIUM,0.7402609531361393,0.27,0.7265625,0.4697887332840348,MEDIUM PRIORITY,0.8256935096342234,9,0.6744480766427924,0.7609022262675417,13015,0
LOC_082,2024-08-01,ASSAM,0.45530334,0.21008404,MEDIUM,0.8192168750207306,0.27,0.505625,0.41868158475518263,LOW PRIORITY,0.8916128056247707,11,0.9025548231568788,0.8493665379679396,13015,0
LOC_082,2024-09-01,ASSAM,0.014053852,0.037974678,LOW,0.6867990912280395,0.27,0.5856250000000001,0.3287333940070099,LOW PRIORITY,0.8987159442558394,10,0.5827036227548323,0.5991101312348193,13015,0
LOC_082,2024-10-01,ASSAM,0.00241477,0.0,LOW,0.7269220690328312,0.27,0.6051041666666667,0.32649614225820783,LOW PRIORITY,0.7702906910755053,11,0.8935541583948453,0.6105100933276408,13015,0
LOC_082,2024-11-01,ASSAM,0.0017087497,0.0,LOW,0.7671923895578718,0.27,0.8095833333333333,0.3672355973894679,LOW PRIORITY,0.6588254355678417,2,0.5240245558250346,0.9525862335052776,13015,0
LOC_083,2024-01-01,MANIPUR,0.0005282734,0.0,LOW,0.7239667170203942,0.935,0.505625,0.44383542925509856,LOW PRIORITY,0.8949500657216569,12,0.5425989619609781,0.8583178403989418,46415,0
LOC_083,2024-02-01,MANIPUR,0.0006954537,0.0,LOW,0.8048047473864192,0.935,0.6327083333333333,0.48310743684660484,MEDIUM PRIORITY,0.905966445174185,1,0.7756991095991154,0.5708867681057095,46415,0
LOC_083,2024-03-01,MANIPUR,0.005528308,0.013333334,LOW,0.6854796851782294,0.935,0.6920833333333334,0.4675157548945573,MEDIUM PRIORITY,0.7430070008470435,12,0.6012250441125502,0.797686695753324,46415,0
LOC_083,2024-04-01,MANIPUR,0.08807077,0.11764707,MEDIUM,0.8312506896929397,0.935,0.505625,0.517715250423235,MEDIUM PRIORITY,0.7503433722381546,9,0.9058553683147444,0.9688040182188598,46415,0
LOC_083,2024-05-01,MANIPUR,0.45572096,0.21008404,MEDIUM,0.8444117526156982,0.935,0.8084375,0.6034021791539247,MEDIUM PRIORITY,0.7990045911638287,10,0.9533728683108922,0.9586028843214052,46415,0
LOC_083,2024-06-01,MANIPUR,0.33716193,0.19565219,MEDIUM,0.8092594391608585,0.935,0.505625,0.5434194857902147,MEDIUM PRIORITY,0.9103677146268074,13,0.948551336128378,0.8114520392215818,46415,1
LOC_083,2024-07-01,MANIPUR,0.44017395,0.21008405,MEDIUM,0.8446413535419519,0.935,0.9657291666666667,0.6270533333854881,MEDIUM PRIORITY,0.8440164271398244,2,0.8367843075909782,0.7644313461036718,46415,0
LOC_083,2024-08-01,MANIPUR,0.07808392,0.06422018,LOW,0.7931734501351558,0.935,0.505625,0.486825184533789,MEDIUM PRIORITY,0.9008647957515272,11,0.7569821855393923,0.8815134859163707,46415,0
LOC_083,2024-09-01,MANIPUR,0.0042225695,0.013333334,LOW,0.767850016271509,0.935,0.505625,0.4601395876678772,MEDIUM PRIORITY,0.8930657135003669,10,0.5805635307461557,0.9311041541728468,46415,0
LOC_083,2024-10-01,MANIPUR,0.00039637907,0.0,LOW,0.8138216839904349,0.935,0.7117708333333334,0.49722104599760875,MEDIUM PRIORITY,0.8868173381286002,2,0.7023243643790579,0.7328117001207479,46415,0
LOC_083,2024-11-01,MANIPUR,0.00052013784,0.0,LOW,0.7061913853811832,0.935,0.5422916666666666,0.4448915963452958,LOW PRIORITY,0.6612448409254996,9,0.6639199983028039,0.7996007022964295,46415,0
LOC_084,2024-01-01,TRIPURA,0.00016489932,0.0,LOW,0.7820802219679891,0.5,0.5770833333333334,0.38208255549199727,LOW PRIORITY,0.6107099057747288,12,0.9416431999317528,0.9759677821654748,24954,0
LOC_084,2024-02-01,TRIPURA,0.0018059837,0.0,LOW,0.7176662862838687,0.5,0.6089583333333333,0.3707603215709672,LOW PRIORITY,0.6903145289786045,7,0.7625759566327179,0.6511079928574859,24954,0
LOC_084,2024-03-01,TRIPURA,0.0019073281,0.0,LOW,0.7468726437191457,0.5,0.505625,0.3625619109297864,LOW PRIORITY,0.6298489933804688,6,0.8288784359455805,0.7287631455505337,24954,0
LOC_084,2024-04-01,TRIPURA,0.02776633,0.057142857,LOW,0.6830573673590746,0.5,0.7139583333333333,0.40071523463976866,LOW PRIORITY,0.6549793709947325,8,0.5496690113109961,0.7942477537972366,24954,0
LOC_084,2024-05-01,TRIPURA,0.14421931,0.17073171,MEDIUM,0.7734632239541461,0.5,0.7889583333333333,0.4800022399885365,MEDIUM PRIORITY,0.6540738916280154,1,0.8511502651802292,0.6219620723416728,24954,0
LOC_084,2024-06-01,TRIPURA,0.48236296,0.21008402,MEDIUM,0.7431000365482607,0.5,0.8466666666666667,0.49680861713706514,MEDIUM PRIORITY,0.7362510983214829,2,0.5733391956887892,0.729476518849437,24954,0
LOC_084,2024-07-01,TRIPURA,0.1927795,0.1780822,MEDIUM,0.8536866020055157,0.5,0.505625,0.46049828050137886,MEDIUM PRIORITY,0.91897427916481,3,0.7403440523840832,0.8554280764731701,24954,0
LOC_084,2024-08-01,TRIPURA,0.0856868,0.11764706,MEDIUM,0.7644708424237948,0.5,0.5422916666666666,0.4195202846059487,LOW PRIORITY,0.6458928875210507,12,0.9863631417223924,0.825627340451736,24954,0
LOC_084,2024-09-01,TRIPURA,0.013860879,0.037974678,LOW,0.7875155900391598,0.5,0.7029166666666666,0.4175062687097899,LOW PRIORITY,0.8934808531746103,4,0.7590757559329417,0.6308390843824205,24954,0
LOC_084,2024-10-01,TRIPURA,0.00022968535,0.0,LOW,0.6868843289454927,0.5,0.5422916666666666,0.35306483223637314,LOW PRIORITY,0.8440146210205361,12,0.548040055770248,0.7554826389911863,24954,0
LOC_084,2024-11-01,TRIPURA,0.0003133149,0.0,LOW,0.8024915459019909,0.5,0.7307291666666667,0.41023226147549774,LOW PRIORITY,0.8538047509073922,8,0.9476151048292398,0.6752129945379983,24954,0
LOC_085,2024-01-01,NAGALAND,0.01222075,0.037974678,LOW,0.8350359049818752,0.38,0.5157291666666667,0.3773082224454688,LOW PRIORITY,0.9633361958679904,2,0.5639189936919787,0.8795550970341979,19777,0
LOC_085,2024-02-01,NAGALAND,0.0011814709,0.0,LOW,0.8879993813638044,0.38,0.5977083333333333,0.38765609534095113,LOW PRIORITY,0.793317098158061,5,0.9645247823387234,0.9608223116250998,19777,0
LOC_085,2024-03-01,NAGALAND,0.0032755658,0.013333334,LOW,0.8117613587398071,0.38,0.6796875,0.38622679828495177,LOW PRIORITY,0.7304210318673336,2,0.6210242645081143,0.9622668052504476,19777,0
LOC_085,2024-04-01,NAGALAND,0.052314755,0.06422018,LOW,0.7654367169516654,0.38,0.65875,0.39185975123791633,LOW PRIORITY,0.8752961373436609,9,0.8756165734721889,0.6108341569908116,19777,0
LOC_085,2024-05-01,NAGALAND,0.3737756,0.2,MEDIUM,0.7944277092536518,0.38,0.5628124999999999,0.43902880231341296,LOW PRIORITY,0.9848759562661114,1,0.6897876072049764,0.5363806068768525,19777,1
LOC_085,2024-06-01,NAGALAND,0.2302851,0.1780822,MEDIUM,0.7240852819004239,0.38,0.9915625,0.476988575475106,MEDIUM PRIORITY,0.7961084366911315,11,0.5299887663677173,0.9369105912095136,19777,0
LOC_085,2024-07-01,NAGALAND,0.4285086,0.21008405,MEDIUM,0.7585464668038618,0.38,0.505625,0.42551398670096546,LOW PRIORITY,0.96589917526592,3,0.5190311901920237,0.6492555017575037,19777,0
LOC_085,2024-08-01,NAGALAND,0.12627634,0.11764706,MEDIUM,0.7508122472010668,0.38,0.505625,0.3866056358002667,LOW PRIORITY,0.990163520600519,7,0.5643109448233405,0.6821078567137411,19777,0
LOC_085,2024-09-01,NAGALAND,0.0015621604,0.0,LOW,0.820455645190961,0.38,0.505625,0.35695766129774026,LOW PRIORITY,0.6945518737463829,5,0.9645434671238328,0.7893939065602948,19777,0
LOC_085,2024-10-01,NAGALAND,0.0053256364,0.013333334,LOW,0.8111059742875383,0.38,0.7334375,0.3941254521718846,LOW PRIORITY,0.8323537074136524,3,0.5147829221629789,0.997287267573522,19777,0
LOC_085,2024-11-01,NAGALAND,0.001288353,0.0,LOW,0.8476721940311713,0.38,0.65,0.3854180485077928,LOW PRIORITY,0.7621058391995111,6,0.9422957967583574,0.8862871401668166,19777,0
LOC_086,2024-01-01,ASSAM,0.0011338044,0.0,LOW,0.838895742655013,0.225,0.505625,0.3305676856637532,LOW PRIORITY,0.7552008451915597,6,0.8575783960332768,0.9428037293952156,11478,0
LOC_086,2024-02-01,ASSAM,0.001662868,0.0,LOW,0.7260189952360326,0.225,0.505625,0.30234849880900816,LOW PRIORITY,0.6768573473981258,5,0.8149369547731438,0.5789483454395277,11478,0
LOC_086,2024-03-01,ASSAM,0.0003018136,0.0,LOW,0.7208457576098675,0.225,0.505625,0.3010551894024669,LOW PRIORITY,0.8340604043609028,10,0.7604397542738586,0.6222162051380418,11478,0
LOC_086,2024-04-01,ASSAM,0.034476202,0.057142857,LOW,0.8057140399120792,0.225,0.6209375,0.36242627777801983,LOW PRIORITY,0.916519887911892,1,0.8288917179967714,0.5107778870729867,11478,0
LOC_086,2024-05-01,ASSAM,0.08530675,0.11764706,MEDIUM,0.6959938236593644,0.225,0.5770833333333334,0.35261977991484106,LOW PRIORITY,0.8303807585237297,13,0.5349944589770006,0.8519334104700609,11478,0
LOC_086,2024-06-01,ASSAM,0.31440738,0.1780822,MEDIUM,0.8483997484544623,0.225,0.6776041666666667,0.42997344211361554,LOW PRIORITY,0.6036493894586701,2,0.8976057390464285,0.9590105319794172,11478,0
LOC_086,2024-07-01,ASSAM,0.031077752,0.057142857,LOW,0.8038425637531672,0.225,0.7640625000000001,0.3834271587382918,LOW PRIORITY,0.6591556757945075,10,0.9867626596871956,0.9027852528642988,11478,0
LOC_086,2024-08-01,ASSAM,0.003240784,0.013333334,LOW,0.8321647640753618,0.225,0.505625,0.3342182746188404,LOW PRIORITY,0.6577313023330043,4,0.8575310495832326,0.9467300377185436,11478,0
LOC_086,2024-09-01,ASSAM,0.0036170648,0.013333334,LOW,0.7631788915346457,0.225,0.8467708333333333,0.3681436814836614,LOW PRIORITY,0.9492061819132528,12,0.8044966037503634,0.6990127804749664,11478,0
LOC_086,2024-10-01,ASSAM,0.001974121,0.0,LOW,0.822530408492409,0.225,0.505625,0.3264763521231022,LOW PRIORITY,0.8170176785315116,5,0.9574132338292212,0.6823573882755697,11478,0
LOC_086,2024-11-01,ASSAM,0.0007207144,0.0,LOW,0.7258463744357537,0.225,0.505625,0.30230534360893846,LOW PRIORITY,0.7629558785283859,7,0.8280073843941342,0.545755568153828,11478,0
LOC_087,2024-01-01,MEGHALAYA,0.0006357951,0.0,LOW,0.819927572815045,0.455,0.7678125,0.41115376820376126,LOW PRIORITY,0.8907064653554185,6,0.6189716207574769,0.9700322051472844,23195,0
LOC_087,2024-02-01,MEGHALAYA,0.0020868806,0.0,LOW,0.9160485302256329,0.455,0.505625,0.39585588255640825,LOW PRIORITY,0.8968490200343155,1,0.863593114405959,0.9370853197955902,23195,0
LOC_087,2024-03-01,MEGHALAYA,0.007070266,0.03797468,LOW,0.792059617745282,0.455,0.5422916666666666,0.3855485264363205,LOW PRIORITY,0.8831182165187936,7,0.89845290752532,0.6200006802703477,23195,0
LOC_087,2024-04-01,MEGHALAYA,0.075127415,0.06422018,LOW,0.7727385580381778,0.455,0.505625,0.3857164615095445,LOW PRIORITY,0.8448826173941187,2,0.7287606671662843,0.5839776142589748,23195,0
LOC_087,2024-05-01,MEGHALAYA,0.29272798,0.1780822,MEDIUM,0.8054667334050514,0.455,0.6327083333333333,0.45850581335126284,MEDIUM PRIORITY,0.7198445781707652,13,0.9449669877664404,0.9903887010163336,23195,0
LOC_087,2024-06-01,MEGHALAYA,0.5410469,0.23529412,MEDIUM,0.6972290138863648,0.455,0.7566666666666666,0.4729249014715912,MEDIUM PRIORITY,0.8222946489222973,7,0.5616166254353405,0.6383381145211549,23195,0
LOC_087,2024-07-01,MEGHALAYA,0.3710347,0.2,MEDIUM,0.8673837576541493,0.455,0.7146874999999999,0.49504906441353735,MEDIUM PRIORITY,0.6682044556322375,3,0.9163778365625652,0.9849527384217948,23195,0
LOC_087,2024-08-01,MEGHALAYA,0.31803566,0.1780822,MEDIUM,0.8082987367620695,0.455,0.7232291666666666,0.4727919391905174,MEDIUM PRIORITY,0.9993978345958128,10,0.7813724959992842,0.7857579497865144,23195,0
LOC_087,2024-09-01,MEGHALAYA,0.004853777,0.013333335,LOW,0.6976761388299777,0.455,0.505625,0.3465961187074944,LOW PRIORITY,0.6830363350294912,8,0.6294618339719955,0.7448730529850909,23195,0
LOC_087,2024-10-01,MEGHALAYA,0.0029022414,0.013333334,LOW,0.6769945341488507,0.455,0.6327083333333333,0.3604882171372127,LOW PRIORITY,0.7021595224936488,8,0.7394787441255242,0.5330065366428963,23195,0
LOC_087,2024-11-01,MEGHALAYA,0.0004488163,0.0,LOW,0.8046927041875676,0.455,0.505625,0.3680169260468919,LOW PRIORITY,0.8817618186571989,7,0.6496455384165948,0.9206967930098096,23195,0
LOC_088,2024-01-01,SIKKIM,0.0062548844,0.03797468,LOW,0.870743732258612,0.81,0.8317708333333333,0.519641430064653,MEDIUM PRIORITY,0.992068188548543,7,0.8858833091006999,0.8383567647185386,40577,0
LOC_088,2024-02-01,SIKKIM,0.0026231045,0.013333334,LOW,0.7582978887232519,0.81,0.505625,0.432751555780813,LOW PRIORITY,0.8470683810459644,7,0.6859761192355266,0.7334803879448502,40577,0
LOC_088,2024-03-01,SIKKIM,0.0020395536,0.0,LOW,0.8445355990337273,0.81,0.5451041666666667,0.4548995247584319,MEDIUM PRIORITY,0.8181903806033524,9,0.8839432001606768,0.97600881537088,40577,0
LOC_088,2024-04-01,SIKKIM,0.27535945,0.1780822,MEDIUM,0.8158112774180297,0.81,0.5521875,0.5200138243545075,MEDIUM PRIORITY,0.900124471955473,13,0.9547806882140998,0.8416732828358795,40577,0
LOC_088,2024-05-01,SIKKIM,0.69922125,0.28735632,MEDIUM,0.7305351993131378,0.81,0.7233333333333334,0.5680763278282845,MEDIUM PRIORITY,0.6690324141886845,8,0.9699285196109192,0.549846530119614,40577,0
LOC_088,2024-06-01,SIKKIM,0.81751657,0.3043478,MEDIUM,0.7213235964666711,0.81,0.630625,0.5586637691166678,MEDIUM PRIORITY,0.773942994416253,2,0.6321926176798678,0.5458254404372305,40577,1
LOC_088,2024-07-01,SIKKIM,0.8584173,0.3043478,MEDIUM,0.8554902005840508,0.81,0.9204166666666667,0.6356741701460127,MEDIUM PRIORITY,0.9842574811870156,1,0.7999433053439902,0.6710933491385305,40577,0
LOC_088,2024-08-01,SIKKIM,0.7176151,0.28735632,MEDIUM,0.746252461799944,0.81,0.505625,0.539349393449986,MEDIUM PRIORITY,0.6405074078103643,12,0.7732724437878391,0.9712299956015724,40577,0
LOC_088,2024-09-01,SIKKIM,0.00089458755,0.0,LOW,0.851311275019411,0.81,0.5391666666666667,0.45570281875485275,MEDIUM PRIORITY,0.99103814819506,1,0.8702614517805745,0.5772788334353429,40577,0
LOC_088,2024-10-01,SIKKIM,0.0036573124,0.013333334,LOW,0.7964632262144322,0.81,0.6902083333333333,0.46998039015360804,MEDIUM PRIORITY,0.8538235517621513,9,0.950617483925676,0.6814118691699012,40577,0
LOC_088,2024-11-01,SIKKIM,0.00052858266,0.0,LOW,0.8266226698683918,0.81,0.6577083333333333,0.467311917467098,MEDIUM PRIORITY,0.7325630946486377,6,0.8182960765958176,0.9556315082291124,40577,0
LOC_089,2024-01-01,NAGALAND,0.0026995325,0.013333334,LOW,0.8490853356972499,0.82,0.7176041666666666,0.4892452925243124,MEDIUM PRIORITY,0.9551477088436088,8,0.8909128760147986,0.8169474245972587,41441,0
LOC_089,2024-02-01,NAGALAND,0.0029035443,0.013333334,LOW,0.7110632019394193,0.82,0.6444791666666667,0.44377100908485484,LOW PRIORITY,0.6251578835820588,12,0.782721896534099,0.8363730276415191,41441,0
LOC_089,2024-03-01,NAGALAND,0.0036648682,0.013333335,LOW,0.7674316847388669,0.82,0.5422916666666666,0.4425350051847167,LOW PRIORITY,0.9836666941878992,8,0.6605486144487482,0.6921780969854872,41441,0
LOC_089,2024-04-01,NAGALAND,0.049752984,0.06422018,LOW,0.6568743092471618,0.82,0.5770833333333334,0.4404691493117905,LOW PRIORITY,0.8907946485997322,11,0.5947579241844076,0.508611330871174,41441,0
LOC_089,2024-05-01,NAGALAND,0.8295519,0.3043478,MEDIUM,0.8223786676977444,0.82,0.7119791666666666,0.5981306619244361,MEDIUM PRIORITY,0.8268273509049681,8,0.7795135720446278,0.9498404145080482,41441,1
LOC_089,2024-06-01,NAGALAND,0.86593986,0.3043478,MEDIUM,0.8190946815576872,0.82,0.8926041666666666,0.6244034153894218,MEDIUM PRIORITY,0.8075839987429494,8,0.9004012077981909,0.835060186356275,41441,0
LOC_089,2024-07-01,NAGALAND,0.6868525,0.28735632,MEDIUM,0.8614097533758351,0.82,0.505625,0.5701387163439587,MEDIUM PRIORITY,0.8617711421321794,2,0.6781530918696539,0.972381446168174,41441,0
LOC_089,2024-08-01,NAGALAND,0.06577509,0.064220175,LOW,0.662061208940667,0.82,0.6902083333333333,0.4587346222351667,MEDIUM PRIORITY,0.6928815922121566,13,0.6277637984062479,0.7609327784775967,41441,0
LOC_089,2024-09-01,NAGALAND,0.0032344947,0.013333334,LOW,0.8274335789635132,0.82,0.505625,0.4520354783408783,MEDIUM PRIORITY,0.8597131206200523,10,0.9524536833464504,0.830900845220883,41441,0
LOC_089,2024-10-01,NAGALAND,0.011717043,0.03797468,LOW,0.7458704199895504,0.82,0.6327083333333333,0.46056372699738757,MEDIUM PRIORITY,0.9350402226201596,11,0.8050116728542629,0.6100964511504458,41441,0
LOC_089,2024-11-01,NAGALAND,5.2269912e-05,0.0,LOW,0.8069309660551964,0.82,0.505625,0.4415764915137991,LOW PRIORITY,0.7302581555133891,10,0.8743202952425274,0.9564787467982024,41441,0
LOC_090,2024-01-01,MEGHALAYA,0.0009347541,0.0,LOW,0.7567565731048598,0.615,0.505625,0.38803289327621493,LOW PRIORITY,0.7177577054810761,2,0.8402309725668643,0.5357042810381654,30926,0
LOC_090,2024-02-01,MEGHALAYA,0.0011942595,0.0,LOW,0.8197187371267223,0.615,0.6373958333333334,0.42353905928168056,LOW PRIORITY,0.7500642574468595,9,0.9017506842735344,0.9270600067864952,30926,0
LOC_090,2024-03-01,MEGHALAYA,0.0007993608,0.0,LOW,0.7572129142790995,0.615,0.5770833333333334,0.39886572856977487,LOW PRIORITY,0.7259586881129125,1,0.8069399734920437,0.5292863288447749,30926,0
LOC_090,2024-04-01,MEGHALAYA,0.15033358,0.17073171,MEDIUM,0.766207565042153,0.615,0.7914583333333334,0.5015633252605383,MEDIUM PRIORITY,0.6008500382562006,1,0.9010991679901252,0.5962143872556194,30926,0
LOC_090,2024-05-01,MEGHALAYA,0.003637388,0.013333334,LOW,0.69561836008147,0.615,0.505625,0.3780816736203675,LOW PRIORITY,0.7526180340269266,10,0.6760545090567956,0.6871342305754911,30926,0
LOC_090,2024-06-01,MEGHALAYA,0.49610913,0.21008405,MEDIUM,0.7337293456967812,0.615,0.9078125,0.5266378314241953,MEDIUM PRIORITY,0.6665036432104049,3,0.5521204974236417,0.8162932421530782,30926,0
LOC_090,2024-07-01,MEGHALAYA,0.75803035,0.2873563,MEDIUM,0.8377548671009794,0.615,0.505625,0.5232249867752449,MEDIUM PRIORITY,0.8065181353239295,4,0.8758770266606499,0.8019576397526714,30926,0
LOC_090,2024-08-01,MEGHALAYA,0.0043254807,0.013333334,LOW,0.829238658585381,0.615,0.6904166666666667,0.43920549824634525,LOW PRIORITY,0.8488603358820771,3,0.6185166186975122,0.9495776797619347,30926,0
LOC_090,2024-09-01,MEGHALAYA,0.0004449997,0.0,LOW,0.6432168173116695,0.615,0.505625,0.35964795432791735,LOW PRIORITY,0.66270565216027,4,0.53401916271464,0.5094757877051015,30926,0
LOC_090,2024-10-01,MEGHALAYA,0.0004192778,0.0,LOW,0.7187774169207415,0.615,0.7896875,0.42114747923018536,LOW PRIORITY,0.6852286719037142,3,0.6850084555331781,0.6048725402460737,30926,0
LOC_090,2024-11-01,MEGHALAYA,0.001966523,0.0,LOW,0.7749237217140821,0.615,0.505625,0.3925746804285205,LOW PRIORITY,0.704942780835727,11,0.8740858771228023,0.8873328955644657,30926,0
LOC_091,2024-01-01,ARUNACHAL_PRADESH,0.0013076414,0.0,LOW,0.7488113250055595,0.545,0.6902083333333333,0.39973408125138987,LOW PRIORITY,0.6646625716862905,2,0.7196068886397853,0.6776425063628286,27734,0
LOC_091,2024-02-01,ARUNACHAL_PRADESH,0.0040883804,0.013333334,LOW,0.8138579548656523,0.545,0.505625,0.39364157231641306,LOW PRIORITY,0.9452328299625274,7,0.8537661719943204,0.6897661508390946,27734,0
LOC_091,2024-03-01,ARUNACHAL_PRADESH,0.0005803519,0.0,LOW,0.7128891964639432,0.545,0.6182291666666666,0.3799566741159858,LOW PRIORITY,0.6424729212020469,12,0.693617722720458,0.915466141933268,27734,0
LOC_091,2024-04-01,ARUNACHAL_PRADESH,0.0067230524,0.03797468,LOW,0.7523623345969975,0.545,0.8403125,0.4383273306492494,LOW PRIORITY,0.8889110902592586,4,0.6631718608661676,0.5906997205958968,27734,0
LOC_091,2024-05-01,ARUNACHAL_PRADESH,0.642526,0.28735632,MEDIUM,0.7056770682533995,0.545,0.5541666666666667,0.4834867950633499,MEDIUM PRIORITY,0.9617737511412188,7,0.5310346322242762,0.5632332229814362,27734,0
LOC_091,2024-06-01,ARUNACHAL_PRADESH,0.35637292,0.19565217,MEDIUM,0.8342328737525663,0.545,0.505625,0.47166283643814155,MEDIUM PRIORITY,0.9511048092264968,5,0.9326529516728876,0.6198404007775469,27734,1
LOC_091,2024-07-01,ARUNACHAL_PRADESH,0.46529356,0.21008404,MEDIUM,0.67687543496615,0.545,0.8965624999999999,0.49673684974153753,MEDIUM PRIORITY,0.8851418037513883,12,0.5972089296693373,0.6251510064438741,27734,0
LOC_091,2024-08-01,ARUNACHAL_PRADESH,0.64001685,0.28735632,MEDIUM,0.7516303495768806,0.545,0.505625,0.4876938653942201,MEDIUM PRIORITY,0.6721273264020259,9,0.6438738477962336,0.9905202241092632,27734,0
LOC_091,2024-09-01,ARUNACHAL_PRADESH,0.00032230865,0.0,LOW,0.689980733250867,0.545,0.71,0.3879951833127167,LOW PRIORITY,0.6096026018255525,8,0.531548093988071,0.8854389038565107,27734,0
LOC_091,2024-10-01,ARUNACHAL_PRADESH,0.0013450057,0.0,LOW,0.6599389040588767,0.545,0.5422916666666666,0.3553284760147192,LOW PRIORITY,0.7534365307484339,11,0.5921736849029997,0.6608120672507398,27734,0
LOC_091,2024-11-01,ARUNACHAL_PRADESH,0.0068133376,0.037974678,LOW,0.7305668983115469,0.545,0.505625,0.38267534577788676,LOW PRIORITY,0.8222784512607599,3,0.5515623641410219,0.6484267778444055,27734,0
LOC_092,2024-01-01,MEGHALAYA,0.0009647623,0.0,LOW,0.7270021983143542,0.385,0.5422916666666666,0.34009429957858855,LOW PRIORITY,0.8323291389240929,7,0.7891434020427699,0.5198695856238875,20123,0
LOC_092,2024-02-01,MEGHALAYA,0.0012963753,0.0,LOW,0.7541013132157568,0.385,0.6390625000000001,0.36138470330393924,LOW PRIORITY,0.703167173442958,3,0.7284934150987277,0.6847446643213417,20123,0
LOC_092,2024-03-01,MEGHALAYA,0.011168933,0.037974678,LOW,0.80961476368662,0.385,0.7057291666666666,0.400452937121655,LOW PRIORITY,0.9671544013969926,5,0.8902443843558936,0.5477269356602602,20123,0
LOC_092,2024-04-01,MEGHALAYA,0.2143986,0.1780822,MEDIUM,0.8243155231579589,0.385,0.7421875,0.4656398857894897,MEDIUM PRIORITY,0.9287656568746384,2,0.7299277340472353,0.7052353683766284,20123,0
LOC_092,2024-05-01,MEGHALAYA,0.9233593,0.3043478,MEDIUM,0.7213098877410442,0.385,0.8421875000000001,0.5053947169352611,MEDIUM PRIORITY,0.6568182096355809,13,0.8484908730837639,0.8132638015781652,20123,0
LOC_092,2024-06-01,MEGHALAYA,0.71307933,0.28735632,MEDIUM,0.9275509548194658,0.385,0.6961458333333334,0.5282521417048665,MEDIUM PRIORITY,0.9516636399555418,1,0.8484127394019485,0.9434607732537064,20123,0
LOC_092,2024-07-01,MEGHALAYA,0.33216605,0.19565216,MEDIUM,0.7685663410988816,0.385,0.505625,0.4232461992747204,LOW PRIORITY,0.9583920917265496,5,0.7736591543351568,0.5088807850004862,20123,1
LOC_092,2024-08-01,MEGHALAYA,0.5864727,0.26530612,MEDIUM,0.8493088920799959,0.385,0.9773958333333332,0.542059046019999,MEDIUM PRIORITY,0.7848943543327996,1,0.9109700065388172,0.7347045407817001,20123,0
LOC_092,2024-09-01,MEGHALAYA,0.009819567,0.037974678,LOW,0.7219891831836256,0.385,0.505625,0.34853091699590644,LOW PRIORITY,0.7769591250323513,8,0.6511109341888996,0.7265533401799182,20123,0
LOC_092,2024-10-01,MEGHALAYA,0.0077630114,0.03797468,LOW,0.730385679288158,0.385,0.505625,0.3506300418220395,LOW PRIORITY,0.7098619607651611,8,0.8412598615301394,0.6370875615239984,20123,0
LOC_092,2024-11-01,MEGHALAYA,0.0023257711,0.0,LOW,0.659616608302795,0.385,0.8230208333333333,0.36535727707569876,LOW PRIORITY,0.6017985161002738,9,0.6450781453922447,0.691589771718662,20123,0
LOC_093,2024-01-01,MIZORAM,0.0009550279,0.0,LOW,0.8568593953482396,0.555,0.505625,0.4010585988370599,LOW PRIORITY,0.9809590207486656,12,0.9149910925826614,0.9314874680616316,27900,0
LOC_093,2024-02-01,MIZORAM,0.0012048446,0.0,LOW,0.7576792580034823,0.555,0.7285416666666666,0.4097010645008706,LOW PRIORITY,0.625788450501782,7,0.8559048503755944,0.7823570644698865,27900,0
LOC_093,2024-03-01,MIZORAM,0.0008075713,0.0,LOW,0.838896945442142,0.555,0.5770833333333334,0.4072867363605355,LOW PRIORITY,0.7337376095367256,5,0.9063602421948648,0.8821565967036439,27900,0
LOC_093,2024-04-01,MIZORAM,0.035724927,0.057142857,LOW,0.6915209470464331,0.555,0.6579166666666667,0.4054248795616083,LOW PRIORITY,0.9614620896166348,12,0.6246282082912433,0.5799934902778543,27900,0
LOC_093,2024-05-01,MIZORAM,0.23999295,0.1780822,MEDIUM,0.7972889089790635,0.555,0.5885416666666667,0.4698363572447658,MEDIUM PRIORITY,0.9850955570954724,11,0.7721712058398554,0.798555539647593,27900,0
LOC_093,2024-06-01,MIZORAM,0.12772737,0.125,MEDIUM,0.8270153874092298,0.555,0.739375,0.4786600968523075,MEDIUM PRIORITY,0.955775848743634,5,0.5355653025994198,0.9833870649605316,27900,0
LOC_093,2024-07-01,MIZORAM,0.58658695,0.26530612,MEDIUM,0.8608491105197764,0.555,0.505625,0.5081784756299441,MEDIUM PRIORITY,0.9540438414873718,8,0.8190098616602464,0.9370094055981542,27900,0
LOC_093,2024-08-01,MIZORAM,0.20850657,0.1780822,MEDIUM,0.6755504331403247,0.555,0.7132291666666666,0.45810486328508115,MEDIUM PRIORITY,0.7254535767564187,8,0.6045578721963004,0.6388569502752461,27900,0
LOC_093,2024-09-01,MIZORAM,0.00061754044,0.0,LOW,0.7728897609071022,0.555,0.505625,0.38006619022677557,LOW PRIORITY,0.936249222800246,2,0.6839924953199842,0.5379839921748454,27900,0
LOC_093,2024-10-01,MIZORAM,0.00045771888,0.0,LOW,0.790232743235791,0.555,0.6487499999999999,0.40587068580894775,LOW PRIORITY,0.8156833831685139,9,0.9421885667011904,0.7030590230734591,27900,0
LOC_093,2024-11-01,MIZORAM,0.00010178453,0.0,LOW,0.6867630896005346,0.555,0.6005208333333334,0.37276889740013364,LOW PRIORITY,0.7283895611498644,10,0.5415533602570397,0.8104427703285675,27900,0
LOC_094,2024-01-01,NAGALAND,0.0018231529,0.0,LOW,0.7335946757488339,0.285,0.505625,0.31624241893720845,LOW PRIORITY,0.6605164824100337,7,0.8103478378830368,0.6968477160355984,14046,0
LOC_094,2024-02-01,NAGALAND,0.018758724,0.03797468,LOW,0.8061949833243163,0.285,0.5464583333333333,0.35570736783107904,LOW PRIORITY,0.7134301482487678,7,0.9718855547871376,0.772797563594693,14046,0
LOC_094,2024-03-01,NAGALAND,0.001094383,0.0,LOW,0.7619934892688023,0.285,0.7121875,0.35432649731720056,LOW PRIORITY,0.9460302601479872,10,0.625360854886902,0.8099161753736528,14046,0
LOC_094,2024-04-01,NAGALAND,0.25732014,0.1780822,MEDIUM,0.8508164403897172,0.285,0.6292708333333333,0.4353276150974293,LOW PRIORITY,0.8377305342367827,1,0.9330085408331176,0.6658600198223017,14046,0
LOC_094,2024-05-01,NAGALAND,0.22297686,0.1780822,MEDIUM,0.7615692263892092,0.285,0.505625,0.39446893659730226,LOW PRIORITY,0.709194948373851,8,0.9659298354561368,0.6378187883935156,14046,0
LOC_094,2024-06-01,NAGALAND,0.51480293,0.21008404,MEDIUM,0.8196993898431526,0.285,0.505625,0.4218022134607881,LOW PRIORITY,0.9041972687233032,7,0.8905058745004564,0.7174277494821844,14046,0
LOC_094,2024-07-01,NAGALAND,0.10505904,0.11764706,MEDIUM,0.8057666070796999,0.285,0.6663541666666667,0.405453600769925,LOW PRIORITY,0.7082890679354655,12,0.9638330241119536,0.9509443362713804,14046,0
LOC_094,2024-08-01,NAGALAND,0.013077578,0.037974678,LOW,0.7583795024981197,0.285,0.505625,0.3376284968245299,LOW PRIORITY,0.9635596455240528,6,0.6941386951921937,0.5758196692762325,14046,0
LOC_094,2024-09-01,NAGALAND,0.0018843048,0.0,LOW,0.8333558892276698,0.285,0.6898958333333334,0.36882334730691746,LOW PRIORITY,0.8622917738413132,6,0.9816538245789956,0.6894779584903703,14046,0
LOC_094,2024-10-01,NAGALAND,0.0082953125,0.037974678,LOW,0.8272435653994853,0.285,0.7958333333333334,0.39837576254987134,LOW PRIORITY,0.976512282413446,8,0.7504577606099396,0.848670885241222,14046,0
LOC_094,2024-11-01,NAGALAND,0.0017414727,0.0,LOW,0.6903988121690794,0.285,0.505625,0.30544345304226983,LOW PRIORITY,0.6908489454984559,9,0.6151639338246545,0.755582369353207,14046,0
LOC_095,2024-01-01,NAGALAND,0.00075950957,0.0,LOW,0.6914674270453833,0.46,0.6246875000000001,0.35856998176134586,LOW PRIORITY,0.864640026858678,10,0.5447841902965936,0.6897788243595946,23350,0
LOC_095,2024-02-01,NAGALAND,0.0015877503,0.0,LOW,0.883008351542236,0.46,0.6327083333333333,0.40765833788555905,LOW PRIORITY,0.922414270868178,1,0.7397165699542676,0.9032358986798316,23350,0
LOC_095,2024-03-01,NAGALAND,0.00023324235,0.0,LOW,0.8077791003765163,0.46,0.7811458333333333,0.41111665009412907,LOW PRIORITY,0.7865767259364127,1,0.5751611376057324,0.9027118712972536,23350,0
LOC_095,2024-04-01,NAGALAND,0.04081286,0.06422018,LOW,0.7859518019958891,0.46,0.665625,0.4140197724989723,LOW PRIORITY,0.6106434742933676,1,0.756867082389483,0.8096299846340389,23350,0
LOC_095,2024-05-01,NAGALAND,0.16787551,0.17808218,MEDIUM,0.7765259459293649,0.46,0.7160416666666667,0.4647706084823412,MEDIUM PRIORITY,0.8905488940596837,8,0.8019479409021487,0.6802736154222936,23350,0
LOC_095,2024-06-01,NAGALAND,0.75852007,0.28735632,MEDIUM,0.7625175239215874,0.46,0.5075,0.4736969089803969,MEDIUM PRIORITY,0.8676228628527756,4,0.766487054083884,0.5492935120830236,23350,1
LOC_095,2024-07-01,NAGALAND,0.12889847,0.125,MEDIUM,0.7218263202646259,0.46,0.9663541666666666,0.46740970506615653,MEDIUM PRIORITY,0.7244338162099896,12,0.9544329573648112,0.6084385074837027,23350,0
LOC_095,2024-08-01,NAGALAND,0.33664086,0.19565217,MEDIUM,0.7215264288563723,0.46,0.505625,0.4264862252140931,LOW PRIORITY,0.6206841256881999,4,0.7187031155030692,0.6800518075675536,23350,1
LOC_095,2024-09-01,NAGALAND,0.0029353034,0.013333334,LOW,0.7139641125706471,0.46,0.6327083333333333,0.37073061174266175,LOW PRIORITY,0.826085558092742,6,0.6316790317483204,0.5980918604415257,23350,0
LOC_095,2024-10-01,NAGALAND,0.0008683557,0.0,LOW,0.7525068642687223,0.46,0.505625,0.3559704660671806,LOW PRIORITY,0.7384234109606521,13,0.7741035990519647,0.9308337803956056,23350,0
LOC_095,2024-11-01,NAGALAND,6.91953e-05,0.0,LOW,0.7985477481414618,0.46,0.6038541666666666,0.3822150620353655,LOW PRIORITY,0.7640357689892818,2,0.5131599439842757,0.983661946258956,23350,0
LOC_096,2024-01-01,ARUNACHAL_PRADESH,0.00045199366,0.0,LOW,0.7220168990703068,0.975,0.505625,0.4513479747675767,MEDIUM PRIORITY,0.9102370438709476,12,0.7264499429957703,0.6513806094145089,49153,0
LOC_096,2024-02-01,ARUNACHAL_PRADESH,0.0005623705,0.0,LOW,0.841563919512496,0.975,0.5448958333333334,0.48712535487812403,MEDIUM PRIORITY,0.8371464730523747,11,0.8964809093880071,0.9992949622762688,49153,0
LOC_096,2024-03-01,ARUNACHAL_PRADESH,0.0004389035,0.0,LOW,0.804912814199285,0.975,0.5792708333333334,0.48311882854982124,MEDIUM PRIORITY,0.8763540538351773,4,0.9471902305873308,0.5294403057079652,49153,0
LOC_096,2024-04-01,ARUNACHAL_PRADESH,0.032763027,0.057142857,LOW,0.8126887791740665,0.975,0.8523958333333334,0.5488887125935167,MEDIUM PRIORITY,0.6276343430012454,2,0.7827416352326294,0.9070458051290576,49153,0
LOC_096,2024-05-01,ARUNACHAL_PRADESH,0.05719877,0.06422018,LOW,0.8742140572261123,0.975,0.505625,0.5150853363065281,MEDIUM PRIORITY,0.9630194137981936,1,0.756404042179883,0.810766106259706,49153,0
LOC_096,2024-06-01,ARUNACHAL_PRADESH,0.5179549,0.21008404,MEDIUM,0.8756547061181936,0.975,0.5770833333333334,0.5845097925295485,MEDIUM PRIORITY,0.9127864215877208,7,0.9872596708062013,0.8359060654121859,49153,0
LOC_096,2024-07-01,ARUNACHAL_PRADESH,0.46012738,0.21008405,MEDIUM,0.6473490957833987,0.975,0.6876041666666667,0.5440115189458496,MEDIUM PRIORITY,0.6537208360419963,11,0.5000734182226312,0.8022687955356342,49153,0
LOC_096,2024-08-01,ARUNACHAL_PRADESH,0.078998126,0.088094294,LOW,0.745662325111803,0.975,0.7675000000000001,0.5317782988779508,MEDIUM PRIORITY,0.9454212766040826,11,0.6729627958384171,0.730931894671379,49153,0
LOC_096,2024-09-01,ARUNACHAL_PRADESH,0.0026139203,0.013333335,LOW,0.7937741990517527,0.975,0.505625,0.47462063376293817,MEDIUM PRIORITY,0.9300407703353566,11,0.9713513389296372,0.6403713536086839,49153,0
LOC_096,2024-10-01,ARUNACHAL_PRADESH,0.0025876889,0.013333334,LOW,0.8118230514120723,0.975,0.6902083333333333,0.5068203464530181,MEDIUM PRIORITY,0.8954261043437359,2,0.7473198793181146,0.6712128886531055,49153,0
LOC_096,2024-11-01,ARUNACHAL_PRADESH,0.0012508568,0.0,LOW,0.7047621251436922,0.975,0.6061458333333334,0.46211240628592304,MEDIUM PRIORITY,0.6948627966653478,8,0.5720016827858138,0.8188506877902741,49153,0
LOC_097,2024-01-01,MANIPUR,0.0014120761,0.0,LOW,0.8038981651147511,0.795,0.505625,0.43581829127868776,LOW PRIORITY,0.6093067418203819,1,0.7006370585874162,0.9389821933845396,40051,0
LOC_097,2024-02-01,MANIPUR,0.0027484035,0.013333334,LOW,0.7393019936603051,0.795,0.7566666666666667,0.4626588320150763,MEDIUM PRIORITY,0.8668520985135344,10,0.7962822289908232,0.6274069804701956,40051,0
LOC_097,2024-03-01,MANIPUR,0.000969946,0.0,LOW,0.6899792494591149,0.795,0.5422916666666666,0.4128385623647787,LOW PRIORITY,0.964640551459728,11,0.5839481760514373,0.5779949369919613,40051,0
LOC_097,2024-04-01,MANIPUR,0.5918988,0.26530612,MEDIUM,0.7509594376074318,0.795,0.6776041666666667,0.554502932401858,MEDIUM PRIORITY,0.7613768054562445,10,0.7962324125814382,0.7795618657253778,40051,0
LOC_097,2024-05-01,MANIPUR,0.06389142,0.06422018,LOW,0.8514033177984897,0.795,0.6327083333333333,0.4924451514496224,MEDIUM PRIORITY,0.7594120354223969,2,0.9957149984315878,0.71715290400664,40051,0
LOC_097,2024-06-01,MANIPUR,0.10290518,0.11764706,MEDIUM,0.6713113872384474,0.795,0.5266666666666666,0.45288667080961187,MEDIUM PRIORITY,0.6195522619109479,7,0.76993854442278,0.5290880759533951,40051,0
LOC_097,2024-07-01,MANIPUR,0.6313625,0.26530612,MEDIUM,0.7327893607169458,0.795,0.76,0.5623197881792364,MEDIUM PRIORITY,0.7371815631479961,3,0.5366288730843378,0.7573470066354492,40051,1
LOC_097,2024-08-01,MANIPUR,0.5795125,0.26530612,MEDIUM,0.7180309211223285,0.795,0.740625,0.5557239282805821,MEDIUM PRIORITY,0.7672429182900078,11,0.7308802740764702,0.7406671587895024,40051,0
LOC_097,2024-09-01,MANIPUR,0.009933713,0.037974678,LOW,0.7911781551889862,0.795,0.5422916666666666,0.45332815999724657,MEDIUM PRIORITY,0.9417171921461084,7,0.6322623825462348,0.8240663793969348,40051,0
LOC_097,2024-10-01,MANIPUR,0.00042260755,0.0,LOW,0.780915506312662,0.795,0.505625,0.43007262657816553,LOW PRIORITY,0.6556614693313514,9,0.8308952179357356,0.937105337983561,40051,0
LOC_097,2024-11-01,MANIPUR,0.0005581891,0.0,LOW,0.8442488988861642,0.795,0.505625,0.44590597472154103,LOW PRIORITY,0.9604047530014233,5,0.6386248522953978,0.9446326569145024,40051,0
LOC_098,2024-01-01,MANIPUR,0.00017704723,0.0,LOW,0.7149145915712011,0.965,0.6523958333333333,0.4695880228928002,MEDIUM PRIORITY,0.656994350840871,12,0.8426793899413948,0.7599846255025384,48362,0
LOC_098,2024-02-01,MANIPUR,0.0002471954,0.0,LOW,0.712788442886615,0.965,0.5770833333333334,0.4577596107216537,MEDIUM PRIORITY,0.7136176402731056,11,0.7882952403682593,0.715907557571762,48362,0
LOC_098,2024-03-01,MANIPUR,0.0004970111,0.0,LOW,0.7500569242594406,0.965,0.8040625,0.5011236060648602,MEDIUM PRIORITY,0.9872454441062212,10,0.7482776190573002,0.5980379672075746,48362,0
LOC_098,2024-04-01,MANIPUR,0.069796704,0.06422018,LOW,0.8111842965469924,0.965,0.505625,0.4973278961367481,MEDIUM PRIORITY,0.8166649120315439,3,0.8023148887084341,0.7257573854479916,48362,0
LOC_098,2024-05-01,MANIPUR,0.05281543,0.06422018,LOW,0.7109442363689698,0.965,0.5422916666666666,0.47776788109224244,MEDIUM PRIORITY,0.6943336511003287,9,0.7773508164854963,0.6720924778900541,48362,0
LOC_098,2024-06-01,MANIPUR,0.05457592,0.06422018,LOW,0.7025370159137474,0.965,0.5422916666666666,0.47566607597843685,MEDIUM PRIORITY,0.7268861136738741,13,0.624767622756763,0.8918276605576856,48362,0
LOC_098,2024-07-01,MANIPUR,0.43230382,0.21008404,MEDIUM,0.8390147697886216,0.965,0.8176041666666667,0.6094279334471554,MEDIUM PRIORITY,0.9061744818588398,5,0.7431492190456421,0.8734020449166707,48362,0
LOC_098,2024-08-01,MANIPUR,0.004746247,0.013333334,LOW,0.7689961285417103,0.965,0.7461458333333333,0.5025042407354275,MEDIUM PRIORITY,0.8874683602769544,5,0.6567963030290478,0.6983865175275057,48362,0
LOC_098,2024-09-01,MANIPUR,0.0012673609,0.0,LOW,0.8681226047900114,0.965,0.5422916666666666,0.4913744011975028,MEDIUM PRIORITY,0.9988019580556996,1,0.9174694964597772,0.5895522979779018,48362,0
LOC_098,2024-10-01,MANIPUR,0.0008590102,0.0,LOW,0.7490075651494319,0.965,0.9029166666666666,0.5156893912873579,MEDIUM PRIORITY,0.7208583124187032,6,0.828596364297935,0.6465755838810892,48362,0
LOC_098,2024-11-01,MANIPUR,0.0002912301,0.0,LOW,0.6606758689621441,0.965,0.505625,0.43401271724053603,LOW PRIORITY,0.8201636440903479,8,0.505415142120891,0.583791356304004,48362,0
LOC_099,2024-01-01,MEGHALAYA,0.002263258,0.0,LOW,0.7630919171556978,0.7,0.505625,0.40661672928892445,LOW PRIORITY,0.8169852223797911,2,0.5739558459415517,0.7280932669681148,35387,0
LOC_099,2024-02-01,MEGHALAYA,0.0016977497,0.0,LOW,0.683212117885043,0.7,0.8488541666666667,0.4381311544712607,LOW PRIORITY,0.8004659953220926,7,0.5572490784471454,0.6084667311042675,35387,0
LOC_099,2024-03-01,MEGHALAYA,0.0056207157,0.013333334,LOW,0.8736826106663209,0.7,0.505625,0.43959773626658016,LOW PRIORITY,0.8935186198616729,1,0.6503704103339201,0.984174745803024,35387,0
LOC_099,2024-04-01,MEGHALAYA,0.29252085,0.1780822,MEDIUM,0.6969490678398748,0.7,0.6644791666666667,0.4851420219599687,MEDIUM PRIORITY,0.6253177095934159,1,0.5115809401970768,0.6842309549023398,35387,1
LOC_099,2024-05-01,MEGHALAYA,0.12666272,0.11764706,MEDIUM,0.768857062549954,0.7,0.9657291666666666,0.5241324646374885,MEDIUM PRIORITY,0.7599642653256274,8,0.6779630163256873,0.9041676352151676,35387,0
LOC_099,2024-06-01,MEGHALAYA,0.7705185,0.28735632,MEDIUM,0.757034999057175,0.7,0.505625,0.5200450277642937,MEDIUM PRIORITY,0.7787166914368715,6,0.6652583713694527,0.784164933422376,35387,0
LOC_099,2024-07-01,MEGHALAYA,0.31991407,0.1780822,MEDIUM,0.7076799552125661,0.7,0.5763541666666667,0.4746059938031415,MEDIUM PRIORITY,0.731331592125198,4,0.5875316886641819,0.6451898733942176,35387,0
LOC_099,2024-08-01,MEGHALAYA,0.3333123,0.19565217,MEDIUM,0.7260377448910036,0.7,0.505625,0.4756140542227508,MEDIUM PRIORITY,0.8711395392518975,5,0.6920497437569717,0.5076283632218118,35387,0
LOC_099,2024-09-01,MEGHALAYA,0.021053953,0.03797468,LOW,0.839520337289998,0.7,0.665625,0.4649137063224995,MEDIUM PRIORITY,0.8992121045468368,3,0.6223694715415301,0.9364997730716252,35387,0
LOC_099,2024-10-01,MEGHALAYA,0.00033055397,0.0,LOW,0.7499029320233497,0.7,0.6972916666666666,0.4320694830058374,LOW PRIORITY,0.6199697501217604,7,0.621543098228322,0.9914322130766496,35387,0
LOC_099,2024-11-01,MEGHALAYA,0.0029292433,0.013333334,LOW,0.8283652242219737,0.7,0.5422916666666666,0.4337683896554934,LOW PRIORITY,0.9491189894693474,4,0.983611599322388,0.5140636414294928,35387,0
LOC_100,2024-01-01,TRIPURA,0.0067408765,0.037974678,LOW,0.8046878137525967,0.87,0.6788541666666666,0.49218994963814916,MEDIUM PRIORITY,0.6876424749457745,3,0.9442678257187856,0.6868409543458269,43078,0
LOC_100,2024-02-01,TRIPURA,0.002567454,0.013333333,LOW,0.699511687642389,0.87,0.5332291666666666,0.43419563011059725,LOW PRIORITY,0.8177366746229675,6,0.5812357068688139,0.5990743690777748,43078,0
LOC_100,2024-03-01,TRIPURA,0.0007241978,0.0,LOW,0.7280210940093989,0.87,0.7314583333333333,0.4657240235023497,MEDIUM PRIORITY,0.7338435754712022,5,0.7557871042857547,0.5891203629473047,43078,0
LOC_100,2024-04-01,TRIPURA,0.13209961,0.17073171,MEDIUM,0.8315206220571962,0.87,0.5901041666666667,0.5386884645142991,MEDIUM PRIORITY,0.9449009168479936,13,0.8458818834157109,0.968633021298414,43078,0
LOC_100,2024-05-01,TRIPURA,0.26559806,0.1780822,MEDIUM,0.8135923212536706,0.87,0.5422916666666666,0.5299747103134176,MEDIUM PRIORITY,0.6575929831230073,1,0.9006180773812202,0.7294915578437884,43078,0
LOC_100,2024-06-01,TRIPURA,0.75431263,0.28735632,MEDIUM,0.6520224126297205,0.87,0.9288541666666666,0.5912762561574302,MEDIUM PRIORITY,0.6341174298207827,5,0.5595761825945538,0.5810627047702123,43078,0
LOC_100,2024-07-01,TRIPURA,0.56507313,0.26530612,MEDIUM,0.7386616339925707,0.87,0.7140625,0.5718972314981428,MEDIUM PRIORITY,0.8815388370655605,9,0.7369098229694662,0.6361978759352559,43078,0
LOC_100,2024-08-01,TRIPURA,0.60901564,0.26530612,MEDIUM,0.7493547456825148,0.87,0.6777083333333334,0.5691173844206288,MEDIUM PRIORITY,0.7411300792836697,1,0.5841543839098389,0.705467852869884,43078,0
LOC_100,2024-09-01,TRIPURA,0.006348615,0.03797468,LOW,0.8608950506423925,0.87,0.505625,0.4802573846605981,MEDIUM PRIORITY,0.6818616696817518,1,0.8484082760535967,0.946643590167555,43078,0
LOC_100,2024-10-01,TRIPURA,0.0028905456,0.013333334,LOW,0.9178932740104074,0.87,0.505625,0.48465040210260185,MEDIUM PRIORITY,0.9778329991338552,5,0.9565978255569338,0.9038089380175072,43078,0
LOC_100,2024-11-01,TRIPURA,0.0012688404,0.0,LOW,0.7621357405318527,0.87,0.5138541666666667,0.44161206013296317,LOW PRIORITY,0.9859801431987796,5,0.5764974935437992,0.6527319920514988,43078,0
LOC_101,2024-01-01,TRIPURA,0.004551704,0.013333334,LOW,0.7276681370705299,0.18,0.6186458333333333,0.31604724286763247,LOW PRIORITY,0.7445148419070367,8,0.5597259245817383,0.8730984484600113,9162,0
LOC_101,2024-02-01,TRIPURA,0.002923903,0.013333334,LOW,0.7887426394417242,0.18,0.73375,0.34858149346043105,LOW PRIORITY,0.8038348933752255,3,0.8718792347812433,0.5792564296104283,9162,0
LOC_101,2024-03-01,TRIPURA,0.008272705,0.03797468,LOW,0.6940715841596923,0.18,0.505625,0.3005515180399231,LOW PRIORITY,0.6755204290803197,2,0.553154326942044,0.6142782472830725,9162,0
LOC_101,2024-04-01,TRIPURA,0.042589348,0.06422018,LOW,0.795276932624936,0.18,0.7763541666666667,0.376960430156234,LOW PRIORITY,0.8701269906161258,6,0.5411424656258836,0.9698382742577352,9162,0
LOC_101,2024-05-01,TRIPURA,0.40934363,0.21008402,MEDIUM,0.8201365684038793,0.18,0.6755208333333333,0.4263958751009698,LOW PRIORITY,0.9645065997299156,6,0.6322368720903058,0.8838028017952957,9162,0
LOC_101,2024-06-01,TRIPURA,0.028393552,0.057142857,LOW,0.8389211797592139,0.18,0.8833333333333333,0.4010874377398035,LOW PRIORITY,0.9374515396767368,4,0.8032021019403348,0.7483644107531171,9162,0
LOC_101,2024-07-01,TRIPURA,0.73678744,0.28735632,MEDIUM,0.6588644953965468,0.18,0.505625,0.39150240184913665,LOW PRIORITY,0.6780673165748408,10,0.6795188534053116,0.6112051449393684,9162,0
LOC_101,2024-08-01,TRIPURA,0.047766063,0.06422018,LOW,0.8702614110505893,0.18,0.7146874999999999,0.3864565497626473,LOW PRIORITY,0.9088584309120648,1,0.8187224477934976,0.7867980988301284,9162,0
LOC_101,2024-09-01,TRIPURA,0.0008446484,0.0,LOW,0.8995284567692267,0.18,0.5504166666666667,0.34344461419230665,LOW PRIORITY,0.9469929033458784,4,0.9939174547510196,0.7905368023133421,9162,0
LOC_101,2024-10-01,TRIPURA,0.00089821743,0.0,LOW,0.8961378098143267,0.18,0.6051041666666667,0.35080007745358166,LOW PRIORITY,0.7381666291578235,2,0.9635469678890224,0.9495043088771276,9162,0
LOC_101,2024-11-01,TRIPURA,0.0017222351,0.0,LOW,0.6648622919207614,0.18,0.505625,0.27805932298019037,LOW PRIORITY,0.8000914995427091,13,0.5212436732024812,0.7714473282711889,9162,0
LOC_102,2024-01-01,TRIPURA,0.0012575561,0.0,LOW,0.8252591447513771,0.635,0.6051041666666667,0.4240804111878443,LOW PRIORITY,0.7606847395431894,10,0.895943641985572,0.9777415308100802,31523,0
LOC_102,2024-02-01,TRIPURA,0.008134975,0.03797468,LOW,0.8495006904596915,0.635,0.6044791666666667,0.4452369196149229,LOW PRIORITY,0.9385103829120408,4,0.8207696150107844,0.7720560972492739,31523,0
LOC_102,2024-03-01,TRIPURA,0.0008845848,0.0,LOW,0.6984838253507535,0.635,0.5770833333333334,0.38818345633768836,LOW PRIORITY,0.7797979758433469,1,0.521725776482872,0.5257448824101283,31523,0
LOC_102,2024-04-01,TRIPURA,0.101476304,0.11764706,MEDIUM,0.6491270965128662,0.635,0.505625,0.4121843481282165,LOW PRIORITY,0.7129934894904211,9,0.5117652780751225,0.671749618485921,31523,1
LOC_102,2024-05-01,TRIPURA,0.58120763,0.26530612,MEDIUM,0.779970396066667,0.635,0.9263541666666667,0.5670681720166668,MEDIUM PRIORITY,0.87672028208333,8,0.7696949068942872,0.7401330619557173,31523,0
LOC_102,2024-06-01,TRIPURA,0.12758914,0.123583086,MEDIUM,0.7583602685941793,0.635,0.505625,0.4418670515485448,LOW PRIORITY,0.6196334470401305,1,0.8436973508166453,0.6034436098532743,31523,0
LOC_102,2024-07-01,TRIPURA,0.08481449,0.11764705,MEDIUM,0.6998389029705269,0.635,0.6878124999999999,0.45219042074263166,MEDIUM PRIORITY,0.628135131573642,8,0.8486776269447204,0.5892095200304117,31523,0
LOC_102,2024-08-01,TRIPURA,0.23852882,0.1780822,MEDIUM,0.8170636585829971,0.635,0.505625,0.47834254464574927,MEDIUM PRIORITY,0.9282870990863576,9,0.6656024987615556,0.9743650364840748,31523,0
LOC_102,2024-09-01,TRIPURA,0.006448274,0.03797468,LOW,0.8161184360247112,0.635,0.5770833333333334,0.4327819810061778,LOW PRIORITY,0.9011735753250638,4,0.8818713305844568,0.6147621715226574,31523,0
LOC_102,2024-10-01,TRIPURA,0.00079353515,0.0,LOW,0.7864262564057741,0.635,0.665625,0.4234503141014435,LOW PRIORITY,0.7184798396194777,3,0.8272093880010246,0.7000157980025945,31523,0
LOC_102,2024-11-01,TRIPURA,0.0024826168,0.0,LOW,0.807697058824679,0.635,0.6163541666666666,0.4213773897061698,LOW PRIORITY,0.9931074390361332,9,0.9568253422652002,0.5808554539973823,31523,0
LOC_103,2024-01-01,ASSAM,0.0004466582,0.0,LOW,0.8207090777949662,0.35,0.6327083333333333,0.3700835194487415,LOW PRIORITY,0.7798152227072148,1,0.6715462135521943,0.8648082082537885,18449,0
LOC_103,2024-02-01,ASSAM,0.0014718118,0.0,LOW,0.714543450603973,0.35,0.63625,0.34407336265099325,LOW PRIORITY,0.7569618956061548,3,0.6074365540055969,0.5937753528041401,18449,0
LOC_103,2024-03-01,ASSAM,0.002827845,0.013333334,LOW,0.6993264985760899,0.35,0.7739583333333333,0.36625870824402246,LOW PRIORITY,0.6952476879759908,10,0.8360739471838352,0.5993176924778666,18449,0
LOC_103,2024-04-01,ASSAM,0.01736409,0.037974678,LOW,0.8484900249888753,0.35,0.505625,0.3731561274472188,LOW PRIORITY,0.9849747492727934,5,0.6124862716800968,0.9631657456692776,18449,0
LOC_103,2024-05-01,ASSAM,0.6443,0.28735632,MEDIUM,0.8964827800988466,0.35,0.7381249999999999,0.5197819730247116,MEDIUM PRIORITY,0.824130380911694,3,0.8855733019565661,0.9762274375271264,18449,0
LOC_103,2024-06-01,ASSAM,0.3000435,0.1780822,MEDIUM,0.8003968577379711,0.35,0.7342708333333333,0.4514727194344928,MEDIUM PRIORITY,0.851774456195864,5,0.5769108139785033,0.9395688274441836,18449,0
LOC_103,2024-07-01,ASSAM,0.6375346,0.28735632,MEDIUM,0.7377164353901511,0.35,0.719375,0.47727788684753775,MEDIUM PRIORITY,0.6074183708376387,7,0.7073771656252236,0.8694035384310754,18449,0
LOC_103,2024-08-01,ASSAM,0.16185522,0.1780822,MEDIUM,0.7905617468010728,0.35,0.505625,0.4147170667002682,LOW PRIORITY,0.7913992944962512,2,0.8931517564849301,0.5443626028897761,18449,0
LOC_103,2024-09-01,ASSAM,0.0038717205,0.013333334,LOW,0.8280513993515601,0.35,0.505625,0.35818993343789,LOW PRIORITY,0.9191115383132876,6,0.6439560123608019,0.9491380467321512,18449,0
LOC_103,2024-10-01,ASSAM,0.0006053656,0.0,LOW,0.8082511507475088,0.35,0.65,0.3695627876868772,LOW PRIORITY,0.9399844792506044,6,0.7779936900555322,0.7150264336838983,18449,0
LOC_103,2024-11-01,ASSAM,0.00043028116,0.0,LOW,0.8154490851497265,0.35,0.5293749999999999,0.3532685212874316,LOW PRIORITY,0.6256484813422373,1,0.6985774929735545,0.9709036996164472,18449,0
LOC_104,2024-01-01,MANIPUR,0.00041574377,0.0,LOW,0.9295333272051557,0.76,0.5511458333333333,0.4670552068012889,MEDIUM PRIORITY,0.968556723148806,1,0.8135350799709384,0.9693748390342116,38438,0
LOC_104,2024-02-01,MANIPUR,0.0013250615,0.0,LOW,0.6994611747917734,0.76,0.6026041666666666,0.4172559186979434,LOW PRIORITY,0.6674935534503923,1,0.5817091313433904,0.581975347706644,38438,0
LOC_104,2024-03-01,MANIPUR,0.003046534,0.013333334,LOW,0.6444681032505402,0.76,0.5770833333333334,0.40501285941263504,LOW PRIORITY,0.6152580874164844,10,0.6646666895529065,0.6312809693661028,38438,0
LOC_104,2024-04-01,MANIPUR,0.21501453,0.1780822,MEDIUM,0.6834743257481519,0.76,0.6440625,0.490710836437038,MEDIUM PRIORITY,0.7503023686693577,9,0.559893823318161,0.7237011110050888,38438,0
LOC_104,2024-05-01,MANIPUR,0.1992499,0.1780822,MEDIUM,0.6151548151518247,0.76,0.5770833333333334,0.4635840837879562,MEDIUM PRIORITY,0.6192861170814515,13,0.7537540046458073,0.5209124722133732,38438,0
LOC_104,2024-06-01,MANIPUR,0.1838516,0.1780822,MEDIUM,0.6799906034069083,0.76,0.7622916666666666,0.5075742808517271,MEDIUM PRIORITY,0.7870050743611582,6,0.5492177386671223,0.5837396005993529,38438,0
LOC_104,2024-07-01,MANIPUR,0.21321903,0.1780822,MEDIUM,0.7265051205838482,0.76,0.5770833333333334,0.49142166014596206,MEDIUM PRIORITY,0.6538579712373362,10,0.8668595797909033,0.7186362646404865,38438,0
LOC_104,2024-08-01,MANIPUR,0.011912243,0.037974678,LOW,0.7018858603687116,0.76,0.7969791666666666,0.46220821129217793,MEDIUM PRIORITY,0.7677292194052316,11,0.521136074942019,0.8853448137942626,38438,0
LOC_104,2024-09-01,MANIPUR,0.0010737804,0.0,LOW,0.7496151094932526,0.76,0.5770833333333334,0.42596627737331316,LOW PRIORITY,0.6615269579960589,12,0.8552273220842118,0.8817061578927398,38438,0
LOC_104,2024-10-01,MANIPUR,0.0005661149,0.0,LOW,0.8056574675736872,0.76,0.5129166666666667,0.4303518668934218,LOW PRIORITY,0.8472205219256532,6,0.5990708966699497,0.976338451699146,38438,0
LOC_104,2024-11-01,MANIPUR,0.0006247447,0.0,LOW,0.8182083519335409,0.76,0.7645833333333334,0.4712395879833852,MEDIUM PRIORITY,0.9275276115047216,3,0.5131637910765279,0.9321420051529145,38438,0
LOC_105,2024-01-01,NAGALAND,0.0004491298,0.0,LOW,0.7744243042992067,0.245,0.505625,0.31844982607480166,LOW PRIORITY,0.7510294450778151,10,0.6916621619545471,0.9883389434977984,12302,0
LOC_105,2024-02-01,NAGALAND,0.0017139291,0.0,LOW,0.8467076879966816,0.245,0.6051041666666667,0.35144254699917044,LOW PRIORITY,0.9668020856214752,5,0.761783577411679,0.8249117556202386,12302,0
LOC_105,2024-03-01,NAGALAND,0.006411083,0.03797468,LOW,0.6999487695960482,0.245,0.5429166666666667,0.32061456439901204,LOW PRIORITY,0.6795870194439673,3,0.6717995946977929,0.5484084642424325,12302,0
LOC_105,2024-04-01,NAGALAND,0.07881042,0.06422018,LOW,0.8790883534633113,0.245,0.6090625000000001,0.38581953536582786,LOW PRIORITY,0.9661839236060762,8,0.9385678266700505,0.8782683302437851,12302,0
LOC_105,2024-05-01,NAGALAND,0.61240244,0.26530612,MEDIUM,0.8625809523301078,0.245,0.7188541666666667,0.4785958110825269,MEDIUM PRIORITY,0.669704213571951,2,0.9816525022082108,0.8656337602069357,12302,1
LOC_105,2024-06-01,NAGALAND,0.326577,0.17808221,MEDIUM,0.5933151562226188,0.245,0.9492708333333333,0.4109522980556547,LOW PRIORITY,0.6218062995368772,12,0.5734781454489594,0.5779761799046382,12302,1
LOC_105,2024-07-01,NAGALAND,0.31886664,0.1780822,MEDIUM,0.8063738282485124,0.245,0.505625,0.3976700870621281,LOW PRIORITY,0.8115043698413762,11,0.852187821501295,0.9284697883180452,12302,1
LOC_105,2024-08-01,NAGALAND,0.065011285,0.06422018,LOW,0.9020112250005841,0.245,0.505625,0.376034628250146,LOW PRIORITY,0.9990617559948572,1,0.9236678324310712,0.7186486449097409,12302,0
LOC_105,2024-09-01,NAGALAND,0.0015526741,0.0,LOW,0.8290869793101756,0.245,0.505625,0.3321154948275439,LOW PRIORITY,0.9367709314315908,5,0.8584427245127417,0.6878009279630364,12302,0
LOC_105,2024-10-01,NAGALAND,0.0042157923,0.013333334,LOW,0.7513768804290027,0.245,0.6975,0.34680255370725066,LOW PRIORITY,0.9232502625944136,4,0.6620358048165477,0.5535547876383833,12302,0
LOC_105,2024-11-01,NAGALAND,0.00564991,0.013333334,LOW,0.8657249618860332,0.245,0.5770833333333334,0.35732707407150827,LOW PRIORITY,0.7540999833365033,2,0.8795605531250603,0.8959059777492355,12302,0
LOC_106,2024-01-01,TRIPURA,0.0009006235,0.0,LOW,0.7415505719186555,0.095,0.5301041666666666,0.28390326797966386,LOW PRIORITY,0.7392272666153241,9,0.6314667801983778,0.89550824086092,6408,0
LOC_106,2024-02-01,TRIPURA,0.005399177,0.013333334,LOW,0.7032526682296256,0.095,0.505625,0.2759902506574064,LOW PRIORITY,0.7690746740865578,13,0.8448278648082455,0.6324414673570329,6408,0
LOC_106,2024-03-01,TRIPURA,0.0010301184,0.0,LOW,0.6493825771200843,0.095,0.7751041666666667,0.2976112692800211,LOW PRIORITY,0.6367596671301512,13,0.5166321191752435,0.8774718555082763,6408,0
LOC_106,2024-04-01,TRIPURA,0.06539733,0.064220175,LOW,0.8556112035339314,0.095,0.505625,0.33443462088348286,LOW PRIORITY,0.9265877182132763,9,0.9112941938499768,0.8845629020724721,6408,0
LOC_106,2024-05-01,TRIPURA,0.15820171,0.17750855,MEDIUM,0.71062021557438,0.095,0.9137500000000001,0.40472097389359507,LOW PRIORITY,0.7313693689037433,5,0.617618407458086,0.6601597526023575,6408,1
LOC_106,2024-06-01,TRIPURA,0.51781845,0.21008404,MEDIUM,0.8781858664371047,0.095,0.7554166666666666,0.43589258260927616,LOW PRIORITY,0.6073354420734551,2,0.9894370718131134,0.9826376185285166,6408,1
LOC_106,2024-07-01,TRIPURA,0.13109924,0.125,MEDIUM,0.7265473868619138,0.095,0.505625,0.32648059671547847,LOW PRIORITY,0.7310540307072603,5,0.5287243609094343,0.8130778224976272,6408,1
LOC_106,2024-08-01,TRIPURA,0.20281272,0.1780822,MEDIUM,0.6376420165972246,0.095,0.505625,0.32548713414930613,LOW PRIORITY,0.6537356317772085,9,0.55680533041054,0.64002710420115,6408,1
LOC_106,2024-09-01,TRIPURA,0.0017148064,0.0,LOW,0.7719537117062547,0.095,0.8835416666666667,0.3445196779265637,LOW PRIORITY,0.9550746238639956,6,0.6155736042109543,0.7171666187500694,6408,0
LOC_106,2024-10-01,TRIPURA,0.0013391267,0.0,LOW,0.7580302412616721,0.095,0.505625,0.284351310315418,LOW PRIORITY,0.9684606606013108,4,0.6358989700435278,0.5610946677351828,6408,0
LOC_106,2024-11-01,TRIPURA,0.0020041266,0.0,LOW,0.616925823303121,0.095,0.7292708333333333,0.2826220808257802,LOW PRIORITY,0.6714080758993551,10,0.6044028577445844,0.5252256929018774,6408,0
LOC_107,2024-01-01,ARUNACHAL_PRADESH,0.0012994423,0.0,LOW,0.6689567000303055,0.06,0.6438541666666666,0.27581730000757637,LOW PRIORITY,0.8360022780700753,12,0.5129513040639433,0.7268732179872033,3336,0
LOC_107,2024-02-01,ARUNACHAL_PRADESH,0.011074761,0.037974678,LOW,0.7819440653388228,0.06,0.5592708333333334,0.30656651253470574,LOW PRIORITY,0.7449808707780692,6,0.8577166935778409,0.7250786969993809,3336,0
LOC_107,2024-03-01,ARUNACHAL_PRADESH,0.004785735,0.013333334,LOW,0.8250520629238595,0.06,0.505625,0.2994400993309649,LOW PRIORITY,0.8243579805488725,1,0.8441079064866646,0.665075697993234,3336,0
LOC_107,2024-04-01,ARUNACHAL_PRADESH,0.11970501,0.11764707,MEDIUM,0.7094054607461779,0.06,0.7348958333333333,0.3466445681865445,LOW PRIORITY,0.8990756919511689,10,0.5803358195248811,0.691543664841995,3336,0
LOC_107,2024-05-01,ARUNACHAL_PRADESH,0.38497865,0.21008404,MEDIUM,0.7909849953713239,0.06,0.5422916666666666,0.375123614842831,LOW PRIORITY,0.7949916593674626,4,0.9396518976215074,0.5626297578296591,3336,0
LOC_107,2024-06-01,ARUNACHAL_PRADESH,0.17002913,0.17808221,MEDIUM,0.8360410053723186,0.06,0.6051041666666667,0.3830087603430797,LOW PRIORITY,0.7593281937710016,1,0.9203088279818538,0.6978603330697525,3336,0
LOC_107,2024-07-01,ARUNACHAL_PRADESH,0.59525305,0.26530612,MEDIUM,0.8358307216812255,0.06,0.7176041666666666,0.43472075342030636,LOW PRIORITY,0.8716189205335324,12,0.9669294757053654,0.9047744904860042,3336,0
LOC_107,2024-08-01,ARUNACHAL_PRADESH,0.29758596,0.1780822,MEDIUM,0.7194263561894682,0.06,0.6782291666666667,0.36482384404736706,LOW PRIORITY,0.9127666044964684,12,0.5827349247804161,0.7822038954809879,3336,0
LOC_107,2024-09-01,ARUNACHAL_PRADESH,0.0026694746,0.013333334,LOW,0.7798269895298571,0.06,0.7315625,0.32202445598246426,LOW PRIORITY,0.9147852579863308,2,0.6704699281862487,0.6007194386135151,3336,0
LOC_107,2024-10-01,ARUNACHAL_PRADESH,0.0036294647,0.013333334,LOW,0.7619709642900794,0.06,0.505625,0.28366982467251983,LOW PRIORITY,0.6950753269775793,6,0.7036862879667161,0.8491222422160221,3336,0
LOC_107,2024-11-01,ARUNACHAL_PRADESH,0.0020578632,0.0,LOW,0.8067621571784824,0.06,0.7167708333333334,0.3212061642946206,LOW PRIORITY,0.8485968212693437,5,0.6251817728973066,0.919936701213946,3336,0
LOC_108,2024-01-01,ARUNACHAL_PRADESH,0.0072395294,0.037974678,LOW,0.8432504872783914,0.605,0.505625,0.42284624301959783,LOW PRIORITY,0.9683758693053544,11,0.8876736337272664,0.8836191127476114,30486,0
LOC_108,2024-02-01,ARUNACHAL_PRADESH,0.0024566408,0.0,LOW,0.771586740353031,0.605,0.6479166666666667,0.4110841850882577,LOW PRIORITY,0.6203860735512682,2,0.8080108018061327,0.7246167527213891,30486,0
LOC_108,2024-03-01,ARUNACHAL_PRADESH,0.005452431,0.013333334,LOW,0.6831952603481061,0.605,0.665625,0.39697589868702654,LOW PRIORITY,0.6315371858035416,11,0.786199796285341,0.6817107259702082,30486,0
LOC_108,2024-04-01,ARUNACHAL_PRADESH,0.23340891,0.1780822,MEDIUM,0.8187468976459196,0.605,0.8164583333333333,0.5193883544114799,MEDIUM PRIORITY,0.9519370737494288,9,0.9976075313131756,0.6254429855210737,30486,0
LOC_108,2024-05-01,ARUNACHAL_PRADESH,0.63677436,0.28735632,MEDIUM,0.8314491428669308,0.605,0.505625,0.5196485637167327,MEDIUM PRIORITY,0.6961270788177161,5,0.8597083178236127,0.9366278414930612,30486,0
LOC_108,2024-06-01,ARUNACHAL_PRADESH,0.26057076,0.1780822,MEDIUM,0.7799988682075155,0.605,0.9060416666666666,0.5231388470518789,MEDIUM PRIORITY,0.7220898863521472,3,0.9443120606508826,0.5535935258270325,30486,0
LOC_108,2024-07-01,ARUNACHAL_PRADESH,0.6467017,0.28735632,MEDIUM,0.7158762989760616,0.605,0.6051041666666667,0.5056772277440154,MEDIUM PRIORITY,0.8189535578454044,1,0.5706289910594704,0.5072559803327052,30486,0
LOC_108,2024-08-01,ARUNACHAL_PRADESH,0.09470808,0.11764706,MEDIUM,0.7773605226760442,0.605,0.8275,0.48652395466901105,MEDIUM PRIORITY,0.8549970043754195,4,0.8754725734765556,0.5123058461855352,30486,0
LOC_108,2024-09-01,ARUNACHAL_PRADESH,0.026454668,0.05,LOW,0.878849188115799,0.605,0.505625,0.43655604702894973,LOW PRIORITY,0.865412314602402,4,0.7884456233644606,0.9948721478296672,30486,0
LOC_108,2024-10-01,ARUNACHAL_PRADESH,0.0048881117,0.013333334,LOW,0.7810305919931952,0.605,0.83375,0.44665348159829876,LOW PRIORITY,0.8399820771046187,12,0.8933456360424255,0.7907946548257367,30486,0
LOC_108,2024-11-01,ARUNACHAL_PRADESH,0.0025675185,0.013333335,LOW,0.7442748555311847,0.605,0.505625,0.3882457978827961,LOW PRIORITY,0.6580911519515996,6,0.725112963921563,0.7938953062515757,30486,0
LOC_109,2024-01-01,MIZORAM,0.001223936,0.0,LOW,0.7095227935561176,0.075,0.5860416666666667,0.2802869483890294,LOW PRIORITY,0.7714267394499825,7,0.7299926822360108,0.5700050858718103,4756,0
LOC_109,2024-02-01,MIZORAM,0.0013920121,0.0,LOW,0.7707906562454723,0.075,0.505625,0.28354141406136807,LOW PRIORITY,0.710592027946421,7,0.994937993788194,0.6109659365806073,4756,0
LOC_109,2024-03-01,MIZORAM,0.00048171217,0.0,LOW,0.8007411977585686,0.075,0.849375,0.34259154943964215,LOW PRIORITY,0.9779385493137784,13,0.8877798239913708,0.7705797510624585,4756,0
LOC_109,2024-04-01,MIZORAM,0.0911469,0.11764705,MEDIUM,0.6855722878150269,0.075,0.505625,0.3092956419537567,LOW PRIORITY,0.897961637215276,8,0.5104445222585141,0.6005496584529841,4756,0
LOC_109,2024-05-01,MIZORAM,0.8555114,0.3043478,MEDIUM,0.6785404157234286,0.075,0.685,0.4091242239308572,LOW PRIORITY,0.8361240594818753,12,0.717963696143759,0.5600739072680798,4756,0
LOC_109,2024-06-01,MIZORAM,0.7166425,0.28735632,MEDIUM,0.6683411436981552,0.075,0.6994791666666667,0.4019496889245388,LOW PRIORITY,0.67692745647098,2,0.5079059743152711,0.5551978106730364,4756,1
LOC_109,2024-07-01,MIZORAM,0.24671634,0.1780822,MEDIUM,0.8323962118730858,0.075,0.8452083333333333,0.4211131829682714,LOW PRIORITY,0.6024320344644227,4,0.9674006113270056,0.8930855350342481,4756,1
LOC_109,2024-08-01,MIZORAM,0.42040986,0.21008404,MEDIUM,0.9371499505414046,0.075,0.8758333333333332,0.4646961036353512,MEDIUM PRIORITY,0.8066238836206221,1,0.9853052849237572,0.9900039669545722,4756,0
LOC_109,2024-09-01,MIZORAM,0.0015607154,0.0,LOW,0.7420663708640136,0.075,0.505625,0.2763603427160034,LOW PRIORITY,0.7455065253092596,13,0.6956194988984987,0.9604727925816294,4756,0
LOC_109,2024-10-01,MIZORAM,0.0009857152,0.0,LOW,0.717640779082201,0.075,0.7126041666666667,0.3013008197705503,LOW PRIORITY,0.6362800948088817,10,0.6938723674703386,0.8737439873829168,4756,0
LOC_109,2024-11-01,MIZORAM,0.0029810965,0.013333334,LOW,0.8207834932224407,0.075,0.5422916666666666,0.3068729569056102,LOW PRIORITY,0.9321079617795038,7,0.9829348179836443,0.6014245264599483,4756,0
LOC_110,2024-01-01,MANIPUR,0.00041721892,0.0,LOW,0.7251484007745409,0.31,0.8152083333333333,0.3655683501936352,LOW PRIORITY,0.6377276407509351,8,0.8464643191197492,0.6830683098941458,15153,0
LOC_110,2024-02-01,MANIPUR,0.00056022225,0.0,LOW,0.7113150548339904,0.31,0.5776041666666667,0.3264693887084976,LOW PRIORITY,0.6265834013095114,6,0.7649051727367273,0.6537716452897231,15153,0
LOC_110,2024-03-01,MANIPUR,0.0060965368,0.03797468,LOW,0.7531106773253973,0.31,0.65,0.36296754133134934,LOW PRIORITY,0.96917218050245,7,0.6961631748427093,0.5804406872897632,15153,0
LOC_110,2024-04-01,MANIPUR,0.0107929995,0.03797468,LOW,0.7431863329808286,0.31,0.505625,0.33883020524520713,LOW PRIORITY,0.8049951842938268,8,0.6756372892367332,0.7587795250594211,15153,0
LOC_110,2024-05-01,MANIPUR,0.4577844,0.21008404,MEDIUM,0.873607627689018,0.31,0.7991666666666667,0.4843105229222545,MEDIUM PRIORITY,0.8210609883659763,4,0.9073797712830108,0.8993230844404181,15153,0
LOC_110,2024-06-01,MANIPUR,0.6130838,0.26530612,MEDIUM,0.8167583286053457,0.31,0.505625,0.4481557801513364,LOW PRIORITY,0.7927741319600651,8,0.8371561880697678,0.9037696610582168,15153,0
LOC_110,2024-07-01,MANIPUR,0.22896437,0.1780822,MEDIUM,0.7372672501638136,0.31,0.8756250000000001,0.4488934425409534,LOW PRIORITY,0.6213867918086259,10,0.9414338104524552,0.719581731727506,15153,0
LOC_110,2024-08-01,MANIPUR,0.35245997,0.19565217,MEDIUM,0.8080523144732872,0.31,0.9260416666666667,0.4811801966183218,MEDIUM PRIORITY,0.648615320744343,2,0.6932168959523595,0.9570437078631128,15153,0
LOC_110,2024-09-01,MANIPUR,0.009062031,0.037974678,LOW,0.7756564796698043,0.31,0.505625,0.3469477411174511,LOW PRIORITY,0.947459976509215,4,0.5832078528733985,0.705291422629937,15153,0
LOC_110,2024-10-01,MANIPUR,0.0017627068,0.0,LOW,0.7367179755971528,0.31,0.7626041666666667,0.3605701188992882,LOW PRIORITY,0.960565977233198,3,0.5427990909212423,0.543506834234171,15153,0
LOC_110,2024-11-01,MANIPUR,0.0036143695,0.013333335,LOW,0.8340269172447458,0.31,0.505625,0.3516838133111864,LOW PRIORITY,0.9396305038857238,4,0.5575560842275407,0.9722544141990518,15153,0
LOC_111,2024-01-01,MANIPUR,0.0015823827,0.0,LOW,0.8739979664492395,0.9,0.7039583333333332,0.5040932416123098,MEDIUM PRIORITY,0.9358783844670772,8,0.9256555092983944,0.9011246386981532,45241,0
LOC_111,2024-02-01,MANIPUR,0.017735476,0.03797468,LOW,0.7709912980840592,0.9,0.9055208333333333,0.5237658215210148,MEDIUM PRIORITY,0.6079003407203307,6,0.8919051302427856,0.7841597213731204,45241,0
LOC_111,2024-03-01,MANIPUR,0.007928702,0.037974678,LOW,0.6424651108266513,0.9,0.505625,0.43164989890666283,LOW PRIORITY,0.7716684822720589,13,0.516510457142482,0.7150148372253975,45241,0
LOC_111,2024-04-01,MANIPUR,0.4994293,0.21008405,MEDIUM,0.747788874469012,0.9,0.8140625,0.573090213617253,MEDIUM PRIORITY,0.6255734902826812,10,0.780575266839008,0.918340074087692,45241,0
LOC_111,2024-05-01,MANIPUR,0.61490685,0.26530612,MEDIUM,0.7757588758703435,0.9,0.6327083333333333,0.5749684169675858,MEDIUM PRIORITY,0.8433886350482815,7,0.5911861913556505,0.9017940104107758,45241,0
LOC_111,2024-06-01,MANIPUR,0.69967675,0.28735632,MEDIUM,0.7559691182093775,0.9,0.6840625,0.5865441825523444,MEDIUM PRIORITY,0.727229251293336,8,0.8034705470634904,0.7598433411473502,45241,1
LOC_111,2024-07-01,MANIPUR,0.686966,0.28735632,MEDIUM,0.6702360918286089,0.9,0.990625,0.6110953009571523,MEDIUM PRIORITY,0.6958889622039433,8,0.7081354709503973,0.5435866008267615,45241,0
LOC_111,2024-08-01,MANIPUR,0.10781388,0.11764706,MEDIUM,0.7880756440541654,0.9,0.505625,0.4999214850135414,MEDIUM PRIORITY,0.7045127072730973,3,0.6977011573140557,0.8500887116295086,45241,0
LOC_111,2024-09-01,MANIPUR,0.014265295,0.037974678,LOW,0.8309165395524852,0.9,0.7230208333333333,0.5113721310881214,MEDIUM PRIORITY,0.9440628195490778,4,0.8149087720077489,0.6980278999864473,45241,0
LOC_111,2024-10-01,MANIPUR,0.0065631364,0.037974678,LOW,0.6827112842027967,0.9,0.505625,0.4417114422506992,LOW PRIORITY,0.6110633007436173,5,0.5200013777487594,0.7664471249854765,45241,0
LOC_111,2024-11-01,MANIPUR,0.004714228,0.013333334,LOW,0.7600419764719053,0.9,0.505625,0.45118757771797635,MEDIUM PRIORITY,0.9286329839418516,6,0.7018569104295492,0.6096780115162206,45241,0
LOC_112,2024-01-01,MEGHALAYA,0.002536981,0.013333334,LOW,0.8318401352890104,0.78,0.5422916666666666,0.4506371174222526,MEDIUM PRIORITY,0.8618064760749959,2,0.8236778291305227,0.7085429026171894,39727,0
LOC_112,2024-02-01,MEGHALAYA,0.0064794263,0.03797468,LOW,0.697155920997248,0.78,0.5883333333333334,0.433728852249312,LOW PRIORITY,0.6797441977241102,6,0.7783313701269117,0.5305481161379701,39727,0
LOC_112,2024-03-01,MEGHALAYA,0.0004577257,0.0,LOW,0.7880461293193011,0.78,0.5411458333333333,0.4341834073298253,LOW PRIORITY,0.6009132082958694,10,0.9568022628792974,0.927802379435371,39727,0
LOC_112,2024-04-01,MEGHALAYA,0.03978699,0.06422018,LOW,0.7165573478017252,0.78,0.71125,0.4675149089504313,MEDIUM PRIORITY,0.7414280785854949,11,0.8011774682373469,0.6902905110507258,39727,1
LOC_112,2024-05-01,MEGHALAYA,0.03906686,0.06422018,LOW,0.7982295045291615,0.78,0.7648958333333333,0.49597982313229044,MEDIUM PRIORITY,0.9897998863769945,12,0.6465841691627205,0.9565339625769308,39727,0
LOC_112,2024-06-01,MEGHALAYA,0.7941982,0.3043478,MEDIUM,0.703245095161406,0.78,0.505625,0.5293941437903515,MEDIUM PRIORITY,0.8580220697069817,10,0.750254124554829,0.5380375197171464,39727,0
LOC_112,2024-07-01,MEGHALAYA,0.64938605,0.28735632,MEDIUM,0.763106845157933,0.78,0.7146874999999999,0.5689223642894833,MEDIUM PRIORITY,0.8846505165467675,10,0.9003253822297843,0.6007848151885133,39727,0
LOC_112,2024-08-01,MEGHALAYA,0.032820046,0.05714286,LOW,0.7072944499540604,0.78,0.505625,0.43152450648851515,LOW PRIORITY,0.8148204946172679,11,0.6548081718944398,0.7262157999712007,39727,0
LOC_112,2024-09-01,MEGHALAYA,0.0041307476,0.013333334,LOW,0.7928845717781932,0.78,0.875,0.4908044765445483,MEDIUM PRIORITY,0.8999209122863772,6,0.7283707343207436,0.743246640505652,39727,0
LOC_112,2024-10-01,MEGHALAYA,0.0013316858,0.0,LOW,0.8295978593086221,0.78,0.505625,0.43924321482715556,LOW PRIORITY,0.7452583093904688,11,0.9886192780584608,0.9511805164522256,39727,0
LOC_112,2024-11-01,MEGHALAYA,0.0005914989,0.0,LOW,0.7512603037564969,0.78,0.505625,0.41965882593912424,LOW PRIORITY,0.6212580283079471,1,0.5614871192479484,0.8556294008034255,39727,0
LOC_113,2024-01-01,MANIPUR,0.0003506538,0.0,LOW,0.7693111663535976,0.08,0.505625,0.2841715415883994,LOW PRIORITY,0.8468758554234253,7,0.7208505123955213,0.7428516309287775,4797,0
LOC_113,2024-02-01,MANIPUR,0.00014869649,0.0,LOW,0.7960802361115227,0.08,0.7542708333333333,0.3281606840278807,LOW PRIORITY,0.7025434345081554,1,0.834654958603736,0.6804558846675328,4797,0
LOC_113,2024-03-01,MANIPUR,0.0040157554,0.013333334,LOW,0.7622305007106485,0.08,0.6366666666666667,0.3073909587776621,LOW PRIORITY,0.9150048946787868,9,0.7040862460792285,0.7298308620845783,4797,0
LOC_113,2024-04-01,MANIPUR,0.030151997,0.057142857,LOW,0.7150486897818384,0.08,0.665625,0.31746306524545964,LOW PRIORITY,0.9004810110026663,9,0.7295964269744473,0.5301173211502404,4797,0
LOC_113,2024-05-01,MANIPUR,0.17838998,0.1780822,MEDIUM,0.8105609884065563,0.08,0.7270833333333333,0.3989356271016391,LOW PRIORITY,0.754309389349076,8,0.8911024103387529,0.8634988206050629,4797,0
LOC_113,2024-06-01,MANIPUR,0.069277,0.06422018,LOW,0.7914083192532595,0.08,0.7105208333333333,0.34611827681331486,LOW PRIORITY,0.9048185246305148,13,0.9026939460518484,0.7914541396640078,4797,1
LOC_113,2024-07-01,MANIPUR,0.6500266,0.28735632,MEDIUM,0.7558678455394727,0.08,0.7452083333333333,0.4316907393848682,LOW PRIORITY,0.9130643572879122,2,0.5167897406004265,0.6602839509362189,4797,0
LOC_113,2024-08-01,MANIPUR,0.06174562,0.06422018,LOW,0.5800916783680099,0.08,0.505625,0.2625547415920025,LOW PRIORITY,0.6046074477458242,11,0.5002592358384637,0.5821666965544187,4797,0
LOC_113,2024-09-01,MANIPUR,0.002838339,0.013333334,LOW,0.7636287398547329,0.08,0.505625,0.2880842685636832,LOW PRIORITY,0.7655298566295597,12,0.7612853218222132,0.9276997809671584,4797,0
LOC_113,2024-10-01,MANIPUR,0.00058863714,0.0,LOW,0.8569710761867702,0.08,0.505625,0.30608651904669254,LOW PRIORITY,0.8931391956901009,6,0.7878873419809396,0.9468577670760404,4797,0
LOC_113,2024-11-01,MANIPUR,0.00077336206,0.0,LOW,0.8166576532117837,0.08,0.6051041666666667,0.31093003830294597,LOW PRIORITY,0.8894881191335364,7,0.7707171904126515,0.8397586366342804,4797,0
LOC_114,2024-01-01,MEGHALAYA,0.0010352269,0.0,LOW,0.7459085782569931,0.71,0.505625,0.40432089456424825,LOW PRIORITY,0.612554574937164,3,0.9064233976789946,0.5646563404118135,35622,0
LOC_114,2024-02-01,MEGHALAYA,0.0039699823,0.013333334,LOW,0.7896853758171258,0.71,0.505625,0.42059842755428145,LOW PRIORITY,0.9951242262083532,3,0.5836003164151797,0.6800169606449703,35622,0
LOC_114,2024-03-01,MEGHALAYA,0.0030822018,0.013333333,LOW,0.7392129802150209,0.71,0.6454166666666667,0.4289490782537552,LOW PRIORITY,0.7852352763478448,9,0.5240121981314028,0.947604446380836,35622,0
LOC_114,2024-04-01,MEGHALAYA,0.060812466,0.06422018,LOW,0.7737588072143167,0.71,0.8663541666666666,0.4910808988035792,MEDIUM PRIORITY,0.8229747397605065,3,0.6381445855609804,0.73391590353578,35622,0
LOC_114,2024-05-01,MEGHALAYA,0.75924635,0.28735632,MEDIUM,0.7091907047270254,0.71,0.505625,0.5100839541817563,MEDIUM PRIORITY,0.8421117796886498,8,0.7043363571117969,0.5569813487743216,35622,0
LOC_114,2024-06-01,MEGHALAYA,0.16582857,0.1780822,MEDIUM,0.7530049442831207,0.71,0.65,0.4989841160707802,MEDIUM PRIORITY,0.6176238801178151,11,0.969701816227006,0.791360747454328,35622,0
LOC_114,2024-07-01,MEGHALAYA,0.93268967,0.3043478,MEDIUM,0.8123970506706144,0.71,0.7192708333333333,0.5747290076676537,MEDIUM PRIORITY,0.7787277634110146,6,0.6829233413141742,0.9879370979572693,35622,0
LOC_114,2024-08-01,MEGHALAYA,0.061970327,0.06422018,LOW,0.7518931347635553,0.71,0.505625,0.43150510569088885,LOW PRIORITY,0.9550962351169404,4,0.5244705585298626,0.6613390787407516,35622,0
LOC_114,2024-09-01,MEGHALAYA,0.039962288,0.06422018,LOW,0.8040169380779894,0.71,0.9425,0.5100673065194974,MEDIUM PRIORITY,0.7240604887983643,11,0.8684562539701423,0.9902176762101176,35622,0
LOC_114,2024-10-01,MEGHALAYA,0.0016445521,0.0,LOW,0.8514474048469849,0.71,0.505625,0.43070560121174617,LOW PRIORITY,0.9909284663965274,13,0.96329870031916,0.8848957860055859,35622,0
LOC_114,2024-11-01,MEGHALAYA,0.0020540182,0.0,LOW,0.807006384103073,0.71,0.6611458333333333,0.44292347102576823,LOW PRIORITY,0.989985839216076,5,0.6284777998422877,0.7762285640205948,35622,0
LOC_115,2024-01-01,MIZORAM,0.0016678245,0.0,LOW,0.8243400652531986,0.75,0.505625,0.4319287663132997,LOW PRIORITY,0.8548455541528974,4,0.8427013385879021,0.7331467016053281,37980,0
LOC_115,2024-02-01,MIZORAM,0.012505424,0.037974678,LOW,0.7115890294066949,0.75,0.7783333333333333,0.4598371285516738,MEDIUM PRIORITY,0.9335673081926004,13,0.5927931150565445,0.7533290277109682,37980,0
LOC_115,2024-03-01,MIZORAM,0.00066107494,0.0,LOW,0.777705185422392,0.75,0.505625,0.420270046355598,LOW PRIORITY,0.6081906832726097,7,0.7545539405316319,0.9814094512186596,37980,0
LOC_115,2024-04-01,MIZORAM,0.04554335,0.06422018,LOW,0.8348685287936956,0.75,0.6814583333333333,0.4866239541984239,MEDIUM PRIORITY,0.8525143945580331,3,0.7321613986688065,0.8547983219479425,37980,0
LOC_115,2024-05-01,MIZORAM,0.28069153,0.1780822,MEDIUM,0.7917538179773136,0.75,0.7526041666666667,0.5320619594943284,MEDIUM PRIORITY,0.8463200656842113,2,0.6586327484964007,0.7287291243953085,37980,1
LOC_115,2024-06-01,MIZORAM,0.19121033,0.1780822,MEDIUM,0.8011947597505742,0.75,0.7344791666666667,0.5317034449376435,MEDIUM PRIORITY,0.9101585820062196,2,0.7787499326453008,0.5825371910174426,37980,1
LOC_115,2024-07-01,MIZORAM,0.53601736,0.21008402,MEDIUM,0.8551072409653964,0.75,0.7453125,0.5596072932413492,MEDIUM PRIORITY,0.9357529244118452,2,0.6559325976639234,0.8954101084524831,37980,0
LOC_115,2024-08-01,MIZORAM,0.15391935,0.17073171,MEDIUM,0.7189491402575721,0.75,0.505625,0.473873719064393,MEDIUM PRIORITY,0.6974872774685763,13,0.8375822950288744,0.7740603218661707,37980,0
LOC_115,2024-09-01,MIZORAM,0.013916452,0.037974678,LOW,0.6576443132416974,0.75,0.8135416666666666,0.4516321995104244,MEDIUM PRIORITY,0.8469578961890544,13,0.6653238440839956,0.5516288460270728,37980,0
LOC_115,2024-10-01,MIZORAM,0.0046576317,0.013333334,LOW,0.7756243070098514,0.75,0.7272916666666667,0.45833316035246285,MEDIUM PRIORITY,0.891560321452163,8,0.6019863983085473,0.8756171749453621,37980,0
LOC_115,2024-11-01,MIZORAM,0.00069287175,0.0,LOW,0.7246910163700028,0.75,0.505625,0.4070165040925007,LOW PRIORITY,0.8911819741958571,11,0.5044529065438164,0.8697958514070041,37980,0
LOC_116,2024-01-01,NAGALAND,0.0029508,0.013333334,LOW,0.7854372916191137,0.74,0.6273958333333334,0.4438020315047784,LOW PRIORITY,0.6418023746115549,10,0.8973562725792281,0.9359238526190048,37368,0
LOC_116,2024-02-01,NAGALAND,0.0009475234,0.0,LOW,0.7380569460096601,0.74,0.505625,0.408357986502415,LOW PRIORITY,0.6912109473215797,7,0.6771711694781821,0.8171790005722119,37368,0
LOC_116,2024-03-01,NAGALAND,0.0022095072,0.0,LOW,0.6221562600161492,0.74,0.6788541666666666,0.40536719000403726,LOW PRIORITY,0.6345080831677776,11,0.5266000608870154,0.6941835626764705,37368,0
LOC_116,2024-04-01,NAGALAND,0.42596745,0.21008405,MEDIUM,0.7150256326316948,0.74,0.5276041666666667,0.4899306531579237,MEDIUM PRIORITY,0.7987669867076828,8,0.6730024407186367,0.6549997697671264,37368,0
LOC_116,2024-05-01,NAGALAND,0.36207128,0.19565217,MEDIUM,0.7587180044610218,0.74,0.7214583333333333,0.5241591191152555,MEDIUM PRIORITY,0.6902202065534835,10,0.9703164686163096,0.7076686760076272,37368,0
LOC_116,2024-06-01,NAGALAND,0.7461265,0.28735632,MEDIUM,0.7964038717815299,0.74,0.78625,0.5799809959453825,MEDIUM PRIORITY,0.7702538622549229,1,0.5055316603404538,0.9431632978640764,37368,0
LOC_116,2024-07-01,NAGALAND,0.7461337,0.28735632,MEDIUM,0.8484689900590889,0.74,0.7469791666666666,0.5871066505147722,MEDIUM PRIORITY,0.9715512122445664,2,0.9260433520668204,0.5629480625916352,37368,0
LOC_116,2024-08-01,NAGALAND,0.033376653,0.057142857,LOW,0.7728561008485778,0.74,0.665625,0.46391491801214446,MEDIUM PRIORITY,0.8585292183889266,4,0.591194856213251,0.7750336621254672,37368,0
LOC_116,2024-09-01,NAGALAND,0.009871743,0.037974678,LOW,0.8877419089679092,0.74,0.505625,0.4609690984419773,MEDIUM PRIORITY,0.9167017312386564,1,0.9385274916607008,0.7290717463056127,37368,0
LOC_116,2024-10-01,NAGALAND,0.0009996564,0.0,LOW,0.8060383753790044,0.74,0.505625,0.4253533438447511,LOW PRIORITY,0.8277961941714784,10,0.8935164081724579,0.836174232505414,37368,0
LOC_116,2024-11-01,NAGALAND,0.0022014116,0.0,LOW,0.742550740478749,0.74,0.5689583333333333,0.4189814351196873,LOW PRIORITY,0.9623722726271808,8,0.6838649863657786,0.5906323695887034,37368,0
LOC_117,2024-01-01,ARUNACHAL_PRADESH,0.00032068265,0.0,LOW,0.7575481165163097,0.465,0.588125,0.37060577912907744,LOW PRIORITY,0.7444925677289395,5,0.8308769620912122,0.6214896029117539,23359,0
LOC_117,2024-02-01,ARUNACHAL_PRADESH,0.00063319877,0.0,LOW,0.786709133834519,0.465,0.6327083333333333,0.3845835334586297,LOW PRIORITY,0.7776540795754775,7,0.8692857018737488,0.7332300872221831,23359,0
LOC_117,2024-03-01,ARUNACHAL_PRADESH,0.007243166,0.037974678,LOW,0.8124372051736141,0.465,0.505625,0.38714292249340354,LOW PRIORITY,0.8336870461292613,5,0.958958636269339,0.6237698049625225,23359,0
LOC_117,2024-04-01,ARUNACHAL_PRADESH,0.11211911,0.11764705,MEDIUM,0.8857573674904421,0.465,0.8060416666666667,0.4824044118726106,MEDIUM PRIORITY,0.911094274876088,1,0.8229376087129219,0.8423309197060919,23359,0
LOC_117,2024-05-01,ARUNACHAL_PRADESH,0.24522999,0.1780822,MEDIUM,0.8315791773119099,0.465,0.505625,0.4479714243279775,LOW PRIORITY,0.9496032171462242,13,0.9748871507112096,0.8351596747235392,23359,0
LOC_117,2024-06-01,ARUNACHAL_PRADESH,0.40867504,0.21008405,MEDIUM,0.651683596938317,0.465,0.6091666666666666,0.43132951923457924,LOW PRIORITY,0.6619319102606656,11,0.6500976596827153,0.6613714844765538,23359,0
LOC_117,2024-07-01,ARUNACHAL_PRADESH,0.33645707,0.19565217,MEDIUM,0.7254900624620211,0.465,0.788125,0.47085213361550526,MEDIUM PRIORITY,0.6368122915713684,7,0.6714637022411336,0.8270175893689156,23359,0
LOC_117,2024-08-01,ARUNACHAL_PRADESH,0.040491577,0.06422018,LOW,0.9453395119499562,0.465,0.5422916666666666,0.43636669998748906,LOW PRIORITY,0.9355508383299396,1,0.9797916543497058,0.8993488884535128,23359,0
LOC_117,2024-09-01,ARUNACHAL_PRADESH,0.0017260144,0.0,LOW,0.7309424652739437,0.465,0.6938541666666667,0.3798137413184859,LOW PRIORITY,0.8369964913940994,12,0.7933435100997225,0.693429859601953,23359,0
LOC_117,2024-10-01,ARUNACHAL_PRADESH,0.00026701984,0.0,LOW,0.8494869477502918,0.465,0.505625,0.38121548693757296,LOW PRIORITY,0.6302912170669858,4,0.9268923991196434,0.9740975081478712,23359,0
LOC_117,2024-11-01,ARUNACHAL_PRADESH,0.0010184171,0.0,LOW,0.8797923970905445,0.465,0.5423958333333333,0.3943074742726361,LOW PRIORITY,0.7657325813532169,4,0.9457506914134464,0.9410196489288478,23359,0
LOC_118,2024-01-01,ASSAM,0.0026155182,0.013333335,LOW,0.7258450475714456,0.945,0.505625,0.4516383458928614,MEDIUM PRIORITY,0.8617787220996246,12,0.8825059710417869,0.559095497144371,47163,0
LOC_118,2024-02-01,ASSAM,0.0032611676,0.013333335,LOW,0.6540117754034412,0.945,0.5422916666666666,0.4391800278508603,LOW PRIORITY,0.6211557999810376,6,0.5235433639184104,0.671347937714317,47163,0
LOC_118,2024-03-01,ASSAM,0.0051738634,0.013333334,LOW,0.810554376657524,0.945,0.7641666666666667,0.5115969277643809,MEDIUM PRIORITY,0.96706334720583,1,0.5841422094704998,0.7243452832870991,47163,0
LOC_118,2024-04-01,ASSAM,0.17270474,0.17808221,MEDIUM,0.799270122072897,0.945,0.6136458333333333,0.5520972895182242,MEDIUM PRIORITY,0.8110208482776663,13,0.8541837351686283,0.9652092381786268,47163,0
LOC_118,2024-05-01,ASSAM,0.31217462,0.1780822,MEDIUM,0.8182746577096701,0.945,0.6327083333333333,0.5597077944274176,MEDIUM PRIORITY,0.7650790944928674,1,0.7011060761669681,0.8402467935121782,47163,0
LOC_118,2024-06-01,ASSAM,0.27633822,0.1780822,MEDIUM,0.7987689846072672,0.945,0.6961458333333334,0.5643470011518168,MEDIUM PRIORITY,0.8436631808467245,9,0.6552473019012044,0.9961654556811396,47163,0
LOC_118,2024-07-01,ASSAM,0.86733,0.3043478,MEDIUM,0.8783849792840711,0.945,0.7121875,0.6371634898210179,MEDIUM PRIORITY,0.9594445608605608,7,0.7886812137226702,0.9987474758863868,47163,0
LOC_118,2024-08-01,ASSAM,0.028877236,0.057142854,LOW,0.8635204150254003,0.945,0.505625,0.50358099535635,MEDIUM PRIORITY,0.8829234528368365,2,0.8482226374562095,0.7896022364752217,47163,0
LOC_118,2024-09-01,ASSAM,0.0052177194,0.013333334,LOW,0.8883785353753688,0.945,0.505625,0.4922717174438422,MEDIUM PRIORITY,0.9866656170742868,1,0.6467688943557426,0.953412963404779,47163,0
LOC_118,2024-10-01,ASSAM,0.00070086034,0.0,LOW,0.8628787743324395,0.945,0.5818749999999999,0.49200094358310986,MEDIUM PRIORITY,0.9788909384380122,12,0.9808301009511816,0.8917940579405643,47163,0
LOC_118,2024-11-01,ASSAM,0.006566772,0.037974678,LOW,0.7570560996429099,0.945,0.6559375000000001,0.49184452111072746,MEDIUM PRIORITY,0.9460261538082384,8,0.6216577610846885,0.7272071503453794,47163,0
LOC_119,2024-01-01,TRIPURA,0.0051392918,0.013333334,LOW,0.7139443926377506,0.865,0.6641666666666667,0.45644443175943766,MEDIUM PRIORITY,0.6533193335337647,8,0.7351870702433442,0.7339378334405601,42949,0
LOC_119,2024-02-01,TRIPURA,0.00044347328,0.0,LOW,0.7244319296737168,0.865,0.5320833333333334,0.43392048241842923,LOW PRIORITY,0.6843822345743855,5,0.8392474549953719,0.5407646957917764,42949,0
LOC_119,2024-03-01,TRIPURA,0.0052490477,0.013333334,LOW,0.8753970242728816,0.865,0.65,0.49468258966822043,MEDIUM PRIORITY,0.7324978226431895,5,0.958956511827724,0.9768004292872794,42949,0
LOC_119,2024-04-01,TRIPURA,0.23926306,0.1780822,MEDIUM,0.66882238927428,0.865,0.6122916666666667,0.50328222731857,MEDIUM PRIORITY,0.7633706198725106,11,0.7349554641921654,0.5436301396991104,42949,0
LOC_119,2024-05-01,TRIPURA,0.33826643,0.19565217,MEDIUM,0.7045395048265697,0.865,0.715625,0.5347394942066424,MEDIUM PRIORITY,0.6426897413563304,4,0.7613685124633875,0.547433098819894,42949,0
LOC_119,2024-06-01,TRIPURA,0.58592606,0.26530612,MEDIUM,0.7558389331549072,0.865,0.5770833333333334,0.5546446812887268,MEDIUM PRIORITY,0.7550103095177547,4,0.7264130651665218,0.6752656912686859,42949,0
LOC_119,2024-07-01,TRIPURA,0.3938915,0.21008404,MEDIUM,0.832713881264767,0.865,0.7525,0.5780870863161918,MEDIUM PRIORITY,0.8509748288415324,10,0.9014354824454804,0.911778547105388,42949,0
LOC_119,2024-08-01,TRIPURA,0.07074767,0.06422018,LOW,0.8579403447594639,0.865,0.505625,0.489016908189866,MEDIUM PRIORITY,0.6688632022255646,1,0.9173129233607272,0.878918586784897,42949,0
LOC_119,2024-09-01,TRIPURA,0.0037932608,0.013333334,LOW,0.7867450701083192,0.865,0.505625,0.45086335112707976,MEDIUM PRIORITY,0.96651329816779,7,0.6940271773907577,0.7197731382080623,42949,0
LOC_119,2024-10-01,TRIPURA,0.0022303243,0.0,LOW,0.8434448745652863,0.865,0.6051041666666667,0.4746268436413216,MEDIUM PRIORITY,0.6843296821725701,2,0.8147817065229941,0.941334776232247,42949,0
LOC_119,2024-11-01,TRIPURA,0.0013160601,0.0,LOW,0.8438437833605097,0.865,0.6448958333333333,0.4806953208401274,MEDIUM PRIORITY,0.9635857919315116,2,0.5751492647225479,0.9033067434546456,42949,0
LOC_120,2024-01-01,MIZORAM,0.0004122629,0.0,LOW,0.8357608082223817,0.155,0.5414583333333334,0.3211589520555954,LOW PRIORITY,0.9446222651545284,6,0.677483820421348,0.9209371473136504,8311,0
LOC_120,2024-02-01,MIZORAM,0.008831889,0.037974678,LOW,0.8010656907952973,0.155,0.505625,0.32230004389882433,LOW PRIORITY,0.6544810900189156,1,0.8620482624038028,0.7210667440918042,8311,0
LOC_120,2024-03-01,MIZORAM,0.043548565,0.06422018,LOW,0.6460151348328542,0.155,0.638125,0.31391060570821355,LOW PRIORITY,0.7265510488618017,9,0.5280072856260081,0.629502204843607,8311,0
LOC_120,2024-04-01,MIZORAM,0.034418873,0.05714286,LOW,0.7357816429587913,0.155,0.7346874999999999,0.3480056797396978,LOW PRIORITY,0.8552422811688623,10,0.7556796423025005,0.6655379816971358,8311,0
LOC_120,2024-05-01,MIZORAM,0.4730301,0.21008404,MEDIUM,0.7655658661685885,0.155,0.5404166666666667,0.38748758254214716,LOW PRIORITY,0.9534808644664764,2,0.6513117574789581,0.5241375093955856,8311,1
LOC_120,2024-06-01,MIZORAM,0.0327004,0.057142857,LOW,0.8106540873176608,0.155,0.9765625,0.4030050396294152,LOW PRIORITY,0.9106815532239948,4,0.7332576951702441,0.7320104342097375,8311,0
LOC_120,2024-07-01,MIZORAM,0.110974774,0.11764706,MEDIUM,0.7856842562330937,0.155,0.505625,0.3503236380582734,LOW PRIORITY,0.8939980925345883,7,0.92552405414829,0.55654821158283,8311,1
LOC_120,2024-08-01,MIZORAM,0.4798425,0.21008405,MEDIUM,0.8453076469547863,0.155,0.9820833333333333,0.47367303173869657,MEDIUM PRIORITY,0.6911451412113697,4,0.91748655199865,0.9059322279424586,8311,1
LOC_120,2024-09-01,MIZORAM,0.009780157,0.037974678,LOW,0.7255811093584228,0.155,0.505625,0.3034288985396057,LOW PRIORITY,0.7767061976974435,9,0.6214753035573339,0.8041429361789139,8311,0
LOC_120,2024-10-01,MIZORAM,0.001535119,0.0,LOW,0.7884475073951491,0.155,0.505625,0.3039556268487873,LOW PRIORITY,0.8332728528579014,8,0.9020969445396692,0.6850868988496926,8311,0
LOC_120,2024-11-01,MIZORAM,0.001386621,0.0,LOW,0.6899873068221952,0.155,0.8177083333333334,0.32615307670554883,LOW PRIORITY,0.662666679728388,11,0.5208271427767466,0.9431220714503132,8311,0
LOC_121,2024-01-01,ASSAM,0.0019315705,0.0,LOW,0.7313876585956263,0.25,0.683125,0.33531566464890655,LOW PRIORITY,0.9089777678054304,10,0.8365246542318283,0.51338154567858,12485,0
LOC_121,2024-02-01,ASSAM,0.0037427205,0.013333334,LOW,0.7946769257187439,0.25,0.7177083333333334,0.361658815029686,LOW PRIORITY,0.6389729157059603,3,0.9810051912826074,0.6587295958864079,12485,0
LOC_121,2024-03-01,ASSAM,0.0029436005,0.013333334,LOW,0.7938562570177669,0.25,0.505625,0.3296411478544417,LOW PRIORITY,0.637275071799787,3,0.8091919427149538,0.8289580135563268,12485,0
LOC_121,2024-04-01,ASSAM,0.21723627,0.1780822,MEDIUM,0.8861042260410636,0.25,0.505625,0.4186026865102659,LOW PRIORITY,0.9320555771753608,7,0.8948611165643725,0.9508335437578546,12485,0
LOC_121,2024-05-01,ASSAM,0.8442384,0.3043478,MEDIUM,0.7400157277993791,0.25,0.6793750000000001,0.45864930194984477,MEDIUM PRIORITY,0.8418882082193174,13,0.7105293441872886,0.8409786921242437,12485,1
LOC_121,2024-06-01,ASSAM,0.48776,0.21008402,MEDIUM,0.7875766951988534,0.25,0.9740625,0.47703715679971337,MEDIUM PRIORITY,0.927110540954264,10,0.957796510315838,0.5987330628586449,12485,0
LOC_121,2024-07-01,ASSAM,0.38510832,0.21008404,MEDIUM,0.8079474686577879,0.25,0.505625,0.4118642331644469,LOW PRIORITY,0.7329999191964799,3,0.9348233103181122,0.6639666451165596,12485,0
LOC_121,2024-08-01,ASSAM,0.2363164,0.1780822,MEDIUM,0.7632281488327903,0.25,0.9261458333333333,0.45096179220819754,MEDIUM PRIORITY,0.8322957701312299,13,0.7735098791960421,0.8804402793372226,12485,0
LOC_121,2024-09-01,ASSAM,0.0058506154,0.03797468,LOW,0.681049758822686,0.25,0.505625,0.3112960617056715,LOW PRIORITY,0.638076644986011,12,0.7879743102113766,0.6981480800933564,12485,0
LOC_121,2024-10-01,ASSAM,0.012051043,0.037974678,LOW,0.6430112147639906,0.25,0.505625,0.30178642489099766,LOW PRIORITY,0.6535588002938756,9,0.5726240490824643,0.6458620096796222,12485,0
LOC_121,2024-11-01,ASSAM,0.0006668577,0.0,LOW,0.7336835417642963,0.25,0.6327083333333333,0.32832713544107406,LOW PRIORITY,0.8778005627748343,11,0.6495786951952969,0.7740215757537203,12485,0
LOC_122,2024-01-01,SIKKIM,0.00035835174,0.0,LOW,0.6365331443861312,0.22,0.505625,0.2789770360965328,LOW PRIORITY,0.6273765407696882,5,0.5262308824691504,0.5591918209723526,11093,0
LOC_122,2024-02-01,SIKKIM,0.012938041,0.037974678,LOW,0.8001585059336151,0.22,0.6357291666666667,0.3545888726834038,LOW PRIORITY,0.7067961986207583,2,0.8991679948110742,0.6613364969692945,11093,0
LOC_122,2024-03-01,SIKKIM,0.00029194538,0.0,LOW,0.8625816166735586,0.22,0.9742708333333334,0.4057860291683897,LOW PRIORITY,0.9840738908803264,5,0.6873525542211912,0.9455666882593832,11093,0
LOC_122,2024-04-01,SIKKIM,0.24465376,0.1780822,MEDIUM,0.8500745748697194,0.22,0.505625,0.4035952737174298,LOW PRIORITY,0.99375567726711,6,0.6329480017398192,0.9735946204719484,11093,0
LOC_122,2024-05-01,SIKKIM,0.67658633,0.28735632,MEDIUM,0.6907408245089743,0.22,0.6566666666666667,0.4301277341272436,LOW PRIORITY,0.6776423948679304,2,0.5600714609915667,0.5919161088430667,11093,0
LOC_122,2024-06-01,SIKKIM,0.09980317,0.11764707,MEDIUM,0.8460459869949102,0.22,0.7285416666666666,0.4118515747487275,LOW PRIORITY,0.8941902785772338,1,0.7182939285408313,0.8050330741949085,11093,1
LOC_122,2024-07-01,SIKKIM,0.38119537,0.20886,MEDIUM,0.8294915623604859,0.22,0.9741666666666666,0.4810418905901215,MEDIUM PRIORITY,0.8204821477158857,6,0.950042092041422,0.7474420096846359,11093,0
LOC_122,2024-08-01,SIKKIM,0.11515451,0.11764707,MEDIUM,0.7319995284346956,0.22,0.505625,0.3499024601086739,LOW PRIORITY,0.6681766514667221,8,0.5656319589457397,0.9608561699929876,11093,0
LOC_122,2024-09-01,SIKKIM,0.017347803,0.037974678,LOW,0.7022902806209006,0.22,0.505625,0.31060619135522516,LOW PRIORITY,0.7598256105366141,13,0.7653693328827996,0.7172995123975225,11093,0
LOC_122,2024-10-01,SIKKIM,0.002070345,0.0,LOW,0.837755332420814,0.22,0.825625,0.37728258310520346,LOW PRIORITY,0.9375582462828368,2,0.6404074424873412,0.8397223075797446,11093,0
LOC_122,2024-11-01,SIKKIM,0.0011743171,0.0,LOW,0.7411853112475499,0.22,0.505625,0.3051400778118875,LOW PRIORITY,0.7079148795437427,7,0.7404239053397916,0.7497357934399986,11093,0
LOC_123,2024-01-01,SIKKIM,0.004186144,0.013333334,LOW,0.7969225672695559,0.235,0.5635416666666666,0.33609522541738895,LOW PRIORITY,0.6466761741256853,6,0.7730445041242233,0.967969590828315,11998,0
LOC_123,2024-02-01,SIKKIM,0.0028726659,0.013333334,LOW,0.8202558932194277,0.235,0.60625,0.3483348069048569,LOW PRIORITY,0.61777521315128,4,0.9707291026056112,0.825852590454153,11998,0
LOC_123,2024-03-01,SIKKIM,0.0033324726,0.013333334,LOW,0.8491113190276254,0.235,0.6051041666666667,0.35537678835690634,LOW PRIORITY,0.8772380412615152,1,0.6005138410609823,0.9520267271213374,11998,0
LOC_123,2024-04-01,SIKKIM,0.4958507,0.21008404,MEDIUM,0.6837075284577642,0.235,0.7727083333333333,0.417866748114441,LOW PRIORITY,0.9483103544983942,11,0.5377988012556516,0.6153876247436778,11998,0
LOC_123,2024-05-01,SIKKIM,0.8478259,0.3043478,MEDIUM,0.738597067796863,0.235,0.7073958333333333,0.45949776194921577,MEDIUM PRIORITY,0.8667655559403031,8,0.7113553850525961,0.6429339968612192,11998,0
LOC_123,2024-06-01,SIKKIM,0.29711244,0.1780822,MEDIUM,0.8368337724667075,0.235,0.7045833333333333,0.4331288231166769,LOW PRIORITY,0.9637527039929192,3,0.5406648123961284,0.9429175734777828,11998,0
LOC_123,2024-07-01,SIKKIM,0.60217404,0.26530612,MEDIUM,0.8470094883608674,0.235,0.505625,0.4407185700902168,LOW PRIORITY,0.8960183547294329,3,0.9796044165814092,0.6124151821326277,11998,0
LOC_123,2024-08-01,SIKKIM,0.43369022,0.21008404,MEDIUM,0.6760522673435725,0.235,0.9405208333333333,0.44112480783589314,LOW PRIORITY,0.7496182957995972,11,0.5842078701589802,0.7370495700823794,11998,0
LOC_123,2024-09-01,SIKKIM,0.0016156497,0.0,LOW,0.7484281394394001,0.235,0.505625,0.30995078485985,LOW PRIORITY,0.7246283700015137,13,0.9224904767983244,0.7799270442910957,11998,0
LOC_123,2024-10-01,SIKKIM,0.001234217,0.0,LOW,0.8905350565071868,0.235,0.6745833333333333,0.37082126412679667,LOW PRIORITY,0.9796797871458438,9,0.8869026105510771,0.9955578283318262,11998,0
LOC_123,2024-11-01,SIKKIM,0.005713132,0.013333334,LOW,0.7503343469560388,0.235,0.8697916666666667,0.3703856703390097,LOW PRIORITY,0.733230891626315,2,0.613621712575541,0.7211514502889663,11998,0
LOC_124,2024-01-01,ARUNACHAL_PRADESH,0.006102711,0.03797468,LOW,0.7555025526589616,0.505,0.6557291666666667,0.4034248851647404,LOW PRIORITY,0.9049422232331236,12,0.7574218711555847,0.7596461162471383,25160,0
LOC_124,2024-02-01,ARUNACHAL_PRADESH,0.0018746575,0.0,LOW,0.8307170213072225,0.505,0.7045833333333333,0.4143667553268056,LOW PRIORITY,0.7103494961111414,5,0.9272488125166454,0.8519364432677694,25160,0
LOC_124,2024-03-01,ARUNACHAL_PRADESH,0.0018542373,0.0,LOW,0.7010888293124727,0.505,0.505625,0.3521159573281182,LOW PRIORITY,0.7108703878766619,12,0.6551986454713721,0.838286283901857,25160,0
LOC_124,2024-04-01,ARUNACHAL_PRADESH,0.09733431,0.11764707,MEDIUM,0.6734613710578887,0.505,0.7082291666666667,0.42265854576447215,LOW PRIORITY,0.8064505304096619,12,0.5097309728992754,0.7776639809226177,25160,0
LOC_124,2024-05-01,ARUNACHAL_PRADESH,0.39500484,0.21008404,MEDIUM,0.6324332002558524,0.505,0.8039583333333333,0.4637356660639631,MEDIUM PRIORITY,0.7003001121455696,10,0.6268651983446415,0.5359008238665312,25160,0
LOC_124,2024-06-01,ARUNACHAL_PRADESH,0.8515522,0.3043478,MEDIUM,0.7055953167408664,0.505,0.9483333333333333,0.5413879491852166,MEDIUM PRIORITY,0.7201996168663526,3,0.671729118549854,0.5304525315472588,25160,1
LOC_124,2024-07-01,ARUNACHAL_PRADESH,0.7177153,0.28735632,MEDIUM,0.8008077523942672,0.505,0.7403124999999999,0.5271913410985668,MEDIUM PRIORITY,0.7940165209358185,2,0.65811772165685,0.8177634336510664,25160,0
LOC_124,2024-08-01,ARUNACHAL_PRADESH,0.0036930216,0.013333334,LOW,0.8176157062987437,0.505,0.505625,0.38658101017468594,LOW PRIORITY,0.8760917782048765,7,0.7489673350297381,0.8787370452936933,25160,1
LOC_124,2024-09-01,ARUNACHAL_PRADESH,0.0077244705,0.03797468,LOW,0.7394670476411248,0.505,0.9277083333333334,0.44021288391028124,LOW PRIORITY,0.9623194241810412,4,0.5790214410444141,0.5498606586723771,25160,0
LOC_124,2024-10-01,ARUNACHAL_PRADESH,0.003935349,0.013333334,LOW,0.6340066742962882,0.505,0.6788541666666666,0.36666312717407207,LOW PRIORITY,0.6256613822322402,10,0.5630052815943847,0.6806933666918616,25160,0
LOC_124,2024-11-01,ARUNACHAL_PRADESH,0.00038590483,0.0,LOW,0.8663953539915632,0.505,0.505625,0.3934425884978908,LOW PRIORITY,0.6800815115537591,2,0.9437295975756652,0.9084369735034952,25160,0
LOC_125,2024-01-01,TRIPURA,0.0025367977,0.013333334,LOW,0.881782486189833,0.835,0.7315625,0.5025133301474582,MEDIUM PRIORITY,0.9537219743774212,1,0.9842902597215946,0.6224510439936495,42124,0
LOC_125,2024-02-01,TRIPURA,0.0037703433,0.013333335,LOW,0.8926280822898626,0.835,0.505625,0.4713341045724656,MEDIUM PRIORITY,0.9890413584286448,4,0.9693814322140366,0.7454228718501021,42124,0
LOC_125,2024-03-01,TRIPURA,0.019349866,0.037974678,LOW,0.6789352329363342,0.835,0.6252083333333334,0.4457049294340835,LOW PRIORITY,0.6390109318255496,12,0.5237121781890601,0.9530178217307268,42124,0
LOC_125,2024-04-01,TRIPURA,0.04863744,0.06422018,LOW,0.7867460260897009,0.835,0.8607291666666668,0.5184839535224253,MEDIUM PRIORITY,0.9264016273742212,11,0.5918242622104593,0.99542488144079,42124,0
LOC_125,2024-05-01,TRIPURA,0.43268645,0.21008405,MEDIUM,0.9084614565925422,0.835,0.505625,0.5539927341481355,MEDIUM PRIORITY,0.7698659815326269,2,0.936945495643309,0.9937010158608997,42124,0
LOC_125,2024-06-01,TRIPURA,0.065221705,0.06422018,LOW,0.7983977155313537,0.835,0.505625,0.46813125088283847,MEDIUM PRIORITY,0.9870103639923016,2,0.7632883156460732,0.5099588491537066,42124,0
LOC_125,2024-07-01,TRIPURA,0.70817107,0.28735632,MEDIUM,0.7531326436057867,0.835,0.9533333333333334,0.6132256889014467,MEDIUM PRIORITY,0.8467467276956395,7,0.7852433550167484,0.6138738250440923,42124,0
LOC_125,2024-08-01,TRIPURA,0.35629568,0.19565217,MEDIUM,0.8330944055564571,0.835,0.505625,0.5293782193891142,MEDIUM PRIORITY,0.7531087726617023,2,0.7462606173294289,0.8996748989013642,42124,0
LOC_125,2024-09-01,TRIPURA,0.019566828,0.03797468,LOW,0.7916690318694898,0.835,0.615,0.47235712996737245,MEDIUM PRIORITY,0.8521254513761192,5,0.7367205174130175,0.7444968253554891,42124,0
LOC_125,2024-10-01,TRIPURA,0.0016155859,0.0,LOW,0.7023236381488512,0.835,0.5635416666666666,0.4271121595372128,LOW PRIORITY,0.6564737975462287,3,0.5204091443550809,0.7324116106940954,42124,0
LOC_125,2024-11-01,TRIPURA,0.0025907957,0.013333333,LOW,0.7226860467870544,0.835,0.505625,0.42884859489676364,LOW PRIORITY,0.722444852462838,10,0.9787702281773124,0.5228624398413999,42124,0
LOC_126,2024-01-01,ASSAM,0.0008353119,0.0,LOW,0.7345635424414638,0.41,0.5770833333333334,0.35220338561036596,LOW PRIORITY,0.654085053972199,8,0.6938193434318163,0.8570164390285069,21079,0
LOC_126,2024-02-01,ASSAM,0.0062269024,0.037974678,LOW,0.7908153025175647,0.41,0.7665625,0.4098780718293912,LOW PRIORITY,0.8446609507247033,5,0.6598206384900873,0.8254462875221348,21079,0
LOC_126,2024-03-01,ASSAM,0.0049854834,0.013333334,LOW,0.7690799808142477,0.41,0.5539583333333333,0.36269707880356195,LOW PRIORITY,0.8211082473992514,6,0.8566368969386214,0.598574778919118,21079,0
LOC_126,2024-04-01,ASSAM,0.24509381,0.1780822,MEDIUM,0.8258926687010226,0.41,0.6364583333333333,0.45517479717525566,MEDIUM PRIORITY,0.8020034092862194,3,0.7453794341891098,0.8561878313287614,21079,0
LOC_126,2024-05-01,ASSAM,0.13532756,0.17073171,MEDIUM,0.7205763363584325,0.41,0.65,0.4279367680896081,LOW PRIORITY,0.7879240200366628,8,0.5410135880195521,0.8200344040441819,21079,0
LOC_126,2024-06-01,ASSAM,0.80018866,0.3043478,MEDIUM,0.7478534867331366,0.41,0.6815625000000001,0.4929368666832841,MEDIUM PRIORITY,0.6902852986546775,2,0.5214544976025581,0.8463408173419771,21079,0
LOC_126,2024-07-01,ASSAM,0.13439417,0.17073171,MEDIUM,0.7231515888401521,0.41,0.6051041666666667,0.42184620621003804,LOW PRIORITY,0.9595048411784288,8,0.6471302328931314,0.5526379479557149,21079,0
LOC_126,2024-08-01,ASSAM,0.004409875,0.013333334,LOW,0.8040048947520748,0.41,0.7618750000000001,0.4026158072880187,LOW PRIORITY,0.856452039537086,8,0.7717456135792349,0.8544885925586452,21079,1
LOC_126,2024-09-01,ASSAM,0.016857782,0.037974678,LOW,0.783925435648207,0.41,0.7233333333333334,0.40167123011205175,LOW PRIORITY,0.6131894344687433,2,0.8337463477545648,0.7554326270361865,21079,0
LOC_126,2024-10-01,ASSAM,0.00036415376,0.0,LOW,0.7200118633888157,0.41,0.505625,0.33784671584720394,LOW PRIORITY,0.6552681729811278,9,0.5305821943334657,0.9941970862406696,21079,0
LOC_126,2024-11-01,ASSAM,0.00040640825,0.0,LOW,0.8561680498942223,0.41,0.8046875,0.41674513747355557,LOW PRIORITY,0.9603396733275832,6,0.9305172890073892,0.7338152372419171,21079,0
LOC_127,2024-01-01,SIKKIM,0.0007427874,0.0,LOW,0.7525012340752663,0.315,0.5422916666666666,0.33246905851881653,LOW PRIORITY,0.6798772289706816,4,0.5664498557252464,0.8970111849384702,16358,0
LOC_127,2024-02-01,SIKKIM,0.004767096,0.013333334,LOW,0.7914948301295391,0.315,0.8440625,0.3928164161323848,LOW PRIORITY,0.9044307240472216,4,0.614217050281626,0.7806648795226425,16358,0
LOC_127,2024-03-01,SIKKIM,0.011912889,0.037974678,LOW,0.7931179674547659,0.315,0.6701041666666667,0.3769849880636915,LOW PRIORITY,0.8517494489117633,2,0.7110384217506428,0.6763506658233243,16358,0
LOC_127,2024-04-01,SIKKIM,0.13870738,0.17073171,MEDIUM,0.682395703455688,0.315,0.505625,0.377735359863922,LOW PRIORITY,0.6031707941777358,1,0.6031700548409368,0.5565752981374126,16358,0
LOC_127,2024-05-01,SIKKIM,0.44728032,0.21008404,MEDIUM,0.6978468020144422,0.315,0.7580208333333334,0.4351984415036106,LOW PRIORITY,0.6717877391538123,12,0.859612307864706,0.6599871610392503,16358,0
LOC_127,2024-06-01,SIKKIM,0.7203073,0.28735632,MEDIUM,0.699026945438029,0.315,0.8885416666666667,0.4859805143595073,MEDIUM PRIORITY,0.9714884874049764,12,0.6384481204992215,0.5861711738479181,16358,0
LOC_127,2024-07-01,SIKKIM,0.5472421,0.23529412,MEDIUM,0.7794291086352083,0.315,0.505625,0.42781867515880206,LOW PRIORITY,0.7643466061837343,1,0.6760871521031988,0.7106160095872335,16358,0
LOC_127,2024-08-01,SIKKIM,0.3423243,0.19565216,MEDIUM,0.8435595713131345,0.315,0.505625,0.4279945068282836,LOW PRIORITY,0.9860937064263104,2,0.8728333233732539,0.5819779221196406,16358,0
LOC_127,2024-09-01,SIKKIM,0.0019049422,0.0,LOW,0.837576867975323,0.315,0.505625,0.34823796699383075,LOW PRIORITY,0.9917075790331198,5,0.9839249705725752,0.5413415889622637,16358,0
LOC_127,2024-10-01,SIKKIM,0.0005797117,0.0,LOW,0.8741700324941327,0.315,0.7270833333333333,0.3906050081235332,LOW PRIORITY,0.904116372883981,4,0.9056820839714084,0.8202150064544749,16358,0
LOC_127,2024-11-01,SIKKIM,0.0028106193,0.013333334,LOW,0.6677684618980193,0.315,0.6051041666666667,0.32604107407450483,LOW PRIORITY,0.8369772851018968,12,0.6255981338577252,0.6084984286324551,16358,0
LOC_128,2024-01-01,NAGALAND,0.003945229,0.013333334,LOW,0.7691770667033544,0.14,0.505625,0.3014713502758386,LOW PRIORITY,0.9480339004423652,9,0.7868313788935194,0.6418429874775324,8083,0
LOC_128,2024-02-01,NAGALAND,0.13578196,0.17073171,MEDIUM,0.7141025364083606,0.14,0.7488541666666666,0.3871464431020902,LOW PRIORITY,0.7883643272984475,13,0.7543555040117929,0.747023647656536,8083,0
LOC_128,2024-03-01,NAGALAND,0.0027392244,0.013333334,LOW,0.8818164091981726,0.14,0.505625,0.32963118589954316,LOW PRIORITY,0.9924750287894988,4,0.7788353373102194,0.8892886040263054,8083,0
LOC_128,2024-04-01,NAGALAND,0.18366192,0.1780822,MEDIUM,0.7295909827872831,0.14,0.6902083333333333,0.3851618756968208,LOW PRIORITY,0.6732733510041821,8,0.8399722090781538,0.671785037733463,8083,0
LOC_128,2024-05-01,NAGALAND,0.31758952,0.1780822,MEDIUM,0.7547727727159054,0.14,0.5570833333333334,0.3714885731789763,LOW PRIORITY,0.8094869210999472,4,0.5135652616098869,0.8293722414871205,8083,0
LOC_128,2024-06-01,NAGALAND,0.53525496,0.21008404,MEDIUM,0.8908095945053005,0.14,0.918125,0.4724547646263252,MEDIUM PRIORITY,0.8599774584807676,1,0.7606557142811188,0.9759385385926488,8083,0
LOC_128,2024-07-01,NAGALAND,0.17352806,0.1780822,MEDIUM,0.8670755793156945,0.14,0.505625,0.39184552482892365,LOW PRIORITY,0.955995069424762,3,0.966008810796912,0.6462984370411038,8083,0
LOC_128,2024-08-01,NAGALAND,0.10863826,0.11764707,MEDIUM,0.6534816461807424,0.14,0.505625,0.3142729895451856,LOW PRIORITY,0.6777468157149504,11,0.6884804649250014,0.6143659707496848,8083,0
LOC_128,2024-09-01,NAGALAND,0.0014950451,0.0,LOW,0.7149963800873603,0.14,0.8230208333333333,0.3302022200218401,LOW PRIORITY,0.8969982733723088,3,0.5377263222004252,0.5252609247767075,8083,0
LOC_128,2024-10-01,NAGALAND,0.00063547125,0.0,LOW,0.7256167465201249,0.14,0.505625,0.28524793663003123,LOW PRIORITY,0.8084513134570182,13,0.89366174528014,0.6336872606766752,8083,0
LOC_128,2024-11-01,NAGALAND,0.00050873467,0.0,LOW,0.8529678221275848,0.14,0.5770833333333334,0.3278044555318962,LOW PRIORITY,0.8809486474893578,5,0.9554288015726132,0.7421605061150349,8083,0
LOC_129,2024-01-01,NAGALAND,0.010884191,0.03797468,LOW,0.7338435776916037,0.425,0.5151041666666667,0.36091639142290094,LOW PRIORITY,0.9662242423990296,10,0.5905695677195504,0.7119138339811679,21607,0
LOC_129,2024-02-01,NAGALAND,0.006672647,0.037974678,LOW,0.7776450048041321,0.425,0.6132291666666667,0.38658549740103304,LOW PRIORITY,0.8436564303222702,10,0.901990858691724,0.6982660635358671,21607,0
LOC_129,2024-03-01,NAGALAND,0.0013567843,0.0,LOW,0.8045530044928466,0.425,0.6788541666666666,0.38796637612321166,LOW PRIORITY,0.6394918887086091,1,0.7569855521646748,0.8550679104314359,21607,0
LOC_129,2024-04-01,NAGALAND,0.287981,0.1780822,MEDIUM,0.6641471255413867,0.425,0.7644791666666666,0.43694153638534666,LOW PRIORITY,0.8115984533761158,10,0.6421868197734254,0.5361365623493389,21607,0
LOC_129,2024-05-01,NAGALAND,0.74331445,0.28735632,MEDIUM,0.7622464437955325,0.425,0.505625,0.4663478889488831,MEDIUM PRIORITY,0.7466712913221045,2,0.5325209401408244,0.8364602103858679,21607,0
LOC_129,2024-06-01,NAGALAND,0.63347316,0.26530612,MEDIUM,0.8136927726659287,0.425,0.65,0.4920456411664822,MEDIUM PRIORITY,0.7594318833636742,13,0.9407059340862728,0.9879666065471012,21607,1
LOC_129,2024-07-01,NAGALAND,0.68951774,0.28735632,MEDIUM,0.6572384515444329,0.425,0.6434375,0.46076776588610824,MEDIUM PRIORITY,0.8983662029214932,12,0.587533755555818,0.5430538477004206,21607,0
LOC_129,2024-08-01,NAGALAND,0.6057292,0.26530612,MEDIUM,0.7465394335257388,0.425,0.505625,0.4536010563814347,MEDIUM PRIORITY,0.8368328559494265,11,0.7397797319657837,0.776211812854412,21607,0
LOC_129,2024-09-01,NAGALAND,0.0073418776,0.037974678,LOW,0.7734801010572417,0.425,0.8846875000000001,0.4262630214643105,LOW PRIORITY,0.8221153856825989,5,0.9283302700756444,0.51014141513739,21607,0
LOC_129,2024-10-01,NAGALAND,0.0007797769,0.0,LOW,0.6845904891683727,0.425,0.505625,0.3319913722920932,LOW PRIORITY,0.9048352142587984,8,0.5783656101088062,0.521827798972553,21607,0
LOC_129,2024-11-01,NAGALAND,0.0005084533,0.0,LOW,0.8245527857004546,0.425,0.505625,0.36698194642511367,LOW PRIORITY,0.9559304219746044,9,0.9429232396121728,0.6993574812150414,21607,0
LOC_130,2024-01-01,ASSAM,0.002001358,0.0,LOW,0.8280690168157145,0.355,0.505625,0.35386100420392863,LOW PRIORITY,0.8671126165688554,1,0.7020416136059136,0.7764551704214224,18685,0
LOC_130,2024-02-01,ASSAM,0.002757899,0.013333334,LOW,0.7721730975438112,0.355,0.7432291666666666,0.3808609829859528,LOW PRIORITY,0.8716383315724476,10,0.9674641606451118,0.5829232312910186,18685,0
LOC_130,2024-03-01,ASSAM,0.0047009173,0.013333334,LOW,0.7405718566892557,0.355,0.6494791666666666,0.3588981727723139,LOW PRIORITY,0.6467202189335992,3,0.5193631398510055,0.8962040679724186,18685,0
LOC_130,2024-04-01,ASSAM,0.31835738,0.1780822,MEDIUM,0.8081210851064019,0.355,0.505625,0.4201069012766005,LOW PRIORITY,0.6118239160531508,3,0.920571752849972,0.8000886715224851,18685,0
LOC_130,2024-05-01,ASSAM,0.42307165,0.21008402,MEDIUM,0.7267664431441191,0.355,0.8784375,0.4684908437860298,MEDIUM PRIORITY,0.7729109241858512,5,0.7017190487179586,0.599102466339333,18685,1
LOC_130,2024-06-01,ASSAM,0.7188444,0.28735632,MEDIUM,0.9086615486969707,0.355,0.801875,0.5333891651742426,MEDIUM PRIORITY,0.8903546987685577,5,0.9954919602448564,0.9154662024411352,18685,0
LOC_130,2024-07-01,ASSAM,0.68069357,0.28735632,MEDIUM,0.840614760967278,0.355,0.665625,0.4959399682418195,MEDIUM PRIORITY,0.9386289500033236,9,0.8923825447707903,0.8314475490949985,18685,0
LOC_130,2024-08-01,ASSAM,0.333881,0.19565217,MEDIUM,0.747634709922438,0.355,0.67125,0.4368570454806095,LOW PRIORITY,0.8437861625755855,4,0.7037030923790949,0.5763829180684046,18685,0
LOC_130,2024-09-01,ASSAM,0.019684607,0.037974678,LOW,0.7030208171838225,0.355,0.8613541666666666,0.39114820049595567,LOW PRIORITY,0.7884236654502237,11,0.7280171389844731,0.6623091309672595,18685,0
LOC_130,2024-10-01,ASSAM,0.0016990651,0.0,LOW,0.8089133471078926,0.355,0.505625,0.34907208677697316,LOW PRIORITY,0.911683095683526,9,0.800870777555839,0.8230995151922058,18685,0
LOC_130,2024-11-01,ASSAM,0.0013719016,0.0,LOW,0.8241389294011208,0.355,0.505625,0.3528784823502802,LOW PRIORITY,0.8793147048452166,1,0.7943163953996044,0.6562579506929954,18685,0
LOC_131,2024-01-01,SIKKIM,0.0016549748,0.0,LOW,0.6717327178071298,0.54,0.505625,0.35177692945178246,LOW PRIORITY,0.8718878163725536,9,0.5811954727164217,0.5338475821395441,27665,0
LOC_131,2024-02-01,SIKKIM,0.002250002,0.0,LOW,0.8246663113515884,0.54,0.6445833333333333,0.4108540778378971,LOW PRIORITY,0.7706686895747022,6,0.9288838510789624,0.7991127047526889,27665,0
LOC_131,2024-03-01,SIKKIM,0.0009921507,0.0,LOW,0.724030087055306,0.54,0.6602083333333333,0.3880387717638265,LOW PRIORITY,0.8583107043142708,13,0.644979752847972,0.8261632243923145,27665,0
LOC_131,2024-04-01,SIKKIM,0.05025289,0.06422018,LOW,0.8586218828304988,0.54,0.5422916666666666,0.4296872927076247,LOW PRIORITY,0.99242208260075,6,0.7285606074175004,0.9135048413037452,27665,0
LOC_131,2024-05-01,SIKKIM,0.018478712,0.03797468,LOW,0.6913310913871156,0.54,0.8664583333333333,0.42599139484677884,LOW PRIORITY,0.6382631391631365,9,0.6298789348395777,0.7971822915457479,27665,0
LOC_131,2024-06-01,SIKKIM,0.7494925,0.28735632,MEDIUM,0.8035542067071442,0.54,0.7793749999999999,0.540737329676786,MEDIUM PRIORITY,0.8354125489339174,10,0.8618400750037434,0.8502975362242493,27665,0
LOC_131,2024-07-01,SIKKIM,0.30203816,0.1780822,MEDIUM,0.6649625776646026,0.54,0.54125,0.4266610244161506,LOW PRIORITY,0.7765184024350348,9,0.5291182668444288,0.6542136413789473,27665,0
LOC_131,2024-08-01,SIKKIM,0.057631,0.06422018,LOW,0.7298816658711413,0.54,0.5770833333333334,0.40272098846778537,LOW PRIORITY,0.7249454044360839,7,0.6393628378401193,0.7885517545416956,27665,0
LOC_131,2024-09-01,SIKKIM,0.006130958,0.03797468,LOW,0.7529568467579366,0.54,0.6051041666666667,0.4021947086894842,LOW PRIORITY,0.7468221160671528,1,0.7382555037450649,0.5600831005528621,27665,0
LOC_131,2024-10-01,SIKKIM,0.0004993965,0.0,LOW,0.7327119226252852,0.54,0.6984375,0.39594360565632125,LOW PRIORITY,0.7823901515620217,4,0.5864628057814288,0.6953280664910234,27665,0
LOC_131,2024-11-01,SIKKIM,0.0043194126,0.013333334,LOW,0.8494105724474349,0.54,0.569375,0.41109222671185874,LOW PRIORITY,0.9931866822750252,4,0.6729909328184938,0.8647980080295538,27665,0
LOC_132,2024-01-01,ASSAM,0.0028893668,0.013333334,LOW,0.7610467960824848,0.34,0.8257291666666666,0.3874544076206212,LOW PRIORITY,0.7532812486785095,7,0.7721887579677204,0.7520505110170428,17725,0
LOC_132,2024-02-01,ASSAM,0.0007294129,0.0,LOW,0.7433045181911169,0.34,0.505625,0.3296698795477792,LOW PRIORITY,0.9208193171995552,1,0.5071523620481286,0.5785797268501167,17725,0
LOC_132,2024-03-01,ASSAM,0.00032703418,0.0,LOW,0.6092305645980907,0.34,0.65,0.31780764114952265,LOW PRIORITY,0.6210446366336729,13,0.5703913834756941,0.678819571616329,17725,0
LOC_132,2024-04-01,ASSAM,0.06962502,0.06422018,LOW,0.8805705089772672,0.34,0.89125,0.4475181992443168,LOW PRIORITY,0.9918004058341526,3,0.7658044774896234,0.8646771525852928,17725,0
LOC_132,2024-05-01,ASSAM,0.5035667,0.21008402,MEDIUM,0.8329849074273459,0.34,0.6357291666666667,0.4556392098568365,MEDIUM PRIORITY,0.6415095751458147,5,0.8598213411198863,0.9972753801103492,17725,0
LOC_132,2024-06-01,ASSAM,0.7608095,0.28735632,MEDIUM,0.6720119294431386,0.34,0.505625,0.42678926036078463,LOW PRIORITY,0.784371135919361,13,0.5407661011797722,0.7962438140067548,17725,0
LOC_132,2024-07-01,ASSAM,0.40351504,0.21008404,MEDIUM,0.8436680299782615,0.34,0.7105208333333333,0.46952874849456533,MEDIUM PRIORITY,0.846357312975462,2,0.9107039705628912,0.6842775030413593,17725,1
LOC_132,2024-08-01,ASSAM,0.39429033,0.21008402,MEDIUM,0.7439412550311821,0.34,0.8515625,0.46575329675779553,MEDIUM PRIORITY,0.7745770670198674,2,0.6433287178252591,0.6245259019462688,17725,0
LOC_132,2024-09-01,ASSAM,0.0017354931,0.0,LOW,0.7629043111176604,0.34,0.505625,0.33456982777941513,LOW PRIORITY,0.6719980385501022,8,0.6956850620711872,0.9506008105160187,17725,0
LOC_132,2024-10-01,ASSAM,0.0005772026,0.0,LOW,0.8090377793733475,0.34,0.6996875,0.37521256984333684,LOW PRIORITY,0.8373274587052246,8,0.9356479535176384,0.7298423719371936,17725,0
LOC_132,2024-11-01,ASSAM,0.0011141835,0.0,LOW,0.821760483122789,0.34,0.5901041666666667,0.3619557457806972,LOW PRIORITY,0.783254861695062,3,0.8116995805886089,0.7920874902074851,17725,0
LOC_133,2024-01-01,MEGHALAYA,0.0019617258,0.0,LOW,0.6900805344089764,0.565,0.526875,0.3645513836022441,LOW PRIORITY,0.7897139964043784,10,0.7131591907448884,0.5907822838199723,28529,0
LOC_133,2024-02-01,MEGHALAYA,0.0009890656,0.0,LOW,0.7103321344308003,0.565,0.775625,0.40692678360770007,LOW PRIORITY,0.6240006726797751,5,0.5188201189120173,0.8651744127980756,28529,0
LOC_133,2024-03-01,MEGHALAYA,0.0044219205,0.013333334,LOW,0.7426033780996443,0.565,0.505625,0.37982792812491106,LOW PRIORITY,0.9910739939649966,12,0.6149778379459009,0.7643616804876797,28529,0
LOC_133,2024-04-01,MEGHALAYA,0.08131472,0.11764705,MEDIUM,0.7143136285450604,0.565,0.9171875,0.4762153521362651,MEDIUM PRIORITY,0.6405208303463719,13,0.8451456805164049,0.8049213366507985,28529,0
LOC_133,2024-05-01,MEGHALAYA,0.45510873,0.21008404,MEDIUM,0.7641155880580589,0.565,0.505625,0.4639062630145147,MEDIUM PRIORITY,0.6849968295424398,1,0.9023098869069116,0.5024889691162175,28529,0
LOC_133,2024-06-01,MEGHALAYA,0.7468526,0.28735632,MEDIUM,0.8415759384546039,0.565,0.8,0.558336512613651,MEDIUM PRIORITY,0.9691438509129526,4,0.6518232077896734,0.8786700284491229,28529,0
LOC_133,2024-07-01,MEGHALAYA,0.5233061,0.21008404,MEDIUM,0.6788566741864543,0.565,0.5770833333333334,0.4533102845466136,MEDIUM PRIORITY,0.6750917854457852,13,0.6375154469270874,0.8361527977062779,28529,0
LOC_133,2024-08-01,MEGHALAYA,0.03443698,0.057142857,LOW,0.8588491108103148,0.565,0.505625,0.42641317050257865,LOW PRIORITY,0.7958811034331442,4,0.9950482289945756,0.7778004441468728,28529,0
LOC_133,2024-09-01,MEGHALAYA,0.010607037,0.037974678,LOW,0.7914963348985655,0.565,0.7733333333333333,0.44206395492464134,LOW PRIORITY,0.8450346330498724,1,0.8206990493929054,0.5335849904848173,28529,0
LOC_133,2024-10-01,MEGHALAYA,0.0003148012,0.0,LOW,0.656265660608293,0.565,0.5422916666666666,0.35841016515207325,LOW PRIORITY,0.7546242229621088,8,0.5801268459015163,0.5569782402362133,28529,0
LOC_133,2024-11-01,MEGHALAYA,0.002435605,0.0,LOW,0.72199852914794,0.565,0.6585416666666666,0.392280882286985,LOW PRIORITY,0.6284066556059518,8,0.8969395925084984,0.6293145351439765,28529,0
LOC_134,2024-01-01,TRIPURA,0.0014703976,0.0,LOW,0.7404542234718928,0.39,0.6055208333333333,0.35394168086797323,LOW PRIORITY,0.7558772315310459,4,0.8270442910287319,0.5122287046611265,20250,0
LOC_134,2024-02-01,TRIPURA,0.0018940215,0.0,LOW,0.8171023375527133,0.39,0.6051041666666667,0.37304120938817836,LOW PRIORITY,0.7566815894254801,7,0.9055384329233336,0.839522661195373,20250,0
LOC_134,2024-03-01,TRIPURA,0.002388878,0.0,LOW,0.6953804489669395,0.39,0.6327083333333333,0.34675136224173486,LOW PRIORITY,0.8279241605830601,8,0.6750013371453334,0.5452629648060311,20250,0
LOC_134,2024-04-01,TRIPURA,0.14997856,0.1707317,MEDIUM,0.688028850438714,0.39,0.555625,0.4016436426096785,LOW PRIORITY,0.6681502723689547,5,0.6195501862858235,0.6310816097667442,20250,0
LOC_134,2024-05-01,TRIPURA,0.44127297,0.21008405,MEDIUM,0.8531837691748367,0.39,0.9379166666666667,0.5160170622937092,MEDIUM PRIORITY,0.9518917003929164,5,0.6530131402921231,0.974496902680974,20250,0
LOC_134,2024-06-01,TRIPURA,0.33913168,0.19565219,MEDIUM,0.7492530304857588,0.39,0.505625,0.41941788362143967,LOW PRIORITY,0.7114388128915065,13,0.8534879851046586,0.8654186572802034,20250,0
LOC_134,2024-07-01,TRIPURA,0.14677313,0.1707317,MEDIUM,0.7848777074591113,0.39,0.505625,0.41835585686477783,LOW PRIORITY,0.7607092636154623,4,0.5702734535889197,0.9418614459653968,20250,0
LOC_134,2024-08-01,TRIPURA,0.306695,0.1780822,MEDIUM,0.760881777881158,0.39,0.9240625,0.47806269947028945,MEDIUM PRIORITY,0.8908788138626308,11,0.8013036445348638,0.7180113197938043,20250,0
LOC_134,2024-09-01,TRIPURA,0.0009732841,0.0,LOW,0.7808542304166122,0.39,0.505625,0.34905730760415304,LOW PRIORITY,0.8448693078315748,9,0.9503648392683256,0.6281827745665485,20250,0
LOC_134,2024-10-01,TRIPURA,0.00060192886,0.0,LOW,0.7525238040127268,0.39,0.505625,0.3419747010031817,LOW PRIORITY,0.6401250051941804,1,0.7997468644288591,0.6035566797612009,20250,0
LOC_134,2024-11-01,TRIPURA,0.0007784995,0.0,LOW,0.829224807880357,0.39,0.7558333333333334,0.39868120197008927,LOW PRIORITY,0.8467932648267438,1,0.6592774600246605,0.844161840003357,20250,0
LOC_135,2024-01-01,MANIPUR,0.0069058393,0.037974678,LOW,0.782059248676326,0.24,0.5770833333333334,0.3452671833690815,LOW PRIORITY,0.8207468832038823,13,0.9508352046698508,0.7899882401649048,12046,0
LOC_135,2024-02-01,MANIPUR,0.0025974854,0.013333334,LOW,0.770001351432734,0.24,0.6241666666666666,0.3394586714581835,LOW PRIORITY,0.9051424723739954,6,0.7296074770368861,0.645255456320054,12046,0
LOC_135,2024-03-01,MANIPUR,0.0027946888,0.013333334,LOW,0.6431216917151724,0.24,0.8191666666666666,0.3369887565287931,LOW PRIORITY,0.6941460631389749,12,0.6495812624541057,0.6287594412676089,12046,0
LOC_135,2024-04-01,MANIPUR,0.6320725,0.26530612,MEDIUM,0.9143814277378421,0.24,0.505625,0.4585615549344605,MEDIUM PRIORITY,0.9682039716769238,5,0.9036997997890166,0.9522886061520944,12046,0
LOC_135,2024-05-01,MANIPUR,0.41099474,0.21008405,MEDIUM,0.7767466204339994,0.24,0.65,0.42372027510849986,LOW PRIORITY,0.8387471048379816,6,0.8693446074014086,0.5988947694966074,12046,0
LOC_135,2024-06-01,MANIPUR,0.14156047,0.17073171,MEDIUM,0.6747169461196286,0.24,0.7176041666666666,0.39261254552990715,LOW PRIORITY,0.8576144571016152,11,0.6943327826978916,0.5135872113456748,12046,1
LOC_135,2024-07-01,MANIPUR,0.7220379,0.28735632,MEDIUM,0.7310397530977452,0.24,0.753125,0.4586712162744363,MEDIUM PRIORITY,0.605506482530869,3,0.7985326129113022,0.6201199169488096,12046,0
LOC_135,2024-08-01,MANIPUR,0.13055165,0.125,MEDIUM,0.6677845588218738,0.24,0.505625,0.3407898897054684,LOW PRIORITY,0.9418219180408018,12,0.5577800125174253,0.5715363047292682,12046,0
LOC_135,2024-09-01,MANIPUR,0.014613644,0.037974678,LOW,0.669270654263426,0.24,0.505625,0.3063512847658565,LOW PRIORITY,0.7475172305257374,5,0.5214007464902579,0.5748313067043752,12046,0
LOC_135,2024-10-01,MANIPUR,0.0036325888,0.013333334,LOW,0.6904380933389362,0.24,0.5770833333333334,0.312505356934734,LOW PRIORITY,0.7464297176098375,8,0.6321518636856305,0.6498374587269435,12046,0
LOC_135,2024-11-01,MANIPUR,0.0003614148,0.0,LOW,0.7157327006388927,0.24,0.505625,0.30277692515972315,LOW PRIORITY,0.6262709387360447,6,0.5313923552084413,0.9052675086110852,12046,0
LOC_136,2024-01-01,NAGALAND,0.0028218627,0.013333334,LOW,0.7886133097004095,0.825,0.6327083333333333,0.4623929110251024,MEDIUM PRIORITY,0.8485100817670442,2,0.6456699429412732,0.7269398807599876,41483,0
LOC_136,2024-02-01,NAGALAND,0.003381245,0.013333334,LOW,0.7276857020437476,0.825,0.6485416666666667,0.4495360091109369,LOW PRIORITY,0.6669210794136208,5,0.536000389617648,0.8744880058103879,41483,0
LOC_136,2024-03-01,NAGALAND,0.0007943204,0.0,LOW,0.8783819301405199,0.825,0.5770833333333334,0.47115798253512997,MEDIUM PRIORITY,0.9668006100136048,11,0.9784251887806684,0.9349685884344732,41483,0
LOC_136,2024-04-01,NAGALAND,0.5479977,0.2352941,MEDIUM,0.8197190880560659,0.825,0.6704166666666667,0.5646099120140164,MEDIUM PRIORITY,0.945222023170712,10,0.7059337862940532,0.9610538760928315,41483,0
LOC_136,2024-05-01,NAGALAND,0.8661094,0.3043478,MEDIUM,0.7153305473469379,0.825,0.6185416666666667,0.5583530068367345,MEDIUM PRIORITY,0.977027608974618,12,0.6392761938362849,0.6450183865768486,41483,0
LOC_136,2024-06-01,NAGALAND,0.7579744,0.28735632,MEDIUM,0.7643915016244194,0.825,0.6902083333333333,0.5745716534061048,MEDIUM PRIORITY,0.9014367943799416,10,0.769491255604762,0.7199712898463071,41483,0
LOC_136,2024-07-01,NAGALAND,0.40386495,0.21008405,MEDIUM,0.7810879023017293,0.825,0.8807291666666667,0.5764149705754323,MEDIUM PRIORITY,0.6053308114409743,4,0.9648957161611758,0.6874584149381007,41483,0
LOC_136,2024-08-01,NAGALAND,0.030622805,0.057142857,LOW,0.7690372174311011,0.825,0.5138541666666667,0.45719457215777526,MEDIUM PRIORITY,0.901891026032836,10,0.5874200421635299,0.920171134861372,41483,0
LOC_136,2024-09-01,NAGALAND,0.006957747,0.037974678,LOW,0.7833792557089352,0.825,0.505625,0.4518784351272338,MEDIUM PRIORITY,0.7141704603166743,2,0.6216954442210327,0.8643177849647,41483,0
LOC_136,2024-10-01,NAGALAND,0.00083978276,0.0,LOW,0.8202979969029804,0.825,0.7558333333333334,0.4834494992257451,MEDIUM PRIORITY,0.882185790136613,6,0.9721307586501388,0.6268754388251696,41483,0
LOC_136,2024-11-01,NAGALAND,0.0008126992,0.0,LOW,0.7807401386341917,0.825,0.505625,0.4360287846585479,LOW PRIORITY,0.822844073421128,10,0.6931922989080966,0.9402575155408754,41483,0
LOC_137,2024-01-01,MANIPUR,0.0006387721,0.0,LOW,0.8244835877136276,0.675,0.5422916666666666,0.4224646469284069,LOW PRIORITY,0.7033145838891655,6,0.8496715256497378,0.9449482413156076,33921,0
LOC_137,2024-02-01,MANIPUR,0.0012070588,0.0,LOW,0.7539664296192798,0.675,0.8194791666666666,0.44641348240481993,LOW PRIORITY,0.9700539272477596,7,0.5102190171948262,0.7689261073678668,33921,0
LOC_137,2024-03-01,MANIPUR,0.0065686097,0.03797468,LOW,0.5644517286444051,0.675,0.505625,0.36714655416110126,LOW PRIORITY,0.6368187557436387,12,0.5208442499387811,0.5001439088952007,33921,0
LOC_137,2024-04-01,MANIPUR,0.11002058,0.11764705,MEDIUM,0.7419097982201297,0.675,0.7813541666666667,0.48473939455503245,MEDIUM PRIORITY,0.8289342298714039,13,0.7191703385973598,0.8528679577450884,33921,0
LOC_137,2024-05-01,MANIPUR,0.40550667,0.21008404,MEDIUM,0.8048573779950291,0.675,0.725,0.5289979604987572,MEDIUM PRIORITY,0.6392743588151323,7,0.965392689932186,0.8480957965661315,33921,0
LOC_137,2024-06-01,MANIPUR,0.45095494,0.21008402,MEDIUM,0.8275133238700676,0.675,0.505625,0.5017556889675169,MEDIUM PRIORITY,0.83048590577897,8,0.9092761378974524,0.8369579184705145,33921,0
LOC_137,2024-07-01,MANIPUR,0.09455765,0.11764706,MEDIUM,0.8068290325294011,0.675,0.665625,0.4836098321323503,MEDIUM PRIORITY,0.9688743234717964,5,0.5839701817803203,0.8411382915321544,33921,0
LOC_137,2024-08-01,MANIPUR,0.19941756,0.1780822,MEDIUM,0.8106786434700959,0.675,0.6217708333333334,0.502168165867524,MEDIUM PRIORITY,0.8760611457650203,8,0.6985531254635249,0.9347669693185048,33921,0
LOC_137,2024-09-01,MANIPUR,0.006499865,0.037974674,LOW,0.7821408475895508,0.675,0.6051041666666667,0.4364907064973877,LOW PRIORITY,0.8144734896813512,2,0.801250885788588,0.5795056815549309,33921,0
LOC_137,2024-10-01,MANIPUR,0.0015553375,0.0,LOW,0.748371177689207,0.675,0.505625,0.39793654442230175,LOW PRIORITY,0.8001585550334772,10,0.8181377608316629,0.7085217282250207,33921,0
LOC_137,2024-11-01,MANIPUR,0.000297485,0.0,LOW,0.7424842425316464,0.675,0.7511458333333334,0.4332929356329116,LOW PRIORITY,0.6541427755173165,5,0.8833645095838307,0.5990963516921048,33921,0
LOC_138,2024-01-01,MIZORAM,0.0010486341,0.0,LOW,0.7497905624179435,0.29,0.505625,0.32129139060448586,LOW PRIORITY,0.9829607483468004,11,0.7746843897789082,0.6081837782127322,14350,0
LOC_138,2024-02-01,MIZORAM,0.0017935366,0.0,LOW,0.8188427320350811,0.29,0.5606249999999999,0.34680443300877023,LOW PRIORITY,0.9012432866000254,1,0.8112216805380976,0.5962392943355345,14350,0
LOC_138,2024-03-01,MIZORAM,0.005385883,0.013333334,LOW,0.8742152754543843,0.29,0.5217708333333333,0.3601527774635961,LOW PRIORITY,0.930626547511036,4,0.837824685380443,0.8617432022593916,14350,0
LOC_138,2024-04-01,MIZORAM,0.094774455,0.11764707,MEDIUM,0.7773749697265834,0.29,0.7688541666666666,0.41473069543164587,LOW PRIORITY,0.6235261909644533,4,0.9924840783979416,0.6268229428772722,14350,0
LOC_138,2024-05-01,MIZORAM,0.088234015,0.11764706,MEDIUM,0.8095250122299493,0.29,0.70375,0.41300257705748733,LOW PRIORITY,0.6784302793154313,5,0.950762930225734,0.7755735060452986,14350,0
LOC_138,2024-06-01,MIZORAM,0.08628445,0.11764707,MEDIUM,0.7721511325870347,0.29,0.505625,0.37394036114675866,LOW PRIORITY,0.958596698972076,8,0.7914786680715378,0.6051958299711919,14350,0
LOC_138,2024-07-01,MIZORAM,0.37648666,0.2,MEDIUM,0.7441794980138647,0.29,0.6485416666666667,0.4213261245034662,LOW PRIORITY,0.6903432025450917,1,0.6350815854659003,0.6846265373778,14350,0
LOC_138,2024-08-01,MIZORAM,0.28874764,0.1780822,MEDIUM,0.6955684378662217,0.29,0.8083333333333333,0.4243749894665554,LOW PRIORITY,0.7294221680401157,5,0.7042290086010691,0.5152892414903687,14350,0
LOC_138,2024-09-01,MIZORAM,0.00013543281,0.0,LOW,0.6378618966089171,0.29,0.6134375,0.30948109915222927,LOW PRIORITY,0.6403386962753108,4,0.5306211839012346,0.5138210395924567,14350,0
LOC_138,2024-10-01,MIZORAM,0.00051717384,0.0,LOW,0.7852332406082592,0.29,0.5422916666666666,0.3356520601520648,LOW PRIORITY,0.8368373183131769,6,0.5473144576283324,0.956781186491527,14350,0
LOC_138,2024-11-01,MIZORAM,0.0006168599,0.0,LOW,0.7357523771518961,0.29,0.505625,0.317781844287974,LOW PRIORITY,0.7138729969206559,6,0.6027053634992372,0.8264311481876911,14350,0
LOC_139,2024-01-01,NAGALAND,0.002177063,0.0,LOW,0.6887340808496193,0.085,0.7765625,0.3056678952124048,LOW PRIORITY,0.8028948244883141,4,0.5637249963569537,0.5216498358865427,5090,0
LOC_139,2024-02-01,NAGALAND,0.0027703384,0.013333334,LOW,0.7735626771811407,0.085,0.5452083333333333,0.2975052528952851,LOW PRIORITY,0.7843735285279976,8,0.6911994058512668,0.8853444410119651,5090,0
LOC_139,2024-03-01,NAGALAND,0.0032208047,0.013333334,LOW,0.8677207207191794,0.085,0.505625,0.3151072637797948,LOW PRIORITY,0.8825887914542556,3,0.7596440993890532,0.928649992033409,5090,0
LOC_139,2024-04-01,NAGALAND,0.0784111,0.06422018,LOW,0.7240201535327645,0.085,0.5926041666666666,0.3125837353831911,LOW PRIORITY,0.939855004885609,4,0.5256008626703195,0.5639580799084629,5090,0
LOC_139,2024-05-01,NAGALAND,0.20335606,0.1780822,MEDIUM,0.8298159127972979,0.085,0.7254166666666666,0.4044993581993245,LOW PRIORITY,0.9825587920476788,4,0.959767841124332,0.5102703513505142,5090,0
LOC_139,2024-06-01,NAGALAND,0.29435235,0.1780822,MEDIUM,0.8808273796627495,0.085,0.7105208333333333,0.41501784991568735,LOW PRIORITY,0.824488884895177,7,0.9591671479439008,0.9729868191452536,5090,0
LOC_139,2024-07-01,NAGALAND,0.5150991,0.21008405,MEDIUM,0.6776512659878766,0.085,0.505625,0.3462901864969692,LOW PRIORITY,0.6388146687000534,2,0.5417286170904257,0.5967284448276939,5090,1
LOC_139,2024-08-01,NAGALAND,0.14339404,0.17073172,MEDIUM,0.8296494239980506,0.085,0.8857291666666667,0.4255644189995127,LOW PRIORITY,0.8255014296642598,4,0.6697832957990415,0.9566463038622344,5090,1
LOC_139,2024-09-01,NAGALAND,0.0011996605,0.0,LOW,0.8556377486754159,0.085,0.6051041666666667,0.321675062168854,LOW PRIORITY,0.8365821641565003,7,0.9610384174307324,0.8582637464477643,5090,1
LOC_139,2024-10-01,NAGALAND,0.0047592116,0.013333333,LOW,0.6993879024779068,0.085,0.8359375,0.32257093381947677,LOW PRIORITY,0.6739472508183179,4,0.5874643780925198,0.6694733143341227,5090,0
LOC_139,2024-11-01,NAGALAND,0.001844185,0.0,LOW,0.8220455616294754,0.085,0.505625,0.2983551404073688,LOW PRIORITY,0.9339445976237006,3,0.7215613118677715,0.7326763370264295,5090,0
LOC_140,2024-01-01,MEGHALAYA,0.002197227,0.0,LOW,0.7190875942901571,0.105,0.7203125,0.3088187735725393,LOW PRIORITY,0.7990952408366454,9,0.7738242541942999,0.6034308821296828,6895,0
LOC_140,2024-02-01,MEGHALAYA,0.00066632277,0.0,LOW,0.9327229732927913,0.105,0.505625,0.33002449332319783,LOW PRIORITY,0.8286089647196988,2,0.9690920393490858,0.999857555769047,6895,0
LOC_140,2024-03-01,MEGHALAYA,0.0016310697,0.0,LOW,0.7659072176577928,0.105,0.7078125,0.3186486794144482,LOW PRIORITY,0.9877968981887892,13,0.7371079264175872,0.7720573793581278,6895,0
LOC_140,2024-04-01,MEGHALAYA,0.039489906,0.06422018,LOW,0.7652201912733361,0.105,0.8692708333333333,0.368383744818334,LOW PRIORITY,0.8687821253137462,5,0.7423588669939643,0.6164064394523002,6895,0
LOC_140,2024-05-01,MEGHALAYA,0.26750615,0.1780822,MEDIUM,0.7377754133164649,0.105,0.6301041666666667,0.37119235832911623,LOW PRIORITY,0.7332328475089439,8,0.8614635561181949,0.6230719163053875,6895,0
LOC_140,2024-06-01,MEGHALAYA,0.35844097,0.19565219,MEDIUM,0.7423387210724508,0.105,0.9002083333333333,0.4198768062681127,LOW PRIORITY,0.9636593298918052,6,0.6934735941375865,0.5122219602604112,6895,0
LOC_140,2024-07-01,MEGHALAYA,0.966205,1.0,HIGH,0.6842276465618472,0.105,0.505625,0.6679006616404618,HIGH PRIORITY,0.7296841832819754,7,0.6462578865984547,0.594301849700292,6895,1
LOC_140,2024-08-01,MEGHALAYA,0.10824968,0.11764705,MEDIUM,0.7173184475280997,0.105,0.7311458333333334,0.35706030688202495,LOW PRIORITY,0.8669135800533143,4,0.543283174529144,0.5924103688632738,6895,0
LOC_140,2024-09-01,MEGHALAYA,0.013480534,0.037974678,LOW,0.8670628124209547,0.105,0.7269791666666667,0.36200244930523867,LOW PRIORITY,0.9292351867151468,8,0.8998550954710338,0.9058276341643048,6895,0
LOC_140,2024-10-01,MEGHALAYA,0.002356615,0.0,LOW,0.8151240758453078,0.105,0.505625,0.30062476896132695,LOW PRIORITY,0.925984353581674,1,0.5611134608139603,0.8067318223189298,6895,0
LOC_140,2024-11-01,MEGHALAYA,0.0008865982,0.0,LOW,0.8073321535496722,0.105,0.5441666666666667,0.30445803838741803,LOW PRIORITY,0.766061439102887,2,0.7588515795719653,0.7710822621905034,6895,0
LOC_141,2024-01-01,TRIPURA,0.004254163,0.013333334,LOW,0.7519216018216609,0.26,0.8060416666666667,0.3662199840554152,LOW PRIORITY,0.708295658217261,5,0.5671852196045186,0.8988721961315302,12918,0
LOC_141,2024-02-01,TRIPURA,0.00052484794,0.0,LOW,0.8369351460638823,0.26,0.505625,0.33707753651597055,LOW PRIORITY,0.9756382685596858,5,0.6532692192095277,0.8854997631529822,12918,0
LOC_141,2024-03-01,TRIPURA,0.002298231,0.0,LOW,0.7970384235546109,0.26,0.7176041666666666,0.3589002308886527,LOW PRIORITY,0.7654728067177398,6,0.7403518760103921,0.8823290114903118,12918,0
LOC_141,2024-04-01,TRIPURA,0.059229963,0.06422018,LOW,0.8604197689136628,0.26,0.6644791666666667,0.3924648892284157,LOW PRIORITY,0.7321928346266346,3,0.8728605689818654,0.9366256720461512,12918,0
LOC_141,2024-05-01,TRIPURA,0.22704409,0.1780822,MEDIUM,0.7615492933983207,0.26,0.505625,0.3894639533495801,LOW PRIORITY,0.6649894421358817,4,0.8232024687493181,0.6913385960414163,12918,0
LOC_141,2024-06-01,TRIPURA,0.5868765,0.26530612,MEDIUM,0.8977058587316158,0.26,0.7576041666666666,0.4961895376829039,MEDIUM PRIORITY,0.96267670380618,3,0.7797995186335629,0.9483472124867202,12918,0
LOC_141,2024-07-01,TRIPURA,0.5916291,0.26530612,MEDIUM,0.7114005908419312,0.26,0.7288541666666666,0.44530072071048277,LOW PRIORITY,0.7780416430267934,13,0.546490916585012,0.9544031370892524,12918,0
LOC_141,2024-08-01,TRIPURA,0.26963553,0.1780822,MEDIUM,0.8194395499071983,0.26,0.5770833333333334,0.41465526747679954,LOW PRIORITY,0.6406997378440413,4,0.899808206512409,0.8705835886056762,12918,0
LOC_141,2024-09-01,TRIPURA,0.0035362123,0.013333334,LOW,0.8637665016255789,0.26,0.7419791666666666,0.3845718340063947,LOW PRIORITY,0.8917042135864433,9,0.8879710926534787,0.9753907002623936,12918,0
LOC_141,2024-10-01,TRIPURA,0.0005917591,0.0,LOW,0.7537024118952178,0.26,0.65,0.3379256029738045,LOW PRIORITY,0.691788097975753,10,0.8985469273394537,0.7578079555989973,12918,0
LOC_141,2024-11-01,TRIPURA,0.00040169831,0.0,LOW,0.732550854579666,0.26,0.505625,0.31098146364491647,LOW PRIORITY,0.8342922516250963,3,0.6886773979281806,0.5072337687653868,12918,0
LOC_142,2024-01-01,TRIPURA,0.003926033,0.013333334,LOW,0.8240038931959425,0.395,0.5141666666666667,0.36745930689898565,LOW PRIORITY,0.9347185144913264,12,0.9906864597836356,0.7706105985088081,20541,0
LOC_142,2024-02-01,TRIPURA,0.001472252,0.0,LOW,0.6926402112885053,0.395,0.615625,0.34450380282212634,LOW PRIORITY,0.6549354431540865,8,0.6979346520131307,0.6843574166534709,20541,0
LOC_142,2024-03-01,TRIPURA,0.0008409037,0.0,LOW,0.8542750725897009,0.395,0.5922916666666667,0.3814125181474253,LOW PRIORITY,0.9516669758370432,8,0.761666279902004,0.9704337012864231,20541,0
LOC_142,2024-04-01,TRIPURA,0.06306558,0.06422018,LOW,0.7904246710699088,0.395,0.7359374999999999,0.4126848647674772,LOW PRIORITY,0.7636142348374777,6,0.6010065754106173,0.9970778740315404,20541,0
LOC_142,2024-05-01,TRIPURA,0.6246192,0.26530612,MEDIUM,0.7596908790621694,0.395,0.5770833333333334,0.46160766776554235,MEDIUM PRIORITY,0.829886124290714,4,0.5532844569711932,0.7889262683201037,20541,0
LOC_142,2024-06-01,TRIPURA,0.7368655,0.28735632,MEDIUM,0.7930423251438798,0.395,0.6582291666666666,0.49093748428596995,MEDIUM PRIORITY,0.8346391919407801,4,0.5884309894665749,0.8824324525014978,20541,0
LOC_142,2024-07-01,TRIPURA,0.22621149,0.1780822,MEDIUM,0.6580573694897831,0.395,0.8529166666666668,0.4426847223724458,LOW PRIORITY,0.6180146145971035,8,0.5075844246662389,0.7732971053624569,20541,0
LOC_142,2024-08-01,TRIPURA,0.28115705,0.1780822,MEDIUM,0.8570699987278483,0.395,0.505625,0.44034412968196207,LOW PRIORITY,0.9579085109093692,2,0.8094615647105832,0.7275765859581071,20541,0
LOC_142,2024-09-01,TRIPURA,0.0032676607,0.013333334,LOW,0.7888143843819351,0.395,0.505625,0.35738067969548376,LOW PRIORITY,0.6191050952493113,4,0.7708264146950712,0.8986593609166912,20541,0
LOC_142,2024-10-01,TRIPURA,0.0015889367,0.0,LOW,0.7297857230853919,0.395,0.505625,0.337290180771348,LOW PRIORITY,0.6954280091902258,10,0.9325146963955692,0.6245335200891058,20541,0
LOC_142,2024-11-01,TRIPURA,0.00019800948,0.0,LOW,0.9346798300740402,0.395,0.6189583333333333,0.40551370751851007,LOW PRIORITY,0.9960710636771052,2,0.9456696570754136,0.8636452662103086,20541,0
LOC_143,2024-01-01,TRIPURA,0.00048714195,0.0,LOW,0.7151867399872129,0.695,0.7486458333333333,0.43009355999680327,LOW PRIORITY,0.7160701818322444,1,0.5526480108304532,0.6253621006194874,35268,0
LOC_143,2024-02-01,TRIPURA,0.0010342549,0.0,LOW,0.7713181004963312,0.695,0.686875,0.43486077512408283,LOW PRIORITY,0.7921042079151064,10,0.8310947804081115,0.7954067469954405,35268,0
LOC_143,2024-03-01,TRIPURA,0.010849303,0.037974678,LOW,0.7193603649166183,0.695,0.6984375,0.4387955874291546,LOW PRIORITY,0.6301396654869165,2,0.7977362367883143,0.5162322240579086,35268,0
LOC_143,2024-04-01,TRIPURA,0.0968336,0.11764705,MEDIUM,0.7162790684392968,0.695,0.6442708333333333,0.4617692121098242,MEDIUM PRIORITY,0.7247907746723699,10,0.8194259329152334,0.654232899502917,35268,0
LOC_143,2024-05-01,TRIPURA,0.80004764,0.3043478,MEDIUM,0.7324409255072865,0.695,0.5422916666666666,0.5251931013768216,MEDIUM PRIORITY,0.6527165045195576,5,0.8033019271986187,0.6404119369776358,35268,0
LOC_143,2024-06-01,TRIPURA,0.10391339,0.11764706,MEDIUM,0.7928606339961669,0.695,0.9467708333333333,0.5262896074990417,MEDIUM PRIORITY,0.7029501845871562,5,0.8572316014271723,0.777927416637006,35268,1
LOC_143,2024-07-01,TRIPURA,0.71414095,0.28735632,MEDIUM,0.7313760843651895,0.695,0.859375,0.5656927990912973,MEDIUM PRIORITY,0.6748818425791081,10,0.8848981451623164,0.6990576830526672,35268,0
LOC_143,2024-08-01,TRIPURA,0.1360223,0.17073171,MEDIUM,0.7359019585884532,0.695,0.505625,0.4671119236471133,MEDIUM PRIORITY,0.8723822298755903,7,0.7316755388669258,0.57288339894463,35268,1
LOC_143,2024-09-01,TRIPURA,0.0042007775,0.013333334,LOW,0.8241344503730426,0.695,0.7317708333333333,0.46013257119326056,MEDIUM PRIORITY,0.7176084475379149,2,0.6877733937929716,0.9578226268279504,35268,0
LOC_143,2024-10-01,TRIPURA,0.0006925592,0.0,LOW,0.6236649712440161,0.695,0.505625,0.370759992811004,LOW PRIORITY,0.797715622471232,13,0.6130472397704172,0.5172303560677481,35268,0
LOC_143,2024-11-01,TRIPURA,0.00083501264,0.0,LOW,0.8428068806768538,0.695,0.7634375,0.4642173451692134,MEDIUM PRIORITY,0.8647154412070479,2,0.6630483439955179,0.910130404171516,35268,0
LOC_144,2024-01-01,ASSAM,0.0006055835,0.0,LOW,0.7834638884664556,0.73,0.6129166666666667,0.4338034721166139,LOW PRIORITY,0.8003257133246792,7,0.8250214160682666,0.7418417578062102,36435,0
LOC_144,2024-02-01,ASSAM,0.0023984998,0.0,LOW,0.7955030666280843,0.73,0.6292708333333333,0.4392663916570211,LOW PRIORITY,0.8496123120002583,8,0.6035747459360536,0.995491875242692,36435,0
LOC_144,2024-03-01,ASSAM,0.0003197994,0.0,LOW,0.7136550983236785,0.73,0.505625,0.40025752458091957,LOW PRIORITY,0.6975809048883368,9,0.6490784322005292,0.8079610562058479,36435,0
LOC_144,2024-04-01,ASSAM,0.654744,0.28735632,MEDIUM,0.7701785238804061,0.73,0.6405208333333333,0.5495652839701015,MEDIUM PRIORITY,0.6295596523249419,1,0.8746852572949961,0.6098025192350197,36435,0
LOC_144,2024-05-01,ASSAM,0.10817621,0.11764706,MEDIUM,0.7924823868823332,0.73,0.8341666666666667,0.5163044207205834,MEDIUM PRIORITY,0.7281856843616763,3,0.6349548927178856,0.9067889704497708,36435,0
LOC_144,2024-06-01,ASSAM,0.72970605,0.28735632,MEDIUM,0.8418059947300909,0.73,0.505625,0.5472377766825227,MEDIUM PRIORITY,0.9257833913249598,6,0.7424365962971032,0.8990039912983006,36435,0
LOC_144,2024-07-01,ASSAM,0.24654475,0.1780822,MEDIUM,0.6710357562815981,0.73,0.505625,0.46083556907039946,MEDIUM PRIORITY,0.7350507318939002,4,0.5665544353201404,0.5158711912456848,36435,0
LOC_144,2024-08-01,ASSAM,0.5420042,0.23529412,MEDIUM,0.8367880493713433,0.73,0.7940625,0.5684240353428358,MEDIUM PRIORITY,0.8263639646883254,7,0.8566506076737016,0.8974709584566793,36435,0
LOC_144,2024-09-01,ASSAM,0.012675108,0.037974678,LOW,0.8386850603635508,0.73,0.505625,0.44670488629088767,LOW PRIORITY,0.7649842195680888,4,0.8996437167634135,0.8234456384560345,36435,0
LOC_144,2024-10-01,ASSAM,0.007712908,0.037974678,LOW,0.8223745566840714,0.73,0.6788541666666666,0.46861163537101785,MEDIUM PRIORITY,0.9528878799681,13,0.9545565154543828,0.8153871646471365,36435,0
LOC_144,2024-11-01,ASSAM,0.0003930488,0.0,LOW,0.7187643972011231,0.73,0.7045833333333333,0.4313785993002807,LOW PRIORITY,0.6351174370021765,6,0.8541265195404166,0.5858136322618992,36435,0
LOC_145,2024-01-01,SIKKIM,0.0015615158,0.0,LOW,0.6847792267011609,0.585,0.5894791666666667,0.37661668167529017,LOW PRIORITY,0.7595487108665679,5,0.5273557487734388,0.6188791138313035,29535,0
LOC_145,2024-02-01,SIKKIM,0.0008455149,0.0,LOW,0.745086979634978,0.585,0.505625,0.3791154949087445,LOW PRIORITY,0.7794727807574284,11,0.800379670951681,0.7671621334974692,29535,0
LOC_145,2024-03-01,SIKKIM,0.0101019,0.03797468,LOW,0.6876433666983737,0.585,0.660625,0.4031944636745934,LOW PRIORITY,0.7711323579678775,10,0.5022087271742162,0.8105657149847343,29535,0
LOC_145,2024-04-01,SIKKIM,0.108448826,0.11764707,MEDIUM,0.7249028727936722,0.585,0.7844791666666666,0.462956421198418,MEDIUM PRIORITY,0.7269817875851479,6,0.5869188601577302,0.785710843431811,29535,0
LOC_145,2024-05-01,SIKKIM,0.12846717,0.125,MEDIUM,0.8038240781553834,0.585,0.5422916666666666,0.4492997695388458,LOW PRIORITY,0.9007394160019896,6,0.8970793749656282,0.6174775216539153,29535,1
LOC_145,2024-06-01,SIKKIM,0.5159147,0.21008404,MEDIUM,0.8297926638717212,0.585,0.7801041666666667,0.5254974069679302,MEDIUM PRIORITY,0.6549953286105045,6,0.9101632616938552,0.954012065182525,29535,1
LOC_145,2024-07-01,SIKKIM,0.83082,0.3043478,MEDIUM,0.7770060337079064,0.585,0.8854166666666667,0.5658031284269767,MEDIUM PRIORITY,0.9538102272821016,11,0.5458666541082664,0.9750139201079244,29535,0
LOC_145,2024-08-01,SIKKIM,0.15258525,0.17073171,MEDIUM,0.7713795082613315,0.585,0.505625,0.45398131106533285,MEDIUM PRIORITY,0.6578151558257829,13,0.8643947087461936,0.9966415018066834,29535,0
LOC_145,2024-09-01,SIKKIM,0.0015009107,0.0,LOW,0.9087948231108561,0.585,0.9014583333333334,0.47941745577771405,MEDIUM PRIORITY,0.9430930270857666,5,0.9701860914070184,0.8885668406173061,29535,0
LOC_145,2024-10-01,SIKKIM,0.0027602043,0.013333334,LOW,0.8066340436471571,0.585,0.505625,0.39983559451178924,LOW PRIORITY,0.9477188395815704,12,0.7768546375683616,0.9019626974386962,29535,0
LOC_145,2024-11-01,SIKKIM,0.00042007773,0.0,LOW,0.9225839604961055,0.585,0.6327083333333333,0.4425522401240264,LOW PRIORITY,0.933495152622616,4,0.9047149069789572,0.9854591157161822,29535,0
LOC_146,2024-01-01,TRIPURA,0.002084217,0.0,LOW,0.7187563996587679,0.92,0.6527083333333333,0.461595349914692,MEDIUM PRIORITY,0.850342340711228,12,0.7954024015755676,0.6292808563482757,45481,0
LOC_146,2024-02-01,TRIPURA,0.0019411811,0.0,LOW,0.741421262459212,0.92,0.54125,0.450542815614803,MEDIUM PRIORITY,0.9228775090469068,8,0.7377853413876294,0.5716888660689787,45481,0
LOC_146,2024-03-01,TRIPURA,0.0013441291,0.0,LOW,0.7747168662409094,0.92,0.7045833333333333,0.4833667165602274,MEDIUM PRIORITY,0.8730580793463317,9,0.7983309678664561,0.7274784177508501,45481,0
LOC_146,2024-04-01,TRIPURA,0.25085607,0.1780822,MEDIUM,0.757370874140084,0.92,0.6782291666666667,0.5463099735350211,MEDIUM PRIORITY,0.8380484739416527,13,0.9197540929085202,0.7050142630434967,45481,0
LOC_146,2024-05-01,TRIPURA,0.09535987,0.11764705,MEDIUM,0.722289976926968,0.92,0.65,0.5091313142317421,MEDIUM PRIORITY,0.8967346768895912,10,0.7988910539650922,0.5268675101865218,45481,0
LOC_146,2024-06-01,TRIPURA,0.042773563,0.06422018,LOW,0.7429229148231455,0.92,0.505625,0.4712625507057864,MEDIUM PRIORITY,0.6516244464403311,6,0.7826546237777987,0.7374125890744523,45481,0
LOC_146,2024-07-01,TRIPURA,0.17828931,0.1780822,MEDIUM,0.8898324569035678,0.92,0.6998958333333334,0.582675369225892,MEDIUM PRIORITY,0.9779860906066616,1,0.9128998880457586,0.7017771822951843,45481,1
LOC_146,2024-08-01,TRIPURA,0.08814771,0.11764706,MEDIUM,0.7818598615748587,0.92,0.9642708333333334,0.5711644143937147,MEDIUM PRIORITY,0.9610514328646836,10,0.8269939677161142,0.67272737905197,45481,0
LOC_146,2024-09-01,TRIPURA,0.00066206866,0.0,LOW,0.8863884357815025,0.92,0.505625,0.48144085894537564,MEDIUM PRIORITY,0.9551963835991822,3,0.9877227871526484,0.7026345723741791,45481,0
LOC_146,2024-10-01,TRIPURA,0.0004887154,0.0,LOW,0.7225428891467788,0.92,0.505625,0.4404794722866947,LOW PRIORITY,0.6586095453059918,8,0.9043493971554064,0.5938792807923834,45481,0
LOC_146,2024-11-01,TRIPURA,0.00044051974,0.0,LOW,0.665943881973018,0.92,0.665625,0.45032972049325454,MEDIUM PRIORITY,0.7382159087697296,6,0.5013059726977399,0.6242536464246025,45481,0
LOC_147,2024-01-01,MIZORAM,0.007660073,0.037974678,LOW,0.8150633367998803,0.64,0.505625,0.4227994553999701,LOW PRIORITY,0.9933446457480144,3,0.753399617498991,0.6135090839525159,31586,0
LOC_147,2024-02-01,MIZORAM,0.0004600708,0.0,LOW,0.6266681771179656,0.64,0.5514583333333334,0.3673857942794914,LOW PRIORITY,0.761780928364618,10,0.5691815124953552,0.5090436009452227,31586,0
LOC_147,2024-03-01,MIZORAM,0.0033679728,0.013333334,LOW,0.6947080267297407,0.64,0.7036458333333333,0.41255721528243516,LOW PRIORITY,0.6458630124950652,9,0.8161461287070491,0.6168229657168487,31586,0
LOC_147,2024-04-01,MIZORAM,0.32595745,0.1780822,MEDIUM,0.7515385517306115,0.64,0.505625,0.46296126793265285,MEDIUM PRIORITY,0.8658759070163908,9,0.7876384780319399,0.6526398218741147,31586,0
LOC_147,2024-05-01,MIZORAM,0.74554724,0.28735632,MEDIUM,0.8629840117329688,0.64,0.6490625,0.5560479059332422,MEDIUM PRIORITY,0.8097503275470832,4,0.8064901153614947,0.9690289373566304,31586,0
LOC_147,2024-06-01,MIZORAM,0.26254383,0.1780822,MEDIUM,0.7878879851643092,0.64,0.7272916666666667,0.5052986262910774,MEDIUM PRIORITY,0.9964010313472144,6,0.5824966930846183,0.7726542162254046,31586,0
LOC_147,2024-07-01,MIZORAM,0.78895396,0.30434784,MEDIUM,0.7839292791847358,0.64,0.6051041666666667,0.5364870807961839,MEDIUM PRIORITY,0.831138608350271,7,0.7659667357728344,0.771945105949171,31586,0
LOC_147,2024-08-01,MIZORAM,0.28879946,0.17808221,MEDIUM,0.7142868936255217,0.64,0.5328124999999999,0.4577264824063804,MEDIUM PRIORITY,0.6406415187871118,2,0.7276790187525254,0.5554937036291161,31586,1
LOC_147,2024-09-01,MIZORAM,0.008861395,0.03797468,LOW,0.7287497504076074,0.64,0.8443750000000001,0.45203355960190184,MEDIUM PRIORITY,0.7129383555884512,3,0.702916743202558,0.5991439028394205,31586,0
LOC_147,2024-10-01,MIZORAM,0.0005414952,0.0,LOW,0.8346872166969983,0.64,0.505625,0.41251555417424957,LOW PRIORITY,0.8278750919292972,1,0.6172191025346596,0.9269880056573698,31586,0
LOC_147,2024-11-01,MIZORAM,0.00013424849,0.0,LOW,0.7785536411474457,0.64,0.505625,0.39848216028686145,LOW PRIORITY,0.619198427821274,5,0.6725682563265002,0.9891145471086752,31586,0
LOC_148,2024-01-01,MIZORAM,0.0011865259,0.0,LOW,0.807687663008646,0.37,0.505625,0.3517656657521615,LOW PRIORITY,0.6277328039215687,6,0.8306729935254835,0.9723448545875314,19155,0
LOC_148,2024-02-01,MIZORAM,0.005267617,0.013333333,LOW,0.7309368652779229,0.37,0.7478125,0.3742394245194807,LOW PRIORITY,0.9135272968756094,10,0.6301557483861914,0.7133977491832242,19155,0
LOC_148,2024-03-01,MIZORAM,0.0056871716,0.013333334,LOW,0.8199415918127911,0.37,0.6933333333333334,0.38831873155319774,LOW PRIORITY,0.9798478166099288,4,0.784042986316519,0.6492088976580498,19155,0
LOC_148,2024-04-01,MIZORAM,0.14033556,0.17073171,MEDIUM,0.7081303900190395,0.37,0.505625,0.3951690315047599,LOW PRIORITY,0.6863966635601391,11,0.8107366888736616,0.702054874309024,19155,0
LOC_148,2024-05-01,MIZORAM,0.6542284,0.28735632,MEDIUM,0.756734285598829,0.37,0.8407291666666667,0.5042354743997073,MEDIUM PRIORITY,0.6225991405644123,5,0.945757234086214,0.6252474344113562,19155,0
LOC_148,2024-06-01,MIZORAM,0.38012925,0.2,MEDIUM,0.8218270675066455,0.37,0.5770833333333334,0.4460192668766614,LOW PRIORITY,0.7003302800279597,3,0.853449015625437,0.8335289743731853,19155,1
LOC_148,2024-07-01,MIZORAM,0.09324489,0.11764706,MEDIUM,0.8223031886094399,0.37,0.8598958333333333,0.45561899615235996,MEDIUM PRIORITY,0.7837118965783617,10,0.9700852895962088,0.868748901596522,19155,0
LOC_148,2024-08-01,MIZORAM,0.10588888,0.11764706,MEDIUM,0.6866477196526639,0.37,0.505625,0.368564503913166,LOW PRIORITY,0.7330013047611217,13,0.9131163533924198,0.5338065537904475,19155,0
LOC_148,2024-09-01,MIZORAM,0.014498093,0.03797468,LOW,0.6940985161270415,0.37,0.7432291666666666,0.37419887603176033,LOW PRIORITY,0.8307355450257188,7,0.5901640507928378,0.588827802022943,19155,0
LOC_148,2024-10-01,MIZORAM,0.00204587,0.0,LOW,0.797291946216013,0.37,0.505625,0.3491667365540032,LOW PRIORITY,0.752898484478258,3,0.8364525905460067,0.6998167098397872,19155,0
LOC_148,2024-11-01,MIZORAM,0.0011988905,0.0,LOW,0.7683822332008124,0.37,0.6183333333333334,0.3588455583002031,LOW PRIORITY,0.932023490368327,12,0.6781420744839965,0.8633633679509264,19155,0
LOC_149,2024-01-01,MIZORAM,0.0027130444,0.013333334,LOW,0.6751681545981,0.91,0.505625,0.431969122249525,LOW PRIORITY,0.7386749787350497,8,0.5821108023527957,0.6465535039712212,45460,0
LOC_149,2024-02-01,MIZORAM,0.0005576502,0.0,LOW,0.7796712631834735,0.91,0.505625,0.45276156579586835,MEDIUM PRIORITY,0.969759061427522,9,0.6875745309327719,0.7613514603736002,45460,0
LOC_149,2024-03-01,MIZORAM,0.0012946646,0.0,LOW,0.7863043689909635,0.91,0.7265625,0.48756046724774094,MEDIUM PRIORITY,0.8542241559476275,10,0.9699873382819044,0.6543393150676546,45460,0
LOC_149,2024-04-01,MIZORAM,0.55452406,0.23529413,MEDIUM,0.7830197035587003,0.91,0.6668750000000001,0.5719038278896751,MEDIUM PRIORITY,0.8596903828487333,6,0.6020500100924935,0.8703384212935745,45460,0
LOC_149,2024-05-01,MIZORAM,0.5644074,0.26530612,MEDIUM,0.7613727674693758,0.91,0.5866666666666667,0.5664656398673439,MEDIUM PRIORITY,0.8487863531642514,6,0.6724200055388792,0.7242847111743729,45460,0
LOC_149,2024-06-01,MIZORAM,0.28607422,0.1780822,MEDIUM,0.6658448913436245,0.91,0.8428125,0.5461159778359062,MEDIUM PRIORITY,0.6064684469523062,12,0.7093137760391037,0.747597342383088,45460,0
LOC_149,2024-07-01,MIZORAM,0.09056693,0.11764706,MEDIUM,0.7647494315876773,0.91,0.505625,0.4960899318969193,MEDIUM PRIORITY,0.9852922597112164,8,0.564375175309906,0.7759969579962531,45460,0
LOC_149,2024-08-01,MIZORAM,0.05767312,0.06422019,LOW,0.7631726650696299,0.91,0.6902083333333333,0.5020124922674075,MEDIUM PRIORITY,0.6979907859301634,5,0.9315363348955396,0.5898302061194833,45460,0
LOC_149,2024-09-01,MIZORAM,0.0020008504,0.0,LOW,0.7676237000205672,0.91,0.505625,0.44974967500514185,LOW PRIORITY,0.7907020970865678,3,0.6506266621332069,0.7291660408624945,45460,0
LOC_149,2024-10-01,MIZORAM,0.002618062,0.013333333,LOW,0.7728710329226083,0.91,0.6526041666666667,0.47844171643065214,MEDIUM PRIORITY,0.9549240298026086,8,0.7028359473658643,0.7003908211886267,45460,0
LOC_149,2024-11-01,MIZORAM,0.0006492872,0.0,LOW,0.7301691854247256,0.91,0.5422916666666666,0.4458860463561814,LOW PRIORITY,0.96771953213128,11,0.6179058927224784,0.7017179835118108,45460,0
LOC_150,2024-01-01,ARUNACHAL_PRADESH,0.0012734636,0.0,LOW,0.6770846648099935,0.96,0.505625,0.43711491620249837,LOW PRIORITY,0.7557271120482394,7,0.6428051654673269,0.5431397150577413,48054,0
LOC_150,2024-02-01,ARUNACHAL_PRADESH,0.00032125792,0.0,LOW,0.8018104444883654,0.96,0.5770833333333334,0.47901511112209133,MEDIUM PRIORITY,0.7139774666335587,6,0.8488475453694913,0.8444167659504117,48054,0
LOC_150,2024-03-01,ARUNACHAL_PRADESH,0.0017670938,0.0,LOW,0.8236933107834441,0.96,0.6008333333333333,0.48804832769586104,MEDIUM PRIORITY,0.7542551435050096,4,0.8528280526102241,0.8210233803518762,48054,0
LOC_150,2024-04-01,ARUNACHAL_PRADESH,0.21028394,0.1780822,MEDIUM,0.8315019591898756,0.96,0.5770833333333334,0.5576708697974689,MEDIUM PRIORITY,0.8584960042318908,5,0.8993634729762353,0.7348150262180426,48054,0
LOC_150,2024-05-01,ARUNACHAL_PRADESH,0.54397386,0.23529412,MEDIUM,0.7671672591799364,0.96,0.7034374999999999,0.583425087794984,MEDIUM PRIORITY,0.6636146786037782,3,0.5133324429066154,0.9917219152093526,48054,0
LOC_150,2024-06-01,ARUNACHAL_PRADESH,0.108441256,0.11764707,MEDIUM,0.81304808349557,0.96,0.505625,0.5181645988738925,MEDIUM PRIORITY,0.6134556913659809,1,0.9127210070983336,0.7593489688512988,48054,1
LOC_150,2024-07-01,ARUNACHAL_PRADESH,0.44300148,0.21008404,MEDIUM,0.7751127541278369,0.96,0.796875,0.5893430545319592,MEDIUM PRIORITY,0.895014675785234,6,0.6442306351995093,0.7612057055266046,48054,1
LOC_150,2024-08-01,ARUNACHAL_PRADESH,0.34444082,0.19565219,MEDIUM,0.7847772902971565,0.96,0.9081250000000001,0.6026739485742891,MEDIUM PRIORITY,0.6700055224158503,12,0.9834877449375964,0.885615893835179,48054,0
LOC_150,2024-09-01,ARUNACHAL_PRADESH,0.005121046,0.013333334,LOW,0.7516947182790268,0.96,0.505625,0.4611007631697567,MEDIUM PRIORITY,0.9698714432078688,2,0.5332701676037495,0.5703039289711551,48054,0
LOC_150,2024-10-01,ARUNACHAL_PRADESH,0.00015503661,0.0,LOW,0.8008586495584558,0.96,0.6778124999999999,0.4938865373896139,MEDIUM PRIORITY,0.8263137736699997,5,0.7503805487778206,0.7934069424526692,48054,0
LOC_150,2024-11-01,ARUNACHAL_PRADESH,0.00040041274,0.0,LOW,0.7344327704976741,0.96,0.505625,0.4514519426244185,MEDIUM PRIORITY,0.8743268402356958,6,0.6460259055006623,0.6173783362543379,48054,0
LOC_151,2024-01-01,ASSAM,0.0029809377,0.013333334,LOW,0.7323875924550323,0.66,0.7285416666666666,0.42971148171375806,LOW PRIORITY,0.9185530260460256,11,0.8287264194491937,0.5489375909915767,33123,0
LOC_151,2024-02-01,ASSAM,0.00055040827,0.0,LOW,0.7655367427892987,0.66,0.6148958333333333,0.41561856069732467,LOW PRIORITY,0.8162653603872353,9,0.6487577749264093,0.8971238358435498,33123,0
LOC_151,2024-03-01,ASSAM,0.003341965,0.013333334,LOW,0.7734527699530416,0.66,0.7147916666666667,0.4379152760882604,LOW PRIORITY,0.720952523937386,9,0.868504590366284,0.8043539655084961,33123,0
LOC_151,2024-04-01,ASSAM,0.040150158,0.06422018,LOW,0.6978479232630901,0.66,0.505625,0.4079938028157725,LOW PRIORITY,0.7500736104414107,7,0.6383770211016877,0.6362743948425953,33123,0
LOC_151,2024-05-01,ASSAM,0.25395346,0.1780822,MEDIUM,0.7985169598138693,0.66,0.8001041666666666,0.5228777449534673,MEDIUM PRIORITY,0.8496649310503317,2,0.5498642139803986,0.8612053608914131,33123,0
LOC_151,2024-06-01,ASSAM,0.45496014,0.21008402,MEDIUM,0.7454332228485769,0.66,0.5770833333333334,0.4889544137121442,MEDIUM PRIORITY,0.6095969146761113,13,0.9598411270881712,0.8456281829633584,33123,1
LOC_151,2024-07-01,ASSAM,0.23315603,0.1780822,MEDIUM,0.651499634848119,0.66,0.8651041666666667,0.49587341371202975,MEDIUM PRIORITY,0.6220766882282291,13,0.7433632008351463,0.6738919836624336,33123,0
LOC_151,2024-08-01,ASSAM,0.047805846,0.06422019,LOW,0.890832820570165,0.66,0.7394791666666667,0.49131815614254126,MEDIUM PRIORITY,0.9976888906239784,10,0.9953380923451376,0.903637632644877,33123,0
LOC_151,2024-09-01,ASSAM,0.0047601177,0.013333334,LOW,0.6854155256670901,0.66,0.7272916666666667,0.41778096501677253,LOW PRIORITY,0.8526822972555154,12,0.6553951680157971,0.6335846373970476,33123,0
LOC_151,2024-10-01,ASSAM,0.0061784186,0.037974678,LOW,0.7276615379075262,0.66,0.505625,0.4049490056768815,LOW PRIORITY,0.8579160990449244,13,0.7487671333467567,0.7372962525717567,33123,0
LOC_151,2024-11-01,ASSAM,0.0001797143,0.0,LOW,0.7164883177311169,0.66,0.5559375,0.39451270443277925,LOW PRIORITY,0.602712501438147,11,0.9767629786561928,0.6531444574967944,33123,0
LOC_152,2024-01-01,MIZORAM,0.0007783352,0.0,LOW,0.7728202916938952,1.0,0.6282291666666666,0.4874394479234738,MEDIUM PRIORITY,0.8138493460143221,5,0.5816689573835381,0.8624295300443872,49988,0
LOC_152,2024-02-01,MIZORAM,0.0024403716,0.0,LOW,0.7988527212095385,1.0,0.505625,0.47555693030238466,MEDIUM PRIORITY,0.7275308521827974,3,0.9138582203536554,0.6540218123017014,49988,0
LOC_152,2024-03-01,MIZORAM,0.00054721505,0.0,LOW,0.8147098959246705,1.0,0.6014583333333333,0.4938962239811676,MEDIUM PRIORITY,0.8460109662923951,8,0.7539244882576775,0.925570795815276,49988,0
LOC_152,2024-04-01,MIZORAM,0.028197335,0.05714286,LOW,0.8438347292617803,1.0,0.5422916666666666,0.5151595763154451,MEDIUM PRIORITY,0.8913934468621139,6,0.7096960751431918,0.9742493950418156,49988,0
LOC_152,2024-05-01,MIZORAM,0.66361254,0.28735632,MEDIUM,0.765651637089221,1.0,0.5770833333333334,0.5929179372723052,MEDIUM PRIORITY,0.8540451979003485,5,0.710408817647036,0.6648191994761662,49988,1
LOC_152,2024-06-01,MIZORAM,0.7984244,0.3043478,MEDIUM,0.7942493686093668,1.0,0.9609375,0.6644420871523417,HIGH PRIORITY,0.7307614167710215,2,0.8515950305193993,0.6613076938137132,49988,1
LOC_152,2024-07-01,MIZORAM,0.45191547,0.21008405,MEDIUM,0.8342996992405216,1.0,0.7542708333333333,0.6057491698101305,MEDIUM PRIORITY,0.8492427041160693,6,0.8650655713762179,0.822890521469799,49988,0
LOC_152,2024-08-01,MIZORAM,0.08736208,0.11764706,MEDIUM,0.7545810074974982,1.0,0.505625,0.5115478258743745,MEDIUM PRIORITY,0.9126692157092764,11,0.5815934948308565,0.8907279861165265,49988,0
LOC_152,2024-09-01,MIZORAM,0.0015725655,0.0,LOW,0.7981449562616294,1.0,0.620625,0.49262998906540734,MEDIUM PRIORITY,0.9060534059980287,5,0.9205872362955004,0.5326058494196548,49988,0
LOC_152,2024-10-01,MIZORAM,0.0005373811,0.0,LOW,0.8771181731405246,1.0,0.5422916666666666,0.5006232932851311,MEDIUM PRIORITY,0.909905214109194,2,0.7703207246839279,0.8949134204356428,49988,0
LOC_152,2024-11-01,MIZORAM,0.00025615806,0.0,LOW,0.7537115616772694,1.0,0.5961458333333334,0.47784976541931734,MEDIUM PRIORITY,0.7543953500634083,9,0.6229180599492983,0.9375328366963708,49988,0
LOC_153,2024-01-01,ASSAM,0.002892828,0.013333334,LOW,0.8135360970499612,0.88,0.505625,0.46056110786249027,MEDIUM PRIORITY,0.7345388661106937,10,0.8536005322685047,0.9993383231539792,44513,0
LOC_153,2024-02-01,ASSAM,0.007117023,0.037974678,LOW,0.740839186842252,0.88,0.5422916666666666,0.457743417910563,MEDIUM PRIORITY,0.8181557242393972,11,0.6035909078871315,0.9082767819091464,44513,0
LOC_153,2024-03-01,ASSAM,0.00388308,0.013333334,LOW,0.7542945940179369,0.88,0.6778124999999999,0.4715788571044842,MEDIUM PRIORITY,0.9729390461196455,12,0.5530911811795313,0.8911481487725705,44513,0
LOC_153,2024-04-01,ASSAM,0.0049421247,0.013333334,LOW,0.8202059299367641,0.88,0.7753125000000001,0.502681691084191,MEDIUM PRIORITY,0.7407674259306902,5,0.8129360181301022,0.8937869423529307,44513,1
LOC_153,2024-05-01,ASSAM,0.100893915,0.11764707,MEDIUM,0.8099092182541168,0.88,0.7932291666666667,0.5445205075635292,MEDIUM PRIORITY,0.7044563300479106,5,0.8239511427139687,0.877896066921254,44513,0
LOC_153,2024-06-01,ASSAM,0.37246138,0.2,MEDIUM,0.8369586241441882,0.88,0.7391666666666666,0.5761146560360471,MEDIUM PRIORITY,0.8778317827497601,9,0.9752958315614788,0.7947068822655137,44513,0
LOC_153,2024-07-01,ASSAM,0.27143297,0.1780822,MEDIUM,0.844067892793447,0.88,0.7045833333333333,0.5639373531983618,MEDIUM PRIORITY,0.99025487743902,4,0.7632173277356056,0.7561326993324955,44513,1
LOC_153,2024-08-01,ASSAM,0.2025794,0.17808221,MEDIUM,0.7755544949137956,0.88,0.5422916666666666,0.522465257728449,MEDIUM PRIORITY,0.6566515332255173,6,0.9618104947529388,0.683755951676726,44513,0
LOC_153,2024-09-01,ASSAM,0.06826652,0.06422019,LOW,0.8070102983178765,0.88,0.5422916666666666,0.48478440057946914,MEDIUM PRIORITY,0.9677162501956366,12,0.8371016783421141,0.8232232647337552,44513,0
LOC_153,2024-10-01,ASSAM,0.0037439882,0.013333334,LOW,0.6434096031419344,0.88,0.6151041666666667,0.4344513593854836,LOW PRIORITY,0.6949540893414652,7,0.5419635082229216,0.5700541483366841,44513,0
LOC_153,2024-11-01,ASSAM,0.0020073594,0.0,LOW,0.8948069060991062,0.88,0.505625,0.4755454765247765,MEDIUM PRIORITY,0.7892451812510579,5,0.9641606513548228,0.9924884584572108,44513,0
LOC_154,2024-01-01,ARUNACHAL_PRADESH,0.0029454064,0.013333334,LOW,0.8228109462095565,0.63,0.505625,0.4128798201523891,LOW PRIORITY,0.8211140429719772,5,0.9031176709863482,0.7336787375465672,31448,0
LOC_154,2024-02-01,ARUNACHAL_PRADESH,0.003986823,0.013333334,LOW,0.7466263012384413,0.63,0.7588541666666666,0.4318180339096103,LOW PRIORITY,0.6615479522367156,5,0.8385377360999987,0.6530861832837176,31448,0
LOC_154,2024-03-01,ARUNACHAL_PRADESH,0.02734087,0.05714286,LOW,0.7832768502960191,0.63,0.6373958333333334,0.44028573157400475,LOW PRIORITY,0.7168715983400074,4,0.9906814551008774,0.5588876810765251,31448,0
LOC_154,2024-04-01,ARUNACHAL_PRADESH,0.048445728,0.06422018,LOW,0.7656077137566304,0.63,0.6984375,0.4478556254391576,LOW PRIORITY,0.6785139320409672,7,0.6501334663414173,0.9671167899774704,31448,0
LOC_154,2024-05-01,ARUNACHAL_PRADESH,0.11682843,0.11764706,MEDIUM,0.6280596585063113,0.63,0.736875,0.4406049886265778,LOW PRIORITY,0.6930827597180824,12,0.6581292157654259,0.5610266585417367,31448,0
LOC_154,2024-06-01,ARUNACHAL_PRADESH,0.5074736,0.21008404,MEDIUM,0.7880222498281303,0.63,0.7344791666666667,0.5172110534570326,MEDIUM PRIORITY,0.9225621610249374,7,0.7016058982495383,0.761254273371379,31448,0
LOC_154,2024-07-01,ARUNACHAL_PRADESH,0.87714595,0.3043478,MEDIUM,0.7422868923837597,0.63,0.6910416666666667,0.5369670930959399,MEDIUM PRIORITY,0.8174062796173273,3,0.5548241379131933,0.6969171520045183,31448,0
LOC_154,2024-08-01,ARUNACHAL_PRADESH,0.054194465,0.06422018,LOW,0.7415603206069141,0.63,0.7184375000000001,0.4448437771517285,LOW PRIORITY,0.6264221034655587,7,0.9347731481795792,0.6383793641158519,31448,0
LOC_154,2024-09-01,ARUNACHAL_PRADESH,0.0012622945,0.0,LOW,0.763398663576675,0.63,0.505625,0.39269341589416873,LOW PRIORITY,0.8808586450497637,9,0.9234179554974704,0.5493180537594661,31448,0
LOC_154,2024-10-01,ARUNACHAL_PRADESH,0.00422019,0.013333334,LOW,0.7566208563571017,0.63,0.505625,0.3963322976892754,LOW PRIORITY,0.7438455842495253,6,0.661236404482169,0.8214014366967128,31448,0
LOC_154,2024-11-01,ARUNACHAL_PRADESH,0.0005014342,0.0,LOW,0.7057365191639126,0.63,0.5422916666666666,0.38377787979097816,LOW PRIORITY,0.7353496154831073,12,0.520659438559008,0.9669370226135346,31448,0
LOC_155,2024-01-01,TRIPURA,0.0014938625,0.0,LOW,0.7746710527924907,0.15,0.505625,0.2995115131981227,LOW PRIORITY,0.9455460786476806,3,0.5497687509592033,0.703369381563079,8287,0
LOC_155,2024-02-01,TRIPURA,0.0004937584,0.0,LOW,0.7416943440530288,0.15,0.6609375,0.3145642110132572,LOW PRIORITY,0.8477661100642079,3,0.538817332782768,0.6801939333651394,8287,0
LOC_155,2024-03-01,TRIPURA,0.012399972,0.03797468,LOW,0.6955641596983586,0.15,0.665625,0.3189246619245896,LOW PRIORITY,0.7282455508808816,13,0.7627377354430425,0.7246066858028442,8287,0
LOC_155,2024-04-01,TRIPURA,0.09939034,0.11764706,MEDIUM,0.7747445437341297,0.15,0.7321875,0.3805730849335324,LOW PRIORITY,0.6367703438357537,5,0.8523344615051234,0.776540036262308,8287,0
LOC_155,2024-05-01,TRIPURA,0.4262856,0.21008404,MEDIUM,0.8575757508160434,0.15,0.6984375,0.43319317870401086,LOW PRIORITY,0.6862775874232326,3,0.9870473774130863,0.8569780384278547,8287,0
LOC_155,2024-06-01,TRIPURA,0.64901906,0.28735632,MEDIUM,0.7954353776264274,0.15,0.6492708333333334,0.4411919974066068,LOW PRIORITY,0.6959383291328389,10,0.9467570414677442,0.8723794732384595,8287,1
LOC_155,2024-07-01,TRIPURA,0.47432703,0.21008405,MEDIUM,0.7320423707263327,0.15,0.6555208333333333,0.3953723376815832,LOW PRIORITY,0.8282705912108893,12,0.8789844738113698,0.6209144178830719,8287,0
LOC_155,2024-08-01,TRIPURA,0.067452475,0.064220175,LOW,0.8009429588797154,0.15,0.6051041666666667,0.3466894347199289,LOW PRIORITY,0.9229543619964754,9,0.9790152056363872,0.6018022678859987,8287,0
LOC_155,2024-09-01,TRIPURA,0.0015531185,0.0,LOW,0.7646632402393183,0.15,0.5973958333333333,0.3107751850598296,LOW PRIORITY,0.9059569769027014,2,0.5187092186409594,0.7006534320802786,8287,0
LOC_155,2024-10-01,TRIPURA,0.002642809,0.013333334,LOW,0.7718557641611226,0.15,0.7438541666666667,0.33987539964028063,LOW PRIORITY,0.6209778800255878,2,0.9877119345778328,0.5453999087077364,8287,0
LOC_155,2024-11-01,TRIPURA,0.0020727224,0.0,LOW,0.7086435312831396,0.15,0.7198958333333334,0.3151452578207849,LOW PRIORITY,0.832455329985449,13,0.8605230737350669,0.574929054745376,8287,0
LOC_156,2024-01-01,MANIPUR,0.014086622,0.037974678,LOW,0.9220212788414852,0.67,0.505625,0.4555389409103713,MEDIUM PRIORITY,0.9505748449885713,4,0.9897908386379752,0.8810527650727277,33284,0
LOC_156,2024-02-01,MANIPUR,0.004680803,0.013333335,LOW,0.6842489901796801,0.67,0.5944791666666667,0.39956745654492004,LOW PRIORITY,0.710742453804478,3,0.5325600789456165,0.593693427968626,33284,0
LOC_156,2024-03-01,MANIPUR,0.07913327,0.11764706,MEDIUM,0.7066596480874252,0.67,0.7995833333333333,0.4776612360218563,MEDIUM PRIORITY,0.829309931847694,9,0.6067392658611028,0.6905893946409041,33284,0
LOC_156,2024-04-01,MANIPUR,0.0688676,0.06422018,LOW,0.6490945317377739,0.67,0.9634375,0.46647732993444346,MEDIUM PRIORITY,0.8541420412856935,8,0.507198954322879,0.5017037980091896,33284,0
LOC_156,2024-05-01,MANIPUR,0.714135,0.28735632,MEDIUM,0.7483756436498021,0.67,0.505625,0.5118801889124506,MEDIUM PRIORITY,0.6006385233653411,8,0.743595324439275,0.9159353934612592,33284,0
LOC_156,2024-06-01,MANIPUR,0.87827146,0.3043478,MEDIUM,0.6868275698210654,0.67,0.53625,0.5078835124552663,MEDIUM PRIORITY,0.6683125584807807,8,0.7751315038309218,0.5705328836392258,33284,0
LOC_156,2024-07-01,MANIPUR,0.5696438,0.26530612,MEDIUM,0.7481448182909842,0.67,0.5422916666666666,0.508502402572746,MEDIUM PRIORITY,0.7836683295499429,4,0.5393023987774731,0.8029418781698543,33284,0
LOC_156,2024-08-01,MANIPUR,0.1650556,0.1780822,MEDIUM,0.7557446716791736,0.67,0.9137500000000001,0.5312315479197934,MEDIUM PRIORITY,0.6321331181231096,2,0.6978037309909731,0.7597085042692786,33284,0
LOC_156,2024-09-01,MANIPUR,0.016222442,0.03797468,LOW,0.7713805635409015,0.67,0.7328125,0.45195688788522537,MEDIUM PRIORITY,0.8986426065550237,13,0.8344526388919048,0.7857603420500108,33284,0
LOC_156,2024-10-01,MANIPUR,0.0043855626,0.013333334,LOW,0.7643803539219909,0.67,0.7285416666666666,0.4397096720804977,LOW PRIORITY,0.9318361869504006,7,0.7933079354637158,0.5657106266071803,33284,0
LOC_156,2024-11-01,MANIPUR,0.0014303153,0.0,LOW,0.7157356338871077,0.67,0.505625,0.3887776584717769,LOW PRIORITY,0.8780987355432266,9,0.6884030553624805,0.596440744642724,33284,0
LOC_157,2024-01-01,TRIPURA,0.0062351017,0.037974678,LOW,0.7892509901753433,0.32,0.7455208333333333,0.38833074374383586,LOW PRIORITY,0.7306189207331479,12,0.9545564691203112,0.8718285708479139,16585,0
LOC_157,2024-02-01,TRIPURA,0.0024993038,0.0,LOW,0.6887294964141859,0.32,0.6444791666666667,0.3328542491035465,LOW PRIORITY,0.6079249070016471,8,0.6945196259550594,0.7191401193667035,16585,0
LOC_157,2024-03-01,TRIPURA,0.007305617,0.03797468,LOW,0.8192937204532197,0.32,0.5422916666666666,0.3653570521133049,LOW PRIORITY,0.7616788452581673,11,0.9959383455280368,0.8862243576933411,16585,0
LOC_157,2024-04-01,TRIPURA,0.09019994,0.11764706,MEDIUM,0.7818570122116104,0.32,0.505625,0.3823668270529026,LOW PRIORITY,0.7150400606149964,9,0.8947615268375602,0.8176264613938851,16585,0
LOC_157,2024-05-01,TRIPURA,0.43018997,0.21008402,MEDIUM,0.6941559207019529,0.32,0.8109375,0.44321321317548823,LOW PRIORITY,0.9091931015398298,11,0.5497988848774144,0.6842983630572343,16585,0
LOC_157,2024-06-01,TRIPURA,0.66561633,0.28735632,MEDIUM,0.6390135766659073,0.32,0.505625,0.4145396721664768,LOW PRIORITY,0.6758108069022617,6,0.5415864124322427,0.5386570873291248,16585,0
LOC_157,2024-07-01,TRIPURA,0.43927002,0.21008404,MEDIUM,0.655054843787779,0.32,0.6327083333333333,0.4067035769469447,LOW PRIORITY,0.961601660896504,13,0.5704331926228898,0.5215178549650554,16585,1
LOC_157,2024-08-01,TRIPURA,0.13621314,0.17073171,MEDIUM,0.8689741875829342,0.32,0.9358333333333333,0.4899112308957335,MEDIUM PRIORITY,0.8317113899382492,6,0.8974005952579367,0.9467847651355504,16585,0
LOC_157,2024-09-01,TRIPURA,0.0058436743,0.037974678,LOW,0.7670806257610561,0.32,0.505625,0.34680377764026404,LOW PRIORITY,0.7261305218471242,6,0.5770724488852526,0.9651195323118478,16585,0
LOC_157,2024-10-01,TRIPURA,0.00040270228,0.0,LOW,0.7089815331979524,0.32,0.505625,0.3170891332994881,LOW PRIORITY,0.6667181897157544,11,0.5514158101949957,0.9844587995477264,16585,0
LOC_157,2024-11-01,TRIPURA,0.00015095915,0.0,LOW,0.7403832553713104,0.32,0.5422916666666666,0.3304395638428276,LOW PRIORITY,0.9545612276513068,11,0.7128917224182486,0.660746738082353,16585,0
LOC_158,2024-01-01,ASSAM,0.0009114806,0.0,LOW,0.648327370290328,0.215,0.7077083333333334,0.31123809257258206,LOW PRIORITY,0.8961458709198558,12,0.5484326681982754,0.5487309420431812,10903,0
LOC_158,2024-02-01,ASSAM,0.009408949,0.037974678,LOW,0.7283826291046028,0.215,0.665625,0.3401292784761507,LOW PRIORITY,0.7272320655664102,12,0.98942183459564,0.596876616256361,10903,0
LOC_158,2024-03-01,ASSAM,0.008119407,0.03797468,LOW,0.6893070460572711,0.215,0.6411458333333333,0.32668850851431774,LOW PRIORITY,0.7535153471272197,6,0.5380918838666077,0.665620953235257,10903,0
LOC_158,2024-04-01,ASSAM,0.025045808,0.05,LOW,0.7736313721701354,0.215,0.505625,0.3322515930425338,LOW PRIORITY,0.946086846194301,11,0.6619402189450728,0.8531650902078345,10903,0
LOC_158,2024-05-01,ASSAM,0.5463137,0.23529412,MEDIUM,0.799450596343271,0.215,0.6659375000000001,0.43687092208581774,LOW PRIORITY,0.8641181653454195,2,0.797426596144897,0.6029242905494339,10903,0
LOC_158,2024-06-01,ASSAM,0.08701648,0.11764706,MEDIUM,0.7801334437266138,0.215,0.9354166666666666,0.4254046849316534,LOW PRIORITY,0.9834824496375456,12,0.9352754135043606,0.6017759117645486,10903,0
LOC_158,2024-07-01,ASSAM,0.4839458,0.21008402,MEDIUM,0.8486276581217821,0.215,0.505625,0.4150342725304455,LOW PRIORITY,0.7932109214536478,1,0.8591483071250494,0.7754847372417645,10903,0
LOC_158,2024-08-01,ASSAM,0.059447452,0.06422018,LOW,0.7994646260478934,0.215,0.6839583333333333,0.37114797851197334,LOW PRIORITY,0.6811723920788735,3,0.9959251380820896,0.6207609740306104,10903,0
LOC_158,2024-09-01,ASSAM,0.0035541772,0.013333334,LOW,0.8185651686453111,0.215,0.665625,0.3528183757613278,LOW PRIORITY,0.6599696508349281,4,0.8828730817678485,0.8647512753118014,10903,0
LOC_158,2024-10-01,ASSAM,0.00050815556,0.0,LOW,0.7987280053183674,0.215,0.5292708333333334,0.3220726263295919,LOW PRIORITY,0.9243830543005742,13,0.8224831064895781,0.8813791938166508,10903,0
LOC_158,2024-11-01,ASSAM,0.002040844,0.0,LOW,0.8515460316187788,0.215,0.8260416666666667,0.3797927579046947,LOW PRIORITY,0.986574800046443,2,0.924776082616818,0.5614999104785208,10903,0
LOC_159,2024-01-01,TRIPURA,0.0024809309,0.0,LOW,0.7626939039077167,0.045,0.6051041666666667,0.2904391009769292,LOW PRIORITY,0.9118225142387216,6,0.6913644191080435,0.6475886822841022,2591,0
LOC_159,2024-02-01,TRIPURA,0.0034013952,0.013333334,LOW,0.7123535643822224,0.045,0.5328124999999999,0.2723435996955556,LOW PRIORITY,0.8013506758156959,7,0.7537711793300871,0.5276257357164402,2591,0
LOC_159,2024-03-01,TRIPURA,0.0011016803,0.0,LOW,0.7784056413666929,0.045,0.7867708333333333,0.3216170353416732,LOW PRIORITY,0.6892800500088523,5,0.9100143081995832,0.6809948739250027,2591,0
LOC_159,2024-04-01,TRIPURA,0.1891117,0.1780822,MEDIUM,0.8904527426861213,0.045,0.505625,0.3786898156715303,LOW PRIORITY,0.9455813090570172,3,0.764550487489299,0.951679174198169,2591,0
LOC_159,2024-05-01,TRIPURA,0.6285308,0.26530612,MEDIUM,0.7957455923319794,0.045,0.5878125000000001,0.40223072108299485,LOW PRIORITY,0.9986078504702944,6,0.6070032678554678,0.7773712510021553,2591,0
LOC_159,2024-06-01,TRIPURA,0.12292471,0.11764706,MEDIUM,0.6694785474885706,0.045,0.665625,0.32327221087214264,LOW PRIORITY,0.6988606447337299,9,0.5889709692101603,0.6900825760103924,2591,1
LOC_159,2024-07-01,TRIPURA,0.9313135,0.3043478,MEDIUM,0.7444070164970864,0.045,0.7544791666666666,0.4300127491242716,LOW PRIORITY,0.7062871254555017,2,0.6740832282565312,0.6639243789429795,2591,1
LOC_159,2024-08-01,TRIPURA,0.03606838,0.057142857,LOW,0.8036676930216166,0.045,0.9728125000000001,0.37869594105540416,LOW PRIORITY,0.9703249349087756,5,0.5474627224493057,0.8635497813950517,2591,0
LOC_159,2024-09-01,TRIPURA,0.0027042094,0.013333334,LOW,0.7130141366796638,0.045,0.505625,0.26843061776991595,LOW PRIORITY,0.6201070656753439,10,0.900108992043527,0.6651738223331174,2591,0
LOC_159,2024-10-01,TRIPURA,0.008996361,0.037974678,LOW,0.8591481305251615,0.045,0.6059375,0.3298675288312904,LOW PRIORITY,0.9501668482398696,3,0.8035463251130508,0.7828793487477259,2591,0
LOC_159,2024-11-01,TRIPURA,0.0008704848,0.0,LOW,0.7459005573728268,0.045,0.665625,0.2953188893432067,LOW PRIORITY,0.8097140573002709,6,0.7988909331839263,0.5749972390071098,2591,0
LOC_160,2024-01-01,TRIPURA,0.0018045384,0.0,LOW,0.8558488843805461,0.97,0.6327083333333333,0.5028684710951365,MEDIUM PRIORITY,0.9296740767127936,3,0.7727226572071959,0.8209988036021949,48456,0
LOC_160,2024-02-01,TRIPURA,0.0014356265,0.0,LOW,0.8076227988683825,0.97,0.5762499999999999,0.48234319971709566,MEDIUM PRIORITY,0.7168829723455771,4,0.9070508735539418,0.7398906829073443,48456,0
LOC_160,2024-03-01,TRIPURA,0.00016634002,0.0,LOW,0.663763714360181,0.97,0.6438541666666666,0.4565190535900452,MEDIUM PRIORITY,0.7781012098439741,12,0.5761559128644349,0.7007977347323151,48456,0
LOC_160,2024-04-01,TRIPURA,0.040806495,0.06422018,LOW,0.7521704568008767,0.97,0.7167708333333334,0.5152463112002192,MEDIUM PRIORITY,0.7380061472689622,9,0.8050424203161812,0.7656332596183631,48456,0
LOC_160,2024-05-01,TRIPURA,0.7168763,0.28735632,MEDIUM,0.6903730131372592,0.97,0.65,0.5790357812843148,MEDIUM PRIORITY,0.7078161199751161,4,0.6823709163911047,0.5046383495161495,48456,0
LOC_160,2024-06-01,TRIPURA,0.1617031,0.1780822,MEDIUM,0.6941926314861531,0.97,0.6640625,0.5383904128715382,MEDIUM PRIORITY,0.9086493620970768,10,0.508481943684525,0.6929725534963436,48456,0
LOC_160,2024-07-01,TRIPURA,0.49170712,0.21008404,MEDIUM,0.6565384266475485,0.97,0.505625,0.5180119726618871,MEDIUM PRIORITY,0.6062931130279866,6,0.5652690318416418,0.6545915617205654,48456,0
LOC_160,2024-08-01,TRIPURA,0.0030229175,0.013333334,LOW,0.8575573078957966,0.97,0.505625,0.4895664105739491,MEDIUM PRIORITY,0.9375668466962312,3,0.8419167633860922,0.7507456215008631,48456,0
LOC_160,2024-09-01,TRIPURA,0.0004300837,0.0,LOW,0.6761057950451899,0.97,0.67125,0.46371394876129746,MEDIUM PRIORITY,0.6468691365556596,5,0.6304039810076444,0.5938167292841219,48456,0
LOC_160,2024-10-01,TRIPURA,0.0023971447,0.0,LOW,0.8537346409455672,0.97,0.505625,0.4832774102363918,MEDIUM PRIORITY,0.8201657978693113,3,0.8179837891216204,0.8767889767913368,48456,0
LOC_160,2024-11-01,TRIPURA,0.0018499952,0.0,LOW,0.7154978841584397,0.97,0.6613541666666667,0.4720775960396099,MEDIUM PRIORITY,0.7005466885158234,5,0.7032525995178176,0.6248589152667843,48456,0
LOC_161,2024-01-01,MIZORAM,0.0044063716,0.013333334,LOW,0.7274217485868704,0.065,0.5095833333333333,0.2766262707467176,LOW PRIORITY,0.9155020065785217,10,0.7135267339694036,0.6139915871328895,3469,0
LOC_161,2024-02-01,MIZORAM,0.003311338,0.013333335,LOW,0.870665743892297,0.065,0.505625,0.31184351997307425,LOW PRIORITY,0.972129855970418,4,0.9340995880692397,0.7097668648628636,3469,0
LOC_161,2024-03-01,MIZORAM,0.003413796,0.013333334,LOW,0.7124621438010939,0.065,0.7419791666666666,0.3077457445502735,LOW PRIORITY,0.8689748320405322,13,0.5795959316613615,0.8346111448358153,3469,0
LOC_161,2024-04-01,MIZORAM,0.09687736,0.11764705,MEDIUM,0.6728936432635702,0.065,0.8877083333333333,0.3614384808158926,LOW PRIORITY,0.7571345621942509,11,0.618717569362757,0.6823891081639394,3469,0
LOC_161,2024-05-01,MIZORAM,0.41294777,0.21008404,MEDIUM,0.8713572184079498,0.065,0.505625,0.39071667060198745,LOW PRIORITY,0.9481973690177176,3,0.951035611910904,0.6861958927031775,3469,0
LOC_161,2024-06-01,MIZORAM,0.11475047,0.11764707,MEDIUM,0.7828550420207385,0.065,0.839375,0.38167883850518464,LOW PRIORITY,0.6933743148421271,9,0.9953738007492694,0.7426720524915577,3469,0
LOC_161,2024-07-01,MIZORAM,0.5179468,0.21008404,MEDIUM,0.7503620670373091,0.065,0.505625,0.3604678827593273,LOW PRIORITY,0.6325499251143986,5,0.8486930940799977,0.6868719156215065,3469,0
LOC_161,2024-08-01,MIZORAM,0.5624732,0.23529412,MEDIUM,0.7431247991584617,0.065,0.7132291666666666,0.3998832227896154,LOW PRIORITY,0.8098853275453424,12,0.7106903508622395,0.8519235182262651,3469,0
LOC_161,2024-09-01,MIZORAM,0.0055298284,0.013333334,LOW,0.7451324196456457,0.065,0.7045833333333333,0.3103039385114114,LOW PRIORITY,0.91513402893176,9,0.6108150683911734,0.7545805812596496,3469,0
LOC_161,2024-10-01,MIZORAM,0.00052633055,0.0,LOW,0.7814008378931749,0.065,0.505625,0.28419395947329373,LOW PRIORITY,0.7202459944728586,1,0.8408581075221149,0.5978325829110593,3469,0
LOC_161,2024-11-01,MIZORAM,0.0035196366,0.013333333,LOW,0.6883097476987212,0.065,0.5678125,0.27558264512468034,LOW PRIORITY,0.7525574488408204,6,0.6188669744850233,0.5818145674690414,3469,0
LOC_162,2024-01-01,SIKKIM,0.005380312,0.013333334,LOW,0.7834756803846842,0.48,0.7295833333333333,0.406639753696171,LOW PRIORITY,0.925227638090338,12,0.9418198991052124,0.6668551843431865,23890,0
LOC_162,2024-02-01,SIKKIM,0.005712187,0.013333334,LOW,0.8300255627477579,0.48,0.5770833333333334,0.39540222428693944,LOW PRIORITY,0.7529235530986502,5,0.8697620151705411,0.8640833493885064,23890,0
LOC_162,2024-03-01,SIKKIM,0.005432485,0.013333334,LOW,0.7945479848414226,0.48,0.5286458333333333,0.37926720481035564,LOW PRIORITY,0.7687293236709085,7,0.8788788889958599,0.7639170600322556,23890,0
LOC_162,2024-04-01,SIKKIM,0.2908928,0.1780822,MEDIUM,0.7055681300987049,0.48,0.7278125,0.45279678752467617,MEDIUM PRIORITY,0.642268337577176,1,0.5531121821412902,0.6602253340096865,23890,0
LOC_162,2024-05-01,SIKKIM,0.38314748,0.21008404,MEDIUM,0.7624748944512214,0.48,0.505625,0.4464960896128053,LOW PRIORITY,0.6793631610837108,8,0.9748246921006266,0.662378391287215,23890,0
LOC_162,2024-06-01,SIKKIM,0.38553464,0.21008404,MEDIUM,0.831245062626138,0.48,0.6148958333333333,0.4800792566565345,MEDIUM PRIORITY,0.9789388830486044,4,0.8011879553497774,0.6781867454395032,23890,0
LOC_162,2024-07-01,SIKKIM,0.1425111,0.17073172,MEDIUM,0.781872405426215,0.48,0.749375,0.47216703935655374,MEDIUM PRIORITY,0.796298355029178,6,0.8781575529388999,0.6530337137367823,23890,1
LOC_162,2024-08-01,SIKKIM,0.15419103,0.1707317,MEDIUM,0.7758043057723646,0.48,0.7146874999999999,0.4654468814430911,MEDIUM PRIORITY,0.9010635050164733,7,0.6288324425164831,0.8066546088898354,23890,0
LOC_162,2024-09-01,SIKKIM,0.0016288684,0.0,LOW,0.7117520135340212,0.48,0.505625,0.34978175338350526,LOW PRIORITY,0.632309499991623,9,0.6336173855155267,0.8810811686289346,23890,0
LOC_162,2024-10-01,SIKKIM,0.00076995674,0.0,LOW,0.8795532162150514,0.48,0.505625,0.3917320540537629,LOW PRIORITY,0.8679142700323736,2,0.718454187410102,0.9985110740843964,23890,0
LOC_162,2024-11-01,SIKKIM,0.00015806034,0.0,LOW,0.8115907565130401,0.48,0.6458333333333333,0.39577268912826,LOW PRIORITY,0.9786327596006356,5,0.6382286767993108,0.7961682563188803,23890,0
LOC_163,2024-01-01,MIZORAM,0.0043174196,0.013333334,LOW,0.8701661079026161,0.44,0.6932291666666667,0.414859235575654,LOW PRIORITY,0.961776063751,1,0.9409056199071724,0.611316081285625,22727,0
LOC_163,2024-02-01,MIZORAM,0.000378508,0.0,LOW,0.7484472995033898,0.44,0.505625,0.35095557487584744,LOW PRIORITY,0.7272467288904547,5,0.6564530914335874,0.7767560443561841,22727,0
LOC_163,2024-03-01,MIZORAM,0.004239316,0.013333334,LOW,0.8178414595915882,0.44,0.6777083333333334,0.39944994849789706,LOW PRIORITY,0.900429958876872,6,0.991748749444436,0.5791871300450442,22727,0
LOC_163,2024-04-01,MIZORAM,0.11483509,0.11764705,MEDIUM,0.8520013192735636,0.44,0.5872916666666667,0.4361528998183909,LOW PRIORITY,0.9999637293096753,7,0.8994094865067122,0.7419653946112006,22727,0
LOC_163,2024-05-01,MIZORAM,0.18072414,0.1780822,MEDIUM,0.7332540536409524,0.44,0.505625,0.4183901434102381,LOW PRIORITY,0.9359848907354532,10,0.6259519432668852,0.7044127138948048,22727,0
LOC_163,2024-06-01,MIZORAM,0.11922823,0.11764706,MEDIUM,0.7883251084357099,0.44,0.8666666666666667,0.4621401011089275,MEDIUM PRIORITY,0.9434799150000354,7,0.706380304142411,0.736773547933727,22727,0
LOC_163,2024-07-01,MIZORAM,0.15488367,0.17073171,MEDIUM,0.7026298965380706,0.44,0.7280208333333333,0.4411532831345177,LOW PRIORITY,0.868580560636841,9,0.6792758789543368,0.5626631465611045,22727,0
LOC_163,2024-08-01,MIZORAM,0.11065084,0.11764706,MEDIUM,0.6919428064177172,0.44,0.6788541666666666,0.4098726506044293,LOW PRIORITY,0.9821215527999798,12,0.5847407912521166,0.6009088816187722,22727,0
LOC_163,2024-09-01,MIZORAM,0.00282386,0.013333334,LOW,0.7887242896055838,0.44,0.5138541666666667,0.36759253100139594,LOW PRIORITY,0.813007681200918,11,0.8779975964749586,0.8305585474131256,22727,0
LOC_163,2024-10-01,MIZORAM,0.00033458532,0.0,LOW,0.8174653008813662,0.44,0.65,0.3898663252203416,LOW PRIORITY,0.7431464823539908,1,0.8280884658610922,0.7319595886437149,22727,0
LOC_163,2024-11-01,MIZORAM,0.0014399469,0.0,LOW,0.7576956891055192,0.44,0.505625,0.3532676722763798,LOW PRIORITY,0.7250778656342761,11,0.9094832035293324,0.7628883539251348,22727,0
LOC_164,2024-01-01,ASSAM,9.599159e-05,0.0,LOW,0.8315934522799913,0.03,0.6051041666666667,0.30466398806999784,LOW PRIORITY,0.8985025285197077,1,0.6409427093510656,0.8202619045825251,2007,0
LOC_164,2024-02-01,ASSAM,0.002585504,0.013333333,LOW,0.7447211104622449,0.03,0.8453125,0.3243104858155612,LOW PRIORITY,0.7156000266969011,9,0.9550376080164312,0.6082468071356472,2007,0
LOC_164,2024-03-01,ASSAM,0.0009084191,0.0,LOW,0.7795448091000108,0.03,0.7255208333333334,0.3097143272750027,LOW PRIORITY,0.8858938805300144,6,0.8425990817085479,0.589686274161481,2007,0
LOC_164,2024-04-01,ASSAM,0.1588768,0.1780822,MEDIUM,0.6829275779536208,0.03,0.5238541666666667,0.3265428994884052,LOW PRIORITY,0.8580958113643226,9,0.5898931265305354,0.5837213739196255,2007,0
LOC_164,2024-05-01,ASSAM,0.10130847,0.11764705,MEDIUM,0.7764887490918934,0.03,0.6873958333333333,0.3502903822729733,LOW PRIORITY,0.6193839925180228,5,0.8572173269809547,0.7960203435352626,2007,0
LOC_164,2024-06-01,ASSAM,0.5849226,0.26530612,MEDIUM,0.6981841181395432,0.03,0.665625,0.3865122275348858,LOW PRIORITY,0.6107503475500947,3,0.6622144190960012,0.6197717059120768,2007,1
LOC_164,2024-07-01,ASSAM,0.23655832,0.1780822,MEDIUM,0.6934764967002057,0.03,0.9069791666666667,0.3866488791750514,LOW PRIORITY,0.6247579645698506,12,0.7495872074782757,0.7995608147526967,2007,0
LOC_164,2024-08-01,ASSAM,0.022467319,0.037974678,LOW,0.7221607175538582,0.03,0.505625,0.2775738005884646,LOW PRIORITY,0.7868264443394948,8,0.6628079659629867,0.7056751265796182,2007,0
LOC_164,2024-09-01,ASSAM,0.004456054,0.013333334,LOW,0.6811535020224428,0.03,0.8842708333333333,0.31426233410561066,LOW PRIORITY,0.6462482265288957,1,0.564894309847584,0.5468048050466248,2007,0
LOC_164,2024-10-01,ASSAM,0.0020138093,0.0,LOW,0.8845407038537886,0.03,0.505625,0.30297892596344717,LOW PRIORITY,0.7429300568186249,1,0.9442353478827176,0.8843307440471451,2007,0
LOC_164,2024-11-01,ASSAM,0.00041596082,0.0,LOW,0.8141908247593365,0.03,0.68625,0.3124852061898341,LOW PRIORITY,0.7521059496665636,11,0.8809195563175167,0.990404459719932,2007,0
LOC_165,2024-01-01,SIKKIM,0.00024916243,0.0,LOW,0.7673925790195312,0.535,0.7004166666666667,0.4039106447548828,LOW PRIORITY,0.9928307517188988,11,0.6036660779935211,0.8397401530323714,27660,0
LOC_165,2024-02-01,SIKKIM,0.0009210127,0.0,LOW,0.8655617831961748,0.535,0.505625,0.39923419579904373,LOW PRIORITY,0.9512247915359064,1,0.7076757647600235,0.8366799098221027,27660,0
LOC_165,2024-03-01,SIKKIM,0.0012841852,0.0,LOW,0.7968843693435317,0.535,0.505625,0.3820648423358829,LOW PRIORITY,0.8572406345437047,6,0.9945293007777324,0.5357675420526893,27660,0
LOC_165,2024-04-01,SIKKIM,0.49274367,0.21008404,MEDIUM,0.8694619763737645,0.535,0.7424999999999999,0.5197741100934411,MEDIUM PRIORITY,0.9745913178455804,4,0.8722491205755796,0.7643408004072313,27660,0
LOC_165,2024-05-01,SIKKIM,0.65027493,0.28735632,MEDIUM,0.6422872463784671,0.535,0.6680208333333333,0.4827174645946168,MEDIUM PRIORITY,0.714624465276341,10,0.6834155397273578,0.504442313843503,27660,1
LOC_165,2024-06-01,SIKKIM,0.562405,0.23529413,MEDIUM,0.6678749134680559,0.535,0.8230208333333333,0.491539505367014,MEDIUM PRIORITY,0.7068427790946057,12,0.7907100799326912,0.5739467948449268,27660,0
LOC_165,2024-07-01,SIKKIM,0.652093,0.28735632,MEDIUM,0.7422236693458388,0.535,0.6788541666666666,0.5093265703364598,MEDIUM PRIORITY,0.9173469893560228,10,0.8205584509413526,0.5643225704193131,27660,0
LOC_165,2024-08-01,SIKKIM,0.09802724,0.11764707,MEDIUM,0.692617590264591,0.535,0.7552083333333333,0.44049447556614774,LOW PRIORITY,0.6427367859203722,10,0.7659297908984595,0.6951371175728656,27660,0
LOC_165,2024-09-01,SIKKIM,0.023309551,0.049999997,LOW,0.6335443428097763,0.535,0.505625,0.36122983450244406,LOW PRIORITY,0.8058942360683421,12,0.5837099625153205,0.5445731726554428,27660,0
LOC_165,2024-10-01,SIKKIM,0.0011981593,0.0,LOW,0.7949895153143733,0.535,0.5422916666666666,0.38709112882859337,LOW PRIORITY,0.893336677446178,2,0.5997965022271916,0.75349154825079,27660,0
LOC_165,2024-11-01,SIKKIM,0.003177571,0.013333334,LOW,0.8167288254850729,0.535,0.5151041666666667,0.39378116497126825,LOW PRIORITY,0.7434776353288066,7,0.8930257748681125,0.8637452250767059,27660,0
LOC_166,2024-01-01,MANIPUR,0.00043809693,0.0,LOW,0.6465205715397071,0.17,0.6479166666666667,0.2928176428849268,LOW PRIORITY,0.6034983340213446,11,0.5708955917950114,0.7783550270091393,9073,0
LOC_166,2024-02-01,MANIPUR,0.0013272713,0.0,LOW,0.7131232506735686,0.17,0.5963541666666667,0.3017339376683922,LOW PRIORITY,0.7983309146403228,12,0.5543168668985321,0.8998452211554194,9073,0
LOC_166,2024-03-01,MANIPUR,0.0023612194,0.0,LOW,0.6554663834247659,0.17,0.6327083333333333,0.29277284585619145,LOW PRIORITY,0.7125003216639876,12,0.6846903711741752,0.6246748408609007,9073,0
LOC_166,2024-04-01,MANIPUR,0.06629902,0.06422018,LOW,0.7902381755830374,0.17,0.7119791666666666,0.3640444908957594,LOW PRIORITY,0.6399978017755908,10,0.8773728684222326,0.9769153654676592,9073,0
LOC_166,2024-05-01,MANIPUR,0.12938254,0.125,MEDIUM,0.7646182645495874,0.17,0.505625,0.35099831613739685,LOW PRIORITY,0.9684531004412692,9,0.5161016942074856,0.8739182635495943,9073,0
LOC_166,2024-06-01,MANIPUR,0.062078934,0.06422018,LOW,0.6279151496497256,0.17,0.8301041666666666,0.3411824844124314,LOW PRIORITY,0.601285001473181,11,0.6714355073314828,0.6056067564609052,9073,1
LOC_166,2024-07-01,MANIPUR,0.32538155,0.1780822,MEDIUM,0.797474990392504,0.17,0.7666666666666666,0.419601627598126,LOW PRIORITY,0.8393156091301642,13,0.902039358893806,0.8818783268793797,9073,0
LOC_166,2024-08-01,MANIPUR,0.011143903,0.037974678,LOW,0.7991991005039266,0.17,0.6327083333333333,0.34389589632598166,LOW PRIORITY,0.6045653705997424,3,0.9451689146485518,0.7470621167674123,9073,0
LOC_166,2024-09-01,MANIPUR,0.0041391635,0.013333334,LOW,0.6726735632986331,0.17,0.7747916666666667,0.3237204744246583,LOW PRIORITY,0.6758998577451067,13,0.6340891418378587,0.8140385869449007,9073,0
LOC_166,2024-10-01,MANIPUR,0.003615881,0.013333334,LOW,0.7758215307761038,0.17,0.505625,0.30913246629402596,LOW PRIORITY,0.7717755449804864,13,0.9156907695975663,0.8491531418596958,9073,0
LOC_166,2024-11-01,MANIPUR,0.0017282779,0.0,LOW,0.7511494469717157,0.17,0.505625,0.29763111174292894,LOW PRIORITY,0.8411060606864669,1,0.5539319029120466,0.6428931576216825,9073,0
LOC_167,2024-01-01,NAGALAND,0.00017863169,0.0,LOW,0.7568834677348335,0.265,0.511875,0.3190021169337084,LOW PRIORITY,0.6544226997881298,10,0.7409458445541828,0.9654986599303548,12939,0
LOC_167,2024-02-01,NAGALAND,0.009110335,0.037974678,LOW,0.7231935340238026,0.265,0.7103125,0.35553512970595064,LOW PRIORITY,0.9497416639773671,12,0.8194558765898102,0.5235765955280329,12939,0
LOC_167,2024-03-01,NAGALAND,0.0030187187,0.013333334,LOW,0.7312406807511753,0.265,0.505625,0.3169872537877938,LOW PRIORITY,0.9249940569366778,13,0.6605704555529225,0.7727315438484348,12939,0
LOC_167,2024-04-01,NAGALAND,0.09786856,0.11764706,MEDIUM,0.6918625124885003,0.265,0.6172916666666667,0.36561820212212504,LOW PRIORITY,0.9868080593955402,12,0.6064620825126219,0.5741799080458391,12939,0
LOC_167,2024-05-01,NAGALAND,0.4953271,0.21008404,MEDIUM,0.82949415331215,0.265,0.505625,0.4202509043280375,LOW PRIORITY,0.8931769764066331,9,0.7706536618628117,0.9541459749791552,12939,0
LOC_167,2024-06-01,NAGALAND,0.3104799,0.1780822,MEDIUM,0.7301259993499767,0.265,0.83125,0.43145187983749417,LOW PRIORITY,0.9610387191943464,7,0.5785475803371714,0.6142510312017223,12939,1
LOC_167,2024-07-01,NAGALAND,0.27378854,0.1780822,MEDIUM,0.8506278167594339,0.265,0.8958333333333334,0.47126483418985843,MEDIUM PRIORITY,0.9631460333527144,8,0.8208064641003665,0.8852254362513212,12939,0
LOC_167,2024-08-01,NAGALAND,0.062562525,0.06422018,LOW,0.7039514994083821,0.265,0.505625,0.33051969685209553,LOW PRIORITY,0.6774022965841114,4,0.6753521728820009,0.5963848615007494,12939,0
LOC_167,2024-09-01,NAGALAND,0.0016956385,0.0,LOW,0.7689348473131827,0.265,0.8309375,0.3698743368282957,LOW PRIORITY,0.6199320051018623,2,0.8363770633856569,0.6860969874318785,12939,0
LOC_167,2024-10-01,NAGALAND,0.0010894487,0.0,LOW,0.7305681061333047,0.265,0.505625,0.31148577653332615,LOW PRIORITY,0.8017339450921861,6,0.7809038390550707,0.5396346403859617,12939,0
LOC_167,2024-11-01,NAGALAND,0.00024523266,0.0,LOW,0.8188200537184347,0.265,0.5770833333333334,0.34426751342960865,LOW PRIORITY,0.7700136460875192,2,0.7231018258398892,0.8488314096129967,12939,0
LOC_168,2024-01-01,ARUNACHAL_PRADESH,0.0011403114,0.0,LOW,0.7980782699402725,0.57,0.505625,0.38936331748506814,LOW PRIORITY,0.7188293528513682,5,0.6426240056025943,0.997526387973794,28570,0
LOC_168,2024-02-01,ARUNACHAL_PRADESH,0.0026601409,0.013333333,LOW,0.8324099014916566,0.57,0.5814583333333333,0.41465455857291417,LOW PRIORITY,0.7854883951552393,9,0.921896924788818,0.9222542860225688,28570,0
LOC_168,2024-03-01,ARUNACHAL_PRADESH,0.00058021914,0.0,LOW,0.8493804618360195,0.57,0.6234375,0.41986074045900484,LOW PRIORITY,0.6500540549260556,2,0.8666359567451938,0.9474985023394952,28570,0
LOC_168,2024-04-01,ARUNACHAL_PRADESH,0.12055826,0.11764706,MEDIUM,0.7448597273803708,0.57,0.7339583333333333,0.45736750584509267,MEDIUM PRIORITY,0.6063630524112232,12,0.7780466843062972,0.9950291728039624,28570,0
LOC_168,2024-05-01,ARUNACHAL_PRADESH,0.4816025,0.21008404,MEDIUM,0.7076802307017215,0.57,0.7130208333333333,0.48190679867543035,MEDIUM PRIORITY,0.6367082683754822,2,0.5777302616567279,0.6829490594413425,28570,0
LOC_168,2024-06-01,ARUNACHAL_PRADESH,0.88296324,0.3043478,MEDIUM,0.7825567779047865,0.57,0.505625,0.5072220644761967,MEDIUM PRIORITY,0.8123185778487718,5,0.8253705691403117,0.6592046312967288,28570,0
LOC_168,2024-07-01,ARUNACHAL_PRADESH,0.31754225,0.1780822,MEDIUM,0.738689301899133,0.57,0.505625,0.4457489554747832,LOW PRIORITY,0.7186536983484723,8,0.884001233253584,0.6187689426611425,28570,1
LOC_168,2024-08-01,ARUNACHAL_PRADESH,0.13495196,0.17073172,MEDIUM,0.7301092600303555,0.57,0.9735416666666666,0.5108512530075888,MEDIUM PRIORITY,0.8438692043752385,12,0.7368803829644321,0.7396874527817512,28570,0
LOC_168,2024-09-01,ARUNACHAL_PRADESH,0.0008184521,0.0,LOW,0.8320559697683078,0.57,0.505625,0.39785774244207694,LOW PRIORITY,0.6357933737803958,4,0.9939506410110108,0.8318131976151575,28570,0
LOC_168,2024-10-01,ARUNACHAL_PRADESH,0.0002973645,0.0,LOW,0.777795214430979,0.57,0.5120833333333333,0.38526130360774474,LOW PRIORITY,0.8328522604447816,11,0.8252861023134153,0.8197091616323857,28570,0
LOC_168,2024-11-01,ARUNACHAL_PRADESH,0.000113203496,0.0,LOW,0.7763574732263885,0.57,0.7327083333333333,0.4179956183065971,LOW PRIORITY,0.7034643412092525,10,0.7949163525767747,0.94038253245286,28570,0
LOC_169,2024-01-01,MEGHALAYA,0.0026295434,0.013333334,LOW,0.7231093843222639,0.325,0.6984375,0.35587630468056597,LOW PRIORITY,0.9733916206621644,12,0.5195608877517377,0.7994850288751533,17422,0
LOC_169,2024-02-01,MEGHALAYA,0.0014557968,0.0,LOW,0.8507631333377537,0.325,0.6077083333333333,0.3688470333344384,LOW PRIORITY,0.9321300139046318,6,0.8536820102352181,0.8172405092111645,17422,0
LOC_169,2024-03-01,MEGHALAYA,0.004361423,0.013333334,LOW,0.8657629962337372,0.325,0.505625,0.3626178326584343,LOW PRIORITY,0.8954274075246766,2,0.9597121419397836,0.6745791021371553,17422,0
LOC_169,2024-04-01,MEGHALAYA,0.111074775,0.11764707,MEDIUM,0.7978733096110383,0.325,0.6804166666666667,0.41358965540275955,LOW PRIORITY,0.7589019343269994,11,0.9743917669195424,0.8248662038642779,17422,0
LOC_169,2024-05-01,MEGHALAYA,0.17447509,0.1780822,MEDIUM,0.8170095020523347,0.325,0.5422916666666666,0.42182900551308367,LOW PRIORITY,0.6800820730853203,4,0.725357632086243,0.9959316363711088,17422,1
LOC_169,2024-06-01,MEGHALAYA,0.604472,0.26530612,MEDIUM,0.7593920595726709,0.325,0.89375,0.49503296289316767,MEDIUM PRIORITY,0.8438173597775402,6,0.764996970371941,0.6287539081412026,17422,0
LOC_169,2024-07-01,MEGHALAYA,0.6248155,0.26530612,MEDIUM,0.8281196777750623,0.325,0.505625,0.45399611744376556,MEDIUM PRIORITY,0.9612779072045556,2,0.597075416849854,0.8207920537125063,17422,1
LOC_169,2024-08-01,MEGHALAYA,0.08554674,0.11764706,MEDIUM,0.6745535673305864,0.325,0.8448958333333334,0.40743159083264663,LOW PRIORITY,0.6185304804554979,3,0.6199104862827708,0.5597733025840765,17422,0
LOC_169,2024-09-01,MEGHALAYA,0.003229648,0.013333334,LOW,0.7658794650294645,0.325,0.694375,0.3659594498573661,LOW PRIORITY,0.7575762885576003,2,0.7158772214837498,0.6567310167431744,17422,0
LOC_169,2024-10-01,MEGHALAYA,0.0014325298,0.0,LOW,0.5769865403129212,0.325,0.505625,0.2850903850782303,LOW PRIORITY,0.6203157644624683,13,0.5976089686690906,0.523354761453459,17422,0
LOC_169,2024-11-01,MEGHALAYA,0.0027929896,0.013333334,LOW,0.8210282272814216,0.325,0.7255208333333334,0.3844185154203554,LOW PRIORITY,0.7774580018726929,1,0.9755358115632684,0.5644524290230579,17422,0
LOC_170,2024-01-01,SIKKIM,0.0007600826,0.0,LOW,0.788260093166952,0.45,0.505625,0.362908773291738,LOW PRIORITY,0.6011878701215311,3,0.7988778363476836,0.8529746661985932,23042,0
LOC_170,2024-02-01,SIKKIM,0.0042560175,0.013333334,LOW,0.7902100752035329,0.45,0.5265625,0.3718702274008832,LOW PRIORITY,0.9227102161905092,12,0.9391073412398534,0.6990227433837688,23042,0
LOC_170,2024-03-01,SIKKIM,0.00076754106,0.0,LOW,0.7849521771747539,0.45,0.7776041666666667,0.4028786692936885,LOW PRIORITY,0.7742642432185289,13,0.9032724607330826,0.895605338080737,23042,0
LOC_170,2024-04-01,SIKKIM,0.00088437414,0.0,LOW,0.7738912589513849,0.45,0.505625,0.35931656473784623,LOW PRIORITY,0.7221235066300172,6,0.5792265140869902,0.9942150150885318,23042,0
LOC_170,2024-05-01,SIKKIM,0.0196904,0.03797468,LOW,0.7383460864483464,0.45,0.8511458333333333,0.4174482686120866,LOW PRIORITY,0.806995640052278,5,0.6522410891550803,0.6608142832526941,23042,1
LOC_170,2024-06-01,SIKKIM,0.53964293,0.23529412,MEDIUM,0.7517984663180932,0.45,0.7589583333333334,0.48591101457952335,MEDIUM PRIORITY,0.9860986795731924,13,0.5957225738960401,0.8587059451364742,23042,1
LOC_170,2024-07-01,SIKKIM,0.24584636,0.1780822,MEDIUM,0.7270565060874936,0.45,0.6788541666666666,0.4448251315218734,LOW PRIORITY,0.6648779614256691,6,0.7126477407036191,0.7307003222206863,23042,0
LOC_170,2024-08-01,SIKKIM,0.005528166,0.013333333,LOW,0.7516394573815698,0.45,0.7453125,0.3950400725453925,LOW PRIORITY,0.6509734548571574,3,0.9448639065980228,0.5107204680710992,23042,1
LOC_170,2024-09-01,SIKKIM,0.0021729595,0.0,LOW,0.640496451236997,0.45,0.6788541666666666,0.3519522378092493,LOW PRIORITY,0.732989807213846,8,0.5213050664633696,0.5743575979374389,23042,0
LOC_170,2024-10-01,SIKKIM,0.0011245083,0.0,LOW,0.788076624476306,0.45,0.505625,0.3628629061190765,LOW PRIORITY,0.6952202077820183,6,0.770764580625594,0.8863217094976119,23042,0
LOC_170,2024-11-01,SIKKIM,0.0006862738,0.0,LOW,0.7312054513279487,0.45,0.5636458333333334,0.3573482378319872,LOW PRIORITY,0.8857327787975326,8,0.539562814137936,0.7661928790429926,23042,0
LOC_171,2024-01-01,SIKKIM,0.0013549894,0.0,LOW,0.7219320096605316,0.985,0.5190625,0.4553423774151329,MEDIUM PRIORITY,0.9115922059743522,11,0.7295556064954187,0.6132468928390222,49901,0
LOC_171,2024-02-01,SIKKIM,0.0009844665,0.0,LOW,0.6635663438493233,0.985,0.5527083333333334,0.44579783596233086,LOW PRIORITY,0.7509747979857895,13,0.7346085341099331,0.6020153766349041,49901,0
LOC_171,2024-03-01,SIKKIM,0.00064837263,0.0,LOW,0.6564044864310352,0.985,0.7045833333333333,0.4667886216077588,MEDIUM PRIORITY,0.6051021750669133,10,0.7125840273886149,0.641265076601946,49901,0
LOC_171,2024-04-01,SIKKIM,0.018129732,0.037974678,LOW,0.7769301891797081,0.985,0.7053125,0.512219293494927,MEDIUM PRIORITY,0.7160941318248939,7,0.7738908666498194,0.8510690915774527,49901,0
LOC_171,2024-05-01,SIKKIM,0.09142969,0.11764707,MEDIUM,0.6234340302371544,0.985,0.7869791666666667,0.5179642105592885,MEDIUM PRIORITY,0.7903070059154342,13,0.6149140378937001,0.5218484104728167,49901,1
LOC_171,2024-06-01,SIKKIM,0.61418784,0.26530612,MEDIUM,0.7688625046823363,0.985,0.7277083333333334,0.604494324170584,MEDIUM PRIORITY,0.6534614102444631,2,0.5009189846730167,0.9877362904785316,49901,0
LOC_171,2024-07-01,SIKKIM,0.17102297,0.1780822,MEDIUM,0.7718189771094376,0.985,0.505625,0.5370313742773595,MEDIUM PRIORITY,0.799936928815624,3,0.8483368949827219,0.5390020846394048,49901,1
LOC_171,2024-08-01,SIKKIM,0.60542744,0.26530612,MEDIUM,0.8179662863873011,0.985,0.8934375000000001,0.6416296445968253,MEDIUM PRIORITY,0.8069495066228116,1,0.6619157516769218,0.836333220582804,49901,0
LOC_171,2024-09-01,SIKKIM,0.0072912825,0.03797468,LOW,0.6525686569624156,0.985,0.505625,0.4511757862406039,MEDIUM PRIORITY,0.6458642259362027,13,0.6208364137013781,0.7769073215454152,49901,0
LOC_171,2024-10-01,SIKKIM,0.0021123025,0.0,LOW,0.7716724899828717,0.985,0.505625,0.46576187249571793,MEDIUM PRIORITY,0.7496893073792275,8,0.7808783976554112,0.8227889215635149,49901,0
LOC_171,2024-11-01,SIKKIM,0.00044346653,0.0,LOW,0.8129461054013901,0.985,0.7146874999999999,0.5074396513503475,MEDIUM PRIORITY,0.8401610458184958,4,0.6870227680143624,0.8579339411060357,49901,0
LOC_172,2024-01-01,NAGALAND,0.00022451652,0.0,LOW,0.620152261573935,0.525,0.5591666666666666,0.3439130653934837,LOW PRIORITY,0.7245929665115423,13,0.613422469050195,0.5759269440673358,27431,0
LOC_172,2024-02-01,NAGALAND,0.00034099308,0.0,LOW,0.685004387114662,0.525,0.505625,0.35209484677866554,LOW PRIORITY,0.7418943785626023,7,0.5114344479323876,0.7200220552969914,27431,0
LOC_172,2024-03-01,NAGALAND,0.007635823,0.03797468,LOW,0.729588428552155,0.525,0.8043750000000001,0.4232432291380388,LOW PRIORITY,0.9215781442064652,13,0.7696419280837078,0.6604669752517802,27431,0
LOC_172,2024-04-01,NAGALAND,0.22024815,0.1780822,MEDIUM,0.6663418278781937,0.525,0.7403124999999999,0.45386521196954843,MEDIUM PRIORITY,0.658637088755819,11,0.7108661874957418,0.662530701927881,27431,0
LOC_172,2024-05-01,NAGALAND,0.20135875,0.1780822,MEDIUM,0.7660406137480997,0.525,0.7194791666666667,0.47566490843702497,MEDIUM PRIORITY,0.8309165548289521,6,0.6846666361625086,0.7485792640009378,27431,0
LOC_172,2024-06-01,NAGALAND,0.4151756,0.21008404,MEDIUM,0.7544535116313053,0.525,0.7233333333333334,0.4861469939078263,MEDIUM PRIORITY,0.6896397660594206,5,0.628507010642873,0.8663339364895941,27431,1
LOC_172,2024-07-01,NAGALAND,0.67170554,0.28735632,MEDIUM,0.7092689621404118,0.525,0.7129166666666666,0.5041972685351029,MEDIUM PRIORITY,0.6846348806779843,11,0.9571753245899411,0.5619323099603885,27431,0
LOC_172,2024-08-01,NAGALAND,0.022249492,0.03797468,LOW,0.8987241044808711,0.525,0.505625,0.42071464812021775,LOW PRIORITY,0.9609991125559096,7,0.992942655264672,0.8742879834362365,27431,0
LOC_172,2024-09-01,NAGALAND,0.0051788012,0.013333334,LOW,0.7391930589920661,0.525,0.7123958333333333,0.4019909733480165,LOW PRIORITY,0.6929037585173496,10,0.8278569231116657,0.7693448876725819,27431,0
LOC_172,2024-10-01,NAGALAND,0.0028015731,0.013333334,LOW,0.7816738151158202,0.525,0.505625,0.381595537378955,LOW PRIORITY,0.6584715700032074,8,0.9790079960514266,0.7558823610753133,27431,0
LOC_172,2024-11-01,NAGALAND,0.0010472105,0.0,LOW,0.8966428686777042,0.525,0.7236458333333333,0.43770759216942606,LOW PRIORITY,0.8533316714953106,3,0.8576339861778943,0.9756058170376116,27431,0
LOC_173,2024-01-01,MANIPUR,0.0018512928,0.0,LOW,0.7944093982166198,0.1,0.5190625,0.296461724554155,LOW PRIORITY,0.7486395194128326,4,0.9780172589532954,0.5843141478336847,6776,0
LOC_173,2024-02-01,MANIPUR,0.0009455168,0.0,LOW,0.8301982006533015,0.1,0.5698958333333333,0.3130339251633254,LOW PRIORITY,0.9588918853096604,8,0.7113286698172198,0.9172389141529924,6776,0
LOC_173,2024-03-01,MANIPUR,0.009140378,0.037974678,LOW,0.7897074715007264,0.1,0.6607291666666666,0.3317261140751816,LOW PRIORITY,0.8217872632279781,9,0.8651035028295211,0.7719391199454064,6776,0
LOC_173,2024-04-01,MANIPUR,0.004015445,0.013333334,LOW,0.7575621166384334,0.1,0.505625,0.29056761275960835,LOW PRIORITY,0.8948717425213119,10,0.6095987878075392,0.8591112695582159,6776,0
LOC_173,2024-05-01,MANIPUR,0.17074406,0.1780822,MEDIUM,0.774197668666048,0.1,0.6403125000000001,0.380829172166512,LOW PRIORITY,0.9526129265147352,11,0.9814323848871682,0.5294120299289553,6776,0
LOC_173,2024-06-01,MANIPUR,0.65639794,0.28735632,MEDIUM,0.7801134101207254,0.1,0.6923958333333333,0.43383025553018134,LOW PRIORITY,0.9634271392549482,9,0.8169121411157974,0.6401143601121567,6776,1
LOC_173,2024-07-01,MANIPUR,0.044422686,0.06422018,LOW,0.8023686889315427,0.1,0.9724999999999999,0.39215524423288567,LOW PRIORITY,0.9998890497055446,9,0.8258611221175773,0.683724583903049,6776,0
LOC_173,2024-08-01,MANIPUR,0.64987284,0.28735632,MEDIUM,0.7224131718838154,0.1,0.505625,0.39138957097095384,LOW PRIORITY,0.7668388057248936,5,0.6105112580236489,0.6789692904533856,6776,0
LOC_173,2024-09-01,MANIPUR,0.0012086377,0.0,LOW,0.8577694857449502,0.1,0.505625,0.3102861214362375,LOW PRIORITY,0.7064748511333928,3,0.9306937064209706,0.8939093854254372,6776,0
LOC_173,2024-10-01,MANIPUR,0.0018781582,0.0,LOW,0.8259238460310425,0.1,0.6202083333333333,0.31951221150776066,LOW PRIORITY,0.7539540947063811,2,0.8655098415460936,0.750898114538362,6776,0
LOC_173,2024-11-01,MANIPUR,0.0007932603,0.0,LOW,0.7767615290547166,0.1,0.65,0.3116903822636792,LOW PRIORITY,0.6993593853848881,5,0.9501713429897168,0.6241820545109278,6776,0
LOC_174,2024-01-01,SIKKIM,0.0005544646,0.0,LOW,0.8073817993054964,0.855,0.6479166666666667,0.4700329498263741,MEDIUM PRIORITY,0.8980571707003078,6,0.7672761625351904,0.7641938639864873,42652,0
LOC_174,2024-02-01,SIKKIM,0.0011584454,0.0,LOW,0.6833676379981248,0.855,0.6788541666666666,0.4436700344995312,LOW PRIORITY,0.7798279766744929,5,0.5354818801681538,0.5848273618165194,42652,0
LOC_174,2024-03-01,SIKKIM,0.0010952512,0.0,LOW,0.6910167930493166,0.855,0.505625,0.41959794826232916,LOW PRIORITY,0.9902013483208998,11,0.5035729685718957,0.6369595219711375,42652,0
LOC_174,2024-04-01,SIKKIM,0.21608356,0.1780822,MEDIUM,0.8052387345792389,0.855,0.7684375,0.5588081886448097,MEDIUM PRIORITY,0.7859464870361131,8,0.8866911486129562,0.8149839693345531,42652,1
LOC_174,2024-05-01,SIKKIM,0.3162028,0.1780822,MEDIUM,0.7298527334526358,0.855,0.9192708333333333,0.562586688363159,MEDIUM PRIORITY,0.6042909420431856,5,0.8680305126180392,0.6137561458159853,42652,0
LOC_174,2024-06-01,SIKKIM,0.90797937,0.3043478,MEDIUM,0.7581446585639279,0.855,0.5770833333333334,0.568837784640982,MEDIUM PRIORITY,0.8092827273730502,8,0.8409307256991216,0.6490318478502064,42652,0
LOC_174,2024-07-01,SIKKIM,0.10145319,0.11764705,MEDIUM,0.7637218241174819,0.855,0.505625,0.4848330260293705,MEDIUM PRIORITY,0.8724535509959717,1,0.5551158637685822,0.6606512150387072,42652,1
LOC_174,2024-08-01,SIKKIM,0.46415374,0.21008405,MEDIUM,0.7409298564927673,0.855,0.8805208333333333,0.5723442091231918,MEDIUM PRIORITY,0.8291115037484,13,0.7272882428304218,0.8406530127255814,42652,0
LOC_174,2024-09-01,SIKKIM,0.014966883,0.037974678,LOW,0.7769693682227485,0.855,0.505625,0.45627596325568714,MEDIUM PRIORITY,0.7431342517823742,4,0.8018068207166315,0.6962697337253219,42652,0
LOC_174,2024-10-01,SIKKIM,0.00050873565,0.0,LOW,0.6304253485855424,0.855,0.505625,0.40445008714638564,LOW PRIORITY,0.7394674489108309,10,0.5301109979868008,0.5854562807778714,42652,0
LOC_174,2024-11-01,SIKKIM,0.00094464835,0.0,LOW,0.6855734445081383,0.855,0.505625,0.41823711112703454,LOW PRIORITY,0.7408119217911913,6,0.6363957418884825,0.5650861143528795,42652,0
LOC_175,2024-01-01,NAGALAND,0.00094269146,0.0,LOW,0.841686239503533,0.295,0.505625,0.3452653098758832,LOW PRIORITY,0.6844344159940003,3,0.7959142439814282,0.986396298038704,14547,0
LOC_175,2024-02-01,NAGALAND,0.0011976367,0.0,LOW,0.8285655550816993,0.295,0.6984375,0.3709070137704248,LOW PRIORITY,0.9196271201541772,6,0.7106550092049422,0.8839800909676776,14547,0
LOC_175,2024-03-01,NAGALAND,0.018330568,0.037974678,LOW,0.9132519722664825,0.295,0.6202083333333333,0.39553411426662066,LOW PRIORITY,0.8614286984487476,2,0.9951964111176034,0.8630494461662456,14547,0
LOC_175,2024-04-01,NAGALAND,0.014923388,0.03797468,LOW,0.7350943529423511,0.295,0.5464583333333333,0.3399322102355878,LOW PRIORITY,0.917137368705868,12,0.9070315210010068,0.5162085220625297,14547,0
LOC_175,2024-05-01,NAGALAND,0.5340107,0.21008404,MEDIUM,0.6845128633558452,0.295,0.5770833333333334,0.4007243318389613,LOW PRIORITY,0.8209032066824904,12,0.6945136326772208,0.6226346140636696,14547,0
LOC_175,2024-06-01,NAGALAND,0.12306437,0.11764706,MEDIUM,0.8748479538417507,0.295,0.7197916666666666,0.43273956246043765,LOW PRIORITY,0.7255572686999614,3,0.9589368306144664,0.9148977160525752,14547,0
LOC_175,2024-07-01,NAGALAND,0.39023823,0.21008405,MEDIUM,0.6610901975902722,0.295,0.505625,0.38414991939756804,LOW PRIORITY,0.6635912201899531,10,0.7472565566352178,0.5668463468692513,14547,0
LOC_175,2024-08-01,NAGALAND,0.45586342,0.21008404,MEDIUM,0.689163011261007,0.295,0.7057291666666667,0.4211837438152518,LOW PRIORITY,0.7160050296319165,5,0.675367987580978,0.5319456944977999,14547,0
LOC_175,2024-09-01,NAGALAND,0.0027125205,0.013333334,LOW,0.8097329986648475,0.295,0.5770833333333334,0.3533290832662118,LOW PRIORITY,0.6860141340029596,1,0.7048416335305587,0.881409560459205,14547,0
LOC_175,2024-10-01,NAGALAND,0.00041959411,0.0,LOW,0.9057829525845087,0.295,0.505625,0.36128948814612716,LOW PRIORITY,0.957608854499206,5,0.8342090137951823,0.9979806087103128,14547,0
LOC_175,2024-11-01,NAGALAND,9.710587e-05,0.0,LOW,0.7435409617870776,0.295,0.5109375,0.3215258654467694,LOW PRIORITY,0.7037491071831109,8,0.5465695605535639,0.9905118460783024,14547,0
LOC_176,2024-01-01,NAGALAND,0.0018602693,0.0,LOW,0.7579502906454628,0.345,0.505625,0.33433132266136567,LOW PRIORITY,0.8329869888550738,11,0.8369031529018038,0.7285776874916405,17967,0
LOC_176,2024-02-01,NAGALAND,0.0051624584,0.013333334,LOW,0.8319602705075992,0.345,0.5410416666666666,0.3634796512268998,LOW PRIORITY,0.947868363027008,2,0.8727745652448127,0.5738648204252428,17967,0
LOC_176,2024-03-01,NAGALAND,0.0006507616,0.0,LOW,0.7119261841914395,0.345,0.5422916666666666,0.32832529604785987,LOW PRIORITY,0.9780764856792896,6,0.5469301332033354,0.5226981178831333,17967,0
LOC_176,2024-04-01,NAGALAND,0.071189374,0.06422018,LOW,0.6760889568830812,0.345,0.6303125,0.3582571862207703,LOW PRIORITY,0.6483667093250501,7,0.5503689395176319,0.7389535120229767,17967,0
LOC_176,2024-05-01,NAGALAND,0.35275948,0.19565217,MEDIUM,0.6654730105475377,0.345,0.8983333333333334,0.44837912063688445,LOW PRIORITY,0.7859159089463836,9,0.6065783542135594,0.569397779030208,17967,0
LOC_176,2024-06-01,NAGALAND,0.573112,0.26530612,MEDIUM,0.826044528440087,0.345,0.505625,0.45747733011002173,MEDIUM PRIORITY,0.9208228748265472,6,0.9595829240650092,0.6237723148687913,17967,0
LOC_176,2024-07-01,NAGALAND,0.08946934,0.11764706,MEDIUM,0.7723583128940041,0.345,0.82125,0.43233590222350105,LOW PRIORITY,0.8485143538562996,8,0.9940961334981592,0.5134894308882247,17967,0
LOC_176,2024-08-01,NAGALAND,0.11807408,0.11764706,MEDIUM,0.7570768672217988,0.345,0.505625,0.38117179080544966,LOW PRIORITY,0.700825031129283,4,0.5396432993262282,0.9211724717650174,17967,0
LOC_176,2024-09-01,NAGALAND,0.041630905,0.06422018,LOW,0.7907089316334881,0.345,0.6051041666666667,0.38313092990837205,LOW PRIORITY,0.8039073653541496,2,0.6336817689452964,0.7919132589011733,17967,0
LOC_176,2024-10-01,NAGALAND,0.0019743172,0.0,LOW,0.7524308808360443,0.345,0.505625,0.33295147020901106,LOW PRIORITY,0.6230416349964756,4,0.5531674169417249,0.96684780473931,17967,0
LOC_176,2024-11-01,NAGALAND,0.0008174805,0.0,LOW,0.6960524513856732,0.345,0.5422916666666666,0.3243568628464183,LOW PRIORITY,0.6473849492303985,9,0.5189306326459708,0.9178942236663232,17967,0
LOC_177,2024-01-01,TRIPURA,0.0015572633,0.0,LOW,0.7688473385852608,0.84,0.9538541666666667,0.5032899596463152,MEDIUM PRIORITY,0.903026497895698,8,0.5877720096151768,0.851257513496835,42125,0
LOC_177,2024-02-01,TRIPURA,0.0059595373,0.037974678,LOW,0.7122750330535295,0.84,0.505625,0.4371023794633824,LOW PRIORITY,0.8991507139473593,8,0.5580584943298912,0.6585575906035338,42125,0
LOC_177,2024-03-01,TRIPURA,0.028399177,0.057142857,LOW,0.7657798691227163,0.84,0.505625,0.4581458600806791,MEDIUM PRIORITY,0.8522585790937669,12,0.9963427672432146,0.6145181301538838,42125,0
LOC_177,2024-04-01,TRIPURA,0.23273352,0.1780822,MEDIUM,0.7753445244232371,0.84,0.5822916666666667,0.5204127611058094,MEDIUM PRIORITY,0.9937316688170588,13,0.8121346515972939,0.7288451106119294,42125,0
LOC_177,2024-05-01,TRIPURA,0.28032044,0.1780822,MEDIUM,0.826002603191261,0.84,0.665625,0.5455772807978153,MEDIUM PRIORITY,0.8099779981930038,4,0.8821450283795286,0.7452207195258449,42125,0
LOC_177,2024-06-01,TRIPURA,0.22529055,0.1780822,MEDIUM,0.7691256543090765,0.84,0.6681250000000001,0.5317330435772691,MEDIUM PRIORITY,0.7207877117480989,10,0.9295430346643876,0.7595052041571533,42125,0
LOC_177,2024-07-01,TRIPURA,0.84075606,0.3043478,MEDIUM,0.72759249434608,0.84,0.6204166666666666,0.56469974358652,MEDIUM PRIORITY,0.9907800149598528,12,0.5901873581152675,0.7294026043091997,42125,0
LOC_177,2024-08-01,TRIPURA,0.09560406,0.11764707,MEDIUM,0.746729623066652,0.84,0.6503125000000001,0.4992881087666631,MEDIUM PRIORITY,0.7965589887585921,6,0.7698195310560114,0.6205399724520049,42125,0
LOC_177,2024-09-01,TRIPURA,0.010946214,0.03797468,LOW,0.7393191053950167,0.84,0.8092708333333334,0.4894102733487542,MEDIUM PRIORITY,0.7291984300886624,1,0.5361896812363933,0.7252216435883445,42125,0
LOC_177,2024-10-01,TRIPURA,0.0015289417,0.0,LOW,0.7066082751188845,0.84,0.505625,0.4204958187797211,LOW PRIORITY,0.7079925912747157,13,0.6746339381299702,0.8771399044041852,42125,0
LOC_177,2024-11-01,TRIPURA,0.0040702866,0.013333334,LOW,0.8721018778912386,0.84,0.505625,0.46720255307280967,MEDIUM PRIORITY,0.9625027720892904,7,0.910344892974562,0.8488931798344357,42125,0
LOC_178,2024-01-01,TRIPURA,0.001802733,0.0,LOW,0.7797245855730709,0.205,0.6575,0.3345561463932677,LOW PRIORITY,0.722119562682885,8,0.9740648596035512,0.689380586672514,10768,0
LOC_178,2024-02-01,TRIPURA,0.0011122773,0.0,LOW,0.7675465443728644,0.205,0.505625,0.3087303860932161,LOW PRIORITY,0.8517424195523751,10,0.8809439591781016,0.6708331320943139,10768,0
LOC_178,2024-03-01,TRIPURA,0.0023017884,0.0,LOW,0.7733747341536177,0.205,0.535625,0.31468743353840445,LOW PRIORITY,0.8122592643656079,11,0.9056027379659436,0.7423036009495858,10768,0
LOC_178,2024-04-01,TRIPURA,0.023568219,0.05,LOW,0.6482613472939658,0.205,0.8123958333333334,0.3449247118234915,LOW PRIORITY,0.7681958524948339,7,0.5146962623029834,0.5434866077113791,10768,0
LOC_178,2024-05-01,TRIPURA,0.5754475,0.26530612,MEDIUM,0.7943225271863321,0.205,0.505625,0.421546829796583,LOW PRIORITY,0.8894766412720072,1,0.6626409855249538,0.6585058152817005,10768,0
LOC_178,2024-06-01,TRIPURA,0.48238918,0.21008402,MEDIUM,0.783502026224626,0.205,0.8105208333333334,0.4424872395561565,LOW PRIORITY,0.914100705412613,4,0.52004052820643,0.8332002046127941,10768,1
LOC_178,2024-07-01,TRIPURA,0.37296382,0.19999999,MEDIUM,0.8775098730976272,0.205,0.8036458333333334,0.4609243392744068,MEDIUM PRIORITY,0.8097781716918849,1,0.8882461209381352,0.845348533093822,10768,0
LOC_178,2024-08-01,TRIPURA,0.037659183,0.06422018,LOW,0.7867536399465547,0.205,0.505625,0.33922023198663864,LOW PRIORITY,0.7146163474463344,5,0.902646960991208,0.6964179180153427,10768,0
LOC_178,2024-09-01,TRIPURA,0.00078386965,0.0,LOW,0.6422599420679413,0.205,0.860625,0.3306587355169853,LOW PRIORITY,0.627528440245073,9,0.5974942397368719,0.6440170882898206,10768,0
LOC_178,2024-10-01,TRIPURA,0.0023507613,0.0,LOW,0.7159960026186759,0.205,0.505625,0.295842750654669,LOW PRIORITY,0.9034475097792468,5,0.6098470056026348,0.5173561617594882,10768,0
LOC_178,2024-11-01,TRIPURA,0.0011077868,0.0,LOW,0.7416826705746324,0.205,0.5770833333333334,0.31298316764365813,LOW PRIORITY,0.7126009126851289,2,0.7830215723581251,0.5377748639219424,10768,0
LOC_179,2024-01-01,NAGALAND,0.002706999,0.013333334,LOW,0.790287160845361,0.185,0.5276041666666667,0.31904574881134024,LOW PRIORITY,0.6426238194853336,2,0.934199616578746,0.6509918739840309,10127,0
LOC_179,2024-02-01,NAGALAND,0.00063091866,0.0,LOW,0.9022429487695187,0.185,0.5994791666666667,0.35248261219237964,LOW PRIORITY,0.7377393475192617,3,0.9876093836034544,0.9836230639553588,10127,0
LOC_179,2024-03-01,NAGALAND,0.002188744,0.0,LOW,0.761911096748017,0.185,0.798125,0.34719652418700425,LOW PRIORITY,0.7403739398104972,4,0.7046319422308616,0.7359718382840429,10127,0
LOC_179,2024-04-01,NAGALAND,0.07097609,0.06422018,LOW,0.8574696797584648,0.185,0.65,0.37455549193961624,LOW PRIORITY,0.8816864584888449,11,0.9862375924539852,0.9286213347576956,10127,1
LOC_179,2024-05-01,NAGALAND,0.07118182,0.06422018,LOW,0.783032950033999,0.185,0.7410416666666666,0.36960255950849974,LOW PRIORITY,0.9469116157535789,13,0.6185816355008329,0.999971882214918,10127,0
LOC_179,2024-06-01,NAGALAND,0.26955968,0.1780822,MEDIUM,0.7772294676475646,0.185,0.5830208333333333,0.3899933719118911,LOW PRIORITY,0.9215414720115668,9,0.7681790189193618,0.7191973796593294,10127,0
LOC_179,2024-07-01,NAGALAND,0.43509823,0.21008405,MEDIUM,0.7197418929587639,0.185,0.6984375,0.405734718239691,LOW PRIORITY,0.9190773724770054,12,0.7701113208706558,0.5897788784873941,10127,0
LOC_179,2024-08-01,NAGALAND,0.010943261,0.037974678,LOW,0.7792309422571561,0.185,0.505625,0.32284135676428904,LOW PRIORITY,0.6674899148568577,3,0.9187370580948626,0.6306967960769038,10127,0
LOC_179,2024-09-01,NAGALAND,0.0048130313,0.013333335,LOW,0.858219727947257,0.185,0.7226041666666667,0.36527889098681426,LOW PRIORITY,0.6404492737379278,1,0.9340708040627168,0.8916921673217166,10127,0
LOC_179,2024-10-01,NAGALAND,0.0014107084,0.0,LOW,0.7696742129690353,0.185,0.505625,0.30526230324225884,LOW PRIORITY,0.9500528547864032,12,0.8510600615982267,0.6775839354915112,10127,0
LOC_179,2024-11-01,NAGALAND,0.0018310316,0.0,LOW,0.7945010229599961,0.185,0.6788541666666666,0.33745338073999903,LOW PRIORITY,0.7043657645880618,5,0.7676443198782756,0.8726606740403138,10127,0
LOC_180,2024-01-01,MIZORAM,0.0004329677,0.0,LOW,0.8428200735018424,0.875,0.505625,0.4615487683754606,MEDIUM PRIORITY,0.9176264054291507,3,0.5999908559849823,0.9536630325932368,44201,0
LOC_180,2024-02-01,MIZORAM,0.0023108765,0.0,LOW,0.7439305368858389,0.875,0.6264583333333333,0.4549513842214597,MEDIUM PRIORITY,0.9724301430617714,3,0.5155368274985875,0.5877551769829966,44201,0
LOC_180,2024-03-01,MIZORAM,0.0015851544,0.0,LOW,0.6876024687249411,0.875,0.8769791666666666,0.4784474921812353,MEDIUM PRIORITY,0.7097210476149576,9,0.7308851262573495,0.6098037010274571,44201,0
LOC_180,2024-04-01,MIZORAM,0.77352226,0.3043478,MEDIUM,0.7095706648453155,0.875,0.505625,0.5499755362113289,MEDIUM PRIORITY,0.9183453504346452,12,0.683456120014963,0.6364811889316536,44201,0
LOC_180,2024-05-01,MIZORAM,0.7937984,0.3043478,MEDIUM,0.7225586019971157,0.875,0.6794791666666666,0.5793006454992791,MEDIUM PRIORITY,0.6604839606717394,4,0.7406518946280428,0.6224318860220142,44201,0
LOC_180,2024-06-01,MIZORAM,0.30531085,0.1780822,MEDIUM,0.8237520301631274,0.875,0.9238541666666666,0.5907490125407818,MEDIUM PRIORITY,0.9918930980539272,3,0.7338436019962036,0.6692714206023788,44201,1
LOC_180,2024-07-01,MIZORAM,0.88735133,0.3043478,MEDIUM,0.7816745932246522,0.875,0.8875,0.625282768306163,MEDIUM PRIORITY,0.958172125396297,3,0.5566172003395893,0.7119090471627224,44201,0
LOC_180,2024-08-01,MIZORAM,0.24492192,0.1780822,MEDIUM,0.775157624875483,0.875,0.505625,0.5158660362188707,MEDIUM PRIORITY,0.7084626988531294,10,0.7312294025809547,0.9942717314011806,44201,1
LOC_180,2024-09-01,MIZORAM,0.0025248697,0.013333334,LOW,0.7768546603270505,0.875,0.9642708333333334,0.5191876236817626,MEDIUM PRIORITY,0.6896609529287853,1,0.6722793037795379,0.7788117179332124,44201,0
LOC_180,2024-10-01,MIZORAM,0.001733541,0.0,LOW,0.7327092051098734,0.875,0.505625,0.4340210512774684,LOW PRIORITY,0.9532857496814748,2,0.5193646910402219,0.5248530463844636,44201,0
LOC_180,2024-11-01,MIZORAM,0.0008084815,0.0,LOW,0.8483351723903343,0.875,0.6417708333333334,0.4833494180975836,MEDIUM PRIORITY,0.7343196879208581,1,0.9763147207069408,0.7160396142668712,44201,0
LOC_181,2024-01-01,ASSAM,0.009428012,0.03797468,LOW,0.719898414521085,0.11,0.505625,0.29300822563027124,LOW PRIORITY,0.6746721708509208,11,0.9497812814073244,0.6218068724927619,7090,0
LOC_181,2024-02-01,ASSAM,0.0008677366,0.0,LOW,0.6245470318177154,0.11,0.7273958333333334,0.28724613295442886,LOW PRIORITY,0.8826491576770586,13,0.508935472487935,0.5399368304392014,7090,0
LOC_181,2024-03-01,ASSAM,0.003533503,0.013333334,LOW,0.6337872869872446,0.11,0.6907291666666666,0.28938953034681114,LOW PRIORITY,0.6510690188868572,10,0.5745048313529515,0.6429086310425032,7090,0
LOC_181,2024-04-01,ASSAM,0.2304866,0.1780822,MEDIUM,0.7629005379879714,0.11,0.505625,0.35980176449699286,LOW PRIORITY,0.8177203135264867,11,0.6245598096168452,0.9759886954752206,7090,0
LOC_181,2024-05-01,ASSAM,0.15458494,0.17073171,MEDIUM,0.7466595554178006,0.11,0.5623958333333333,0.3613169478544502,LOW PRIORITY,0.734350070778799,10,0.6243739522610805,0.9612475319646566,7090,0
LOC_181,2024-06-01,ASSAM,0.26916754,0.1780822,MEDIUM,0.753451549553983,0.11,0.6961458333333334,0.3860176423884958,LOW PRIORITY,0.8490384041369794,4,0.6782755325513916,0.6198255948608942,7090,1
LOC_181,2024-07-01,ASSAM,0.4376302,0.21008405,MEDIUM,0.8223407481508854,0.11,0.9275,0.4507438070377214,MEDIUM PRIORITY,0.970837186540258,12,0.8381037267929922,0.8804220792702915,7090,0
LOC_181,2024-08-01,ASSAM,0.22466783,0.1780822,MEDIUM,0.8470173267974641,0.11,0.505625,0.38083096169936603,LOW PRIORITY,0.8427483523908453,2,0.7243448169168938,0.8876428045487839,7090,0
LOC_181,2024-09-01,ASSAM,0.0054970738,0.013333334,LOW,0.7963631053160943,0.11,0.6984375,0.3311897349290236,LOW PRIORITY,0.9055342387219442,8,0.7918446711286053,0.7547401780804943,7090,0
LOC_181,2024-10-01,ASSAM,0.0024983706,0.0,LOW,0.744729601192358,0.11,0.5422916666666666,0.2895261502980895,LOW PRIORITY,0.7891979082985329,12,0.7482240992818879,0.8414963971890113,7090,0
LOC_181,2024-11-01,ASSAM,0.00095679105,0.0,LOW,0.8192524011374467,0.11,0.505625,0.3026568502843617,LOW PRIORITY,0.9838451569185104,3,0.8487716144107074,0.5443928332205692,7090,0
LOC_182,2024-01-01,SIKKIM,0.00072004844,0.0,LOW,0.7263784348460272,0.745,0.505625,0.4064383587115068,LOW PRIORITY,0.6846533772147545,13,0.8515774323735089,0.8026162631291783,37679,0
LOC_182,2024-02-01,SIKKIM,0.0022314952,0.0,LOW,0.8224466601317262,0.745,0.505625,0.4304554150329315,LOW PRIORITY,0.7080037415351446,6,0.8447977621136218,0.936985136878138,37679,0
LOC_182,2024-03-01,SIKKIM,0.007528039,0.03797468,LOW,0.6976382306493437,0.745,0.6819791666666666,0.44089630466233587,LOW PRIORITY,0.6326075635678159,2,0.5324020733705648,0.6922099523256608,37679,1
LOC_182,2024-04-01,SIKKIM,0.023277543,0.05,LOW,0.6678994311774322,0.745,0.9826041666666667,0.4833654827943581,MEDIUM PRIORITY,0.7227158287917225,11,0.5068758064583871,0.8086727561262861,37679,0
LOC_182,2024-05-01,SIKKIM,0.43035665,0.21008405,MEDIUM,0.8033415004536164,0.745,0.505625,0.5097127451134041,MEDIUM PRIORITY,0.7888968884464456,6,0.7928703113492985,0.8315988020187217,37679,0
LOC_182,2024-06-01,SIKKIM,0.6818815,0.28735632,MEDIUM,0.8691983931059617,0.745,0.7045833333333333,0.5869296262764905,MEDIUM PRIORITY,0.9728055748201409,2,0.8827721452134257,0.6878825190569464,37679,0
LOC_182,2024-07-01,SIKKIM,0.57804835,0.26530612,MEDIUM,0.7272011790386125,0.745,0.505625,0.5127664927596531,MEDIUM PRIORITY,0.8939573430281509,11,0.8233186090965008,0.5581954306964649,37679,1
LOC_182,2024-08-01,SIKKIM,0.09977836,0.11764705,MEDIUM,0.8498071788689195,0.745,0.9480208333333333,0.5507137397172299,MEDIUM PRIORITY,0.6914472924668337,5,0.9362578677563536,0.9381902219191574,37679,0
LOC_182,2024-09-01,SIKKIM,0.0072477385,0.03797468,LOW,0.8871522420971991,0.745,0.505625,0.4618216825242998,MEDIUM PRIORITY,0.9859517817211944,12,0.9833727659973976,0.9792844206702044,37679,0
LOC_182,2024-10-01,SIKKIM,0.0018971441,0.0,LOW,0.7451365719671199,0.745,0.505625,0.41112789299178,LOW PRIORITY,0.7934433621950612,5,0.681567295885164,0.672202296454921,37679,0
LOC_182,2024-11-01,SIKKIM,0.001710383,0.0,LOW,0.6258611717067513,0.745,0.6788541666666666,0.4072934179266878,LOW PRIORITY,0.6618862600503149,10,0.5533199146965853,0.6215718454134382,37679,0
LOC_183,2024-01-01,SIKKIM,0.0034982304,0.013333334,LOW,0.8404310817070062,0.255,0.6327083333333333,0.36134735402675155,LOW PRIORITY,0.7360324529324951,1,0.8975193161827202,0.7615058910461426,12653,0
LOC_183,2024-02-01,SIKKIM,0.0009091201,0.0,LOW,0.7287025489214268,0.255,0.6479166666666667,0.3303631372303567,LOW PRIORITY,0.7014091344598552,4,0.6135027581333437,0.7332316364258417,12653,0
LOC_183,2024-03-01,SIKKIM,0.006667614,0.03797468,LOW,0.850438807594558,0.255,0.6975,0.3834245738986395,LOW PRIORITY,0.85910103713499,1,0.6748304407606649,0.9011570858159104,12653,0
LOC_183,2024-04-01,SIKKIM,0.18965068,0.1780822,MEDIUM,0.8064624236178402,0.255,0.5770833333333334,0.41041098590446,LOW PRIORITY,0.8814100196377149,7,0.9943213218991896,0.5834516862677892,12653,0
LOC_183,2024-05-01,SIKKIM,0.3472084,0.19565217,MEDIUM,0.7891910981242016,0.255,0.9784375000000001,0.4733242675310504,MEDIUM PRIORITY,0.7068147361418519,1,0.5910628951023631,0.8922200945859247,12653,1
LOC_183,2024-06-01,SIKKIM,0.53010684,0.21008404,MEDIUM,0.7757368084263523,0.255,0.68875,0.43228031810658807,LOW PRIORITY,0.6406242227173395,3,0.643369920674405,0.9189530903136648,12653,0
LOC_183,2024-07-01,SIKKIM,0.87537825,0.3043478,MEDIUM,0.8813372476322621,0.255,0.505625,0.4689171819080655,MEDIUM PRIORITY,0.8777423121949163,1,0.7833734387095256,0.8975665729579394,12653,0
LOC_183,2024-08-01,SIKKIM,0.10825983,0.11764707,MEDIUM,0.860614019171196,0.255,0.505625,0.38905608279279896,LOW PRIORITY,0.8978258792682199,13,0.9999642598961924,0.9779992708537046,12653,0
LOC_183,2024-09-01,SIKKIM,0.006922203,0.03797468,LOW,0.7488445838719265,0.255,0.665625,0.35324476796798165,LOW PRIORITY,0.7493115011630237,3,0.6409414975286671,0.7051253367960153,12653,0
LOC_183,2024-10-01,SIKKIM,0.00080661493,0.0,LOW,0.6832546359932454,0.255,0.709375,0.3282199089983113,LOW PRIORITY,0.6616439331083653,9,0.8580427505709454,0.513331860293671,12653,0
LOC_183,2024-11-01,SIKKIM,0.0009642407,0.0,LOW,0.82459033905237,0.255,0.505625,0.3329913347630925,LOW PRIORITY,0.7033129739912374,1,0.6882932492054055,0.9400884663461704,12653,0
LOC_184,2024-01-01,ASSAM,0.0014127654,0.0,LOW,0.8039885520716158,0.145,0.505625,0.30584088801790393,LOW PRIORITY,0.9556776860105044,5,0.8478827547544354,0.57906043418819,8179,0
LOC_184,2024-02-01,ASSAM,0.014582537,0.037974678,LOW,0.8253111591682866,0.145,0.505625,0.3263614109920716,LOW PRIORITY,0.8561774170904135,5,0.7486735625897892,0.8630603236596104,8179,0
LOC_184,2024-03-01,ASSAM,0.00021143249,0.0,LOW,0.6415941220176458,0.145,0.5464583333333333,0.27136728050441145,LOW PRIORITY,0.7820471441225886,11,0.5091267541079317,0.6418692565067294,8179,0
LOC_184,2024-04-01,ASSAM,0.017471487,0.037974678,LOW,0.7050190365932889,0.145,0.7942708333333334,0.33958525534832223,LOW PRIORITY,0.7712134080636293,4,0.5074237412783014,0.6747723303645585,8179,0
LOC_184,2024-05-01,ASSAM,0.3900651,0.21008404,MEDIUM,0.7634756563362664,0.145,0.5770833333333334,0.39046503008406663,LOW PRIORITY,0.6590373420839769,3,0.8558815834588049,0.6389836998022838,8179,0
LOC_184,2024-06-01,ASSAM,0.7830206,0.3043478,MEDIUM,0.7817943902149176,0.145,0.6594791666666666,0.44510959255372945,LOW PRIORITY,0.826257938043468,9,0.7908276360738982,0.810091986742304,8179,1
LOC_184,2024-07-01,ASSAM,0.8069271,0.3043478,MEDIUM,0.7161230721842926,0.145,0.8785416666666667,0.4615511380460732,MEDIUM PRIORITY,0.6745379892908628,1,0.6423894516764744,0.5808981811031664,8179,0
LOC_184,2024-08-01,ASSAM,0.007046038,0.037974678,LOW,0.7462348814295638,0.145,0.505625,0.30659234155739096,LOW PRIORITY,0.9325979104714656,13,0.954188138227502,0.5314868103526214,8179,0
LOC_184,2024-09-01,ASSAM,0.0074009886,0.03797468,LOW,0.7825821337592296,0.145,0.7264583333333333,0.34880415543980736,LOW PRIORITY,0.7449147112847022,2,0.5556427474667074,0.896437742952175,8179,0
LOC_184,2024-10-01,ASSAM,0.00016551999,0.0,LOW,0.6548224673420389,0.145,0.505625,0.26854936683550973,LOW PRIORITY,0.6387910650568781,13,0.7978247347816284,0.6160074028629823,8179,0
LOC_184,2024-11-01,ASSAM,0.0036773803,0.013333334,LOW,0.7820300541931353,0.145,0.8279166666666666,0.3540283471482838,LOW PRIORITY,0.801442441433858,1,0.68408988584941,0.6759212228226064,8179,0
LOC_185,2024-01-01,SIKKIM,0.0016853444,0.0,LOW,0.7022446872465011,0.575,0.6840625,0.3931705468116253,LOW PRIORITY,0.7366589879861405,6,0.5205755448255556,0.7517442161743086,29380,0
LOC_185,2024-02-01,SIKKIM,0.0008968525,0.0,LOW,0.7600691813379108,0.575,0.7203125,0.4130641703344777,LOW PRIORITY,0.998748049743974,12,0.655096305850145,0.7864323697575243,29380,0
LOC_185,2024-03-01,SIKKIM,0.00035599511,0.0,LOW,0.692075019000397,0.575,0.6343749999999999,0.38317500475009925,LOW PRIORITY,0.6989141864143946,13,0.7828450772617557,0.7198741456587716,29380,0
LOC_185,2024-04-01,SIKKIM,0.021557871,0.037974678,LOW,0.7188203231459227,0.575,0.6538541666666666,0.40797307698648066,LOW PRIORITY,0.8764484710727637,11,0.5584284784319378,0.8070710097456559,29380,0
LOC_185,2024-05-01,SIKKIM,0.4540956,0.21008402,MEDIUM,0.6705742082085244,0.575,0.6327083333333333,0.4615834100521311,MEDIUM PRIORITY,0.7092247879928948,13,0.7556518414879663,0.6507535366865704,29380,0
LOC_185,2024-06-01,SIKKIM,0.7351671,0.28735632,MEDIUM,0.7288820913789085,0.575,0.7936458333333334,0.5312099258447271,MEDIUM PRIORITY,0.664664999853379,6,0.7787282623485277,0.6721351033137272,29380,0
LOC_185,2024-07-01,SIKKIM,0.13787898,0.17073171,MEDIUM,0.7928196706293209,0.575,0.505625,0.4573413516573302,MEDIUM PRIORITY,0.9560285903753748,5,0.8489588500961878,0.5329579087123877,29380,0
LOC_185,2024-08-01,SIKKIM,0.021097334,0.037974678,LOW,0.9500323444267678,0.575,0.6327083333333333,0.46260420730669194,MEDIUM PRIORITY,0.963394124487031,2,0.916205820258339,0.987196099628368,29380,0
LOC_185,2024-09-01,SIKKIM,0.0112378355,0.037974678,LOW,0.777949928201962,0.575,0.6440625,0.4212867282504905,LOW PRIORITY,0.7010504766501586,1,0.6637268334074187,0.7803557360836036,29380,0
LOC_185,2024-10-01,SIKKIM,0.001070491,0.0,LOW,0.750971187429031,0.575,0.505625,0.37858654685725773,LOW PRIORITY,0.8435800270248838,10,0.6535360126488635,0.84010204337571,29380,0
LOC_185,2024-11-01,SIKKIM,0.002359682,0.0,LOW,0.7386539710871879,0.575,0.8346875,0.4248666177717969,LOW PRIORITY,0.6898778620356979,1,0.6776617804333347,0.6204095752130522,29380,0
LOC_186,2024-01-01,ASSAM,0.035422344,0.057142857,LOW,0.744635655135498,0.07,0.6439583333333334,0.3196098065838745,LOW PRIORITY,0.8541101202828874,7,0.6381327602549031,0.7196330733375352,3920,0
LOC_186,2024-02-01,ASSAM,0.0004839946,0.0,LOW,0.7444506737161082,0.07,0.6255208333333333,0.29394079342902707,LOW PRIORITY,0.7548198150036649,4,0.7396454477336567,0.6166707654604446,3920,0
LOC_186,2024-03-01,ASSAM,0.0016714487,0.0,LOW,0.6220139248224685,0.07,0.6051041666666667,0.26026910620561716,LOW PRIORITY,0.7104284947371298,11,0.605573917817221,0.5387199534021899,3920,0
LOC_186,2024-04-01,ASSAM,0.014827065,0.03797468,LOW,0.6982774172037963,0.07,0.8077083333333334,0.3249154763009491,LOW PRIORITY,0.7207650315076166,11,0.7015003460743282,0.7375109578999074,3920,0
LOC_186,2024-05-01,ASSAM,0.37648797,0.2,MEDIUM,0.7802861039025148,0.07,0.6695833333333333,0.38950902597562875,LOW PRIORITY,0.8294480120843348,6,0.8134151534636546,0.6782812500620703,3920,1
LOC_186,2024-06-01,ASSAM,0.31029984,0.1780822,MEDIUM,0.7908379095080078,0.07,0.5770833333333334,0.36950485737700195,LOW PRIORITY,0.884054204263758,13,0.8055496793336283,0.9070810877679782,3920,0
LOC_186,2024-07-01,ASSAM,0.67686355,0.28735632,MEDIUM,0.772261412751103,0.07,0.665625,0.4218516311877758,LOW PRIORITY,0.8273910458463369,1,0.7686994274209811,0.5262885110704275,3920,0
LOC_186,2024-08-01,ASSAM,0.17208989,0.1780822,MEDIUM,0.7599450906008047,0.07,0.78,0.3922191526502012,LOW PRIORITY,0.6318581730218796,10,0.7507228492290153,0.9905326734856568,3920,0
LOC_186,2024-09-01,ASSAM,0.00854446,0.037974678,LOW,0.7853869113175458,0.07,0.505625,0.3013803490293865,LOW PRIORITY,0.9641875353588916,9,0.5629170462093678,0.9144430637019234,3920,0
LOC_186,2024-10-01,ASSAM,0.0017464194,0.0,LOW,0.7168116898459762,0.07,0.796875,0.31273417246149404,LOW PRIORITY,0.6156799087660497,7,0.7576084243016625,0.7272917596495263,3920,0
LOC_186,2024-11-01,ASSAM,0.00015137962,0.0,LOW,0.8258642243918128,0.07,0.505625,0.2963098060979532,LOW PRIORITY,0.7552969270517762,4,0.8357753291236185,0.84571797472519,3920,0
LOC_187,2024-01-01,NAGALAND,0.00086429395,0.0,LOW,0.8503078386785143,0.62,0.505625,0.41242070966962857,LOW PRIORITY,0.976013840858854,10,0.7849285871641717,0.9736222600243648,31027,0
LOC_187,2024-02-01,NAGALAND,0.0029773884,0.013333335,LOW,0.8256554430445238,0.62,0.7222916666666667,0.4440909447611309,LOW PRIORITY,0.7367733593746638,5,0.88202782958691,0.8504872498831877,31027,0
LOC_187,2024-03-01,NAGALAND,0.0010441049,0.0,LOW,0.7411959262186093,0.62,0.505625,0.3851427315546523,LOW PRIORITY,0.8009372685306937,4,0.5637784465131701,0.7334013231639065,31027,0
LOC_187,2024-04-01,NAGALAND,0.018261816,0.03797468,LOW,0.6534442282413779,0.62,0.665625,0.4023946790603445,LOW PRIORITY,0.7636615942909145,5,0.5050160967040395,0.5117658886372244,31027,0
LOC_187,2024-05-01,NAGALAND,0.81746304,0.3043478,MEDIUM,0.788332595826546,0.62,0.7320833333333334,0.5526347689566365,MEDIUM PRIORITY,0.8388111930812835,5,0.7658191535080976,0.7153667033834696,31027,0
LOC_187,2024-06-01,NAGALAND,0.8657145,0.3043478,MEDIUM,0.8216286631793227,0.62,0.7954166666666667,0.5704587857948307,MEDIUM PRIORITY,0.8929582726391343,3,0.8733328227331529,0.6202235573450037,31027,0
LOC_187,2024-07-01,NAGALAND,0.70851326,0.28735632,MEDIUM,0.7787530176707077,0.62,0.5698958333333333,0.5191151574176769,MEDIUM PRIORITY,0.7455309682614799,4,0.7285781337884604,0.7742363019662235,31027,1
LOC_187,2024-08-01,NAGALAND,0.25003162,0.1780822,MEDIUM,0.842973695597025,0.62,0.7146874999999999,0.5131794288992562,MEDIUM PRIORITY,0.8556739420212363,4,0.8162986339515674,0.8332555397486292,31027,0
LOC_187,2024-09-01,NAGALAND,0.027658263,0.057142854,LOW,0.7441927536834241,0.62,0.505625,0.40874908002085597,LOW PRIORITY,0.8316871297700534,6,0.6496135311389604,0.6954703538246823,31027,0
LOC_187,2024-10-01,NAGALAND,0.0034344739,0.013333334,LOW,0.7163785833813142,0.62,0.6327083333333333,0.4033342294453285,LOW PRIORITY,0.8042949272954549,12,0.6560283681103912,0.8051910381194105,31027,0
LOC_187,2024-11-01,NAGALAND,0.0010229888,0.0,LOW,0.7366784957349772,0.62,0.5634375,0.3926852489337443,LOW PRIORITY,0.7906194599767415,13,0.6340273582760934,0.9554004980204072,31027,0
LOC_188,2024-01-01,MIZORAM,0.00061818585,0.0,LOW,0.8063262929209449,0.805,0.6984375,0.4673471982302363,MEDIUM PRIORITY,0.9943433301717008,1,0.6673186144622246,0.5969765603831878,40443,0
LOC_188,2024-02-01,MIZORAM,0.003660575,0.013333335,LOW,0.8469998997430461,0.805,0.6311458333333333,0.47275518393576155,MEDIUM PRIORITY,0.9530214415225796,4,0.7773880460574952,0.790923444725443,40443,0
LOC_188,2024-03-01,MIZORAM,0.0025400477,0.013333334,LOW,0.7115842030916543,0.805,0.505625,0.4200731343729136,LOW PRIORITY,0.6463392004162111,11,0.8500004034318315,0.716663875185241,40443,0
LOC_188,2024-04-01,MIZORAM,0.111709006,0.11764707,MEDIUM,0.6998897334333043,0.805,0.7508333333333332,0.4956562613583261,MEDIUM PRIORITY,0.7518324344820458,11,0.648723554789585,0.7656696111282532,40443,0
LOC_188,2024-05-01,MIZORAM,0.49909386,0.21008405,MEDIUM,0.8666546896531001,0.805,0.6994791666666667,0.566619167413275,MEDIUM PRIORITY,0.8668912746215833,3,0.8955686315264263,0.8041588524643908,40443,0
LOC_188,2024-06-01,MIZORAM,0.7480613,0.28735632,MEDIUM,0.7725236957910453,0.805,0.65,0.5665734519477613,MEDIUM PRIORITY,0.7236209465898952,10,0.731121128070574,0.9686860418370452,40443,0
LOC_188,2024-07-01,MIZORAM,0.5438851,0.2352941,MEDIUM,0.7088642905936309,0.805,0.8144791666666666,0.5545055876484077,MEDIUM PRIORITY,0.8333574840392707,8,0.7230881851432556,0.545678159858664,40443,0
LOC_188,2024-08-01,MIZORAM,0.5001845,0.21008404,MEDIUM,0.6955429590303198,0.805,0.505625,0.49476310575758,MEDIUM PRIORITY,0.7010334575391413,12,0.6888276506830698,0.7923107278990682,40443,0
LOC_188,2024-09-01,MIZORAM,0.0020394342,0.0,LOW,0.8165647626863772,0.805,0.505625,0.4409849406715943,LOW PRIORITY,0.8673923945871833,6,0.8149639092379242,0.7839027469204015,40443,0
LOC_188,2024-10-01,MIZORAM,0.005825671,0.03797468,LOW,0.8887415888649557,0.805,0.505625,0.47421901921623894,MEDIUM PRIORITY,0.9212045944344804,6,0.978708982548572,0.8550527784767703,40443,0
LOC_188,2024-11-01,MIZORAM,0.00460519,0.013333334,LOW,0.7685017075231972,0.805,0.7008333333333334,0.46358376048079936,MEDIUM PRIORITY,0.8063069152662113,13,0.7162538559215863,0.9847793922383248,40443,0
LOC_189,2024-01-01,ASSAM,0.004127834,0.013333334,LOW,0.8300142187946283,0.885,0.505625,0.4656806382986571,MEDIUM PRIORITY,0.941085951616016,12,0.9288077644488356,0.8501631591136618,44585,0
LOC_189,2024-02-01,ASSAM,0.0011796509,0.0,LOW,0.7671260871716719,0.885,0.5521875,0.45160964679291804,MEDIUM PRIORITY,0.9391169728876274,3,0.5382029881885677,0.6911843876104923,44585,0
LOC_189,2024-03-01,ASSAM,0.0037860563,0.013333334,LOW,0.8098596362551028,0.885,0.505625,0.4606419926637757,MEDIUM PRIORITY,0.9938860443547768,5,0.8730818490708514,0.5391373182614496,44585,0
LOC_189,2024-04-01,ASSAM,0.2262751,0.1780822,MEDIUM,0.8314600694516565,0.885,0.6228125,0.5495197723629142,MEDIUM PRIORITY,0.951836274546796,6,0.5926586016761262,0.9813454015837044,44585,0
LOC_189,2024-05-01,ASSAM,0.36789134,0.2,MEDIUM,0.7761542613598413,0.885,0.8709375,0.5816791903399603,MEDIUM PRIORITY,0.7081503162188826,1,0.5829558671431417,0.8468441954106741,44585,0
LOC_189,2024-06-01,ASSAM,0.5744315,0.26530612,MEDIUM,0.6876193877317858,0.885,0.725625,0.5638710449329465,MEDIUM PRIORITY,0.9037439879950396,10,0.6258740433698735,0.5541928528955631,44585,1
LOC_189,2024-07-01,ASSAM,0.22773224,0.1780822,MEDIUM,0.7803010185721725,0.885,0.8708333333333333,0.5739331346430432,MEDIUM PRIORITY,0.8227859334674138,3,0.5529395739964815,0.8454785668247946,44585,1
LOC_189,2024-08-01,ASSAM,0.6783065,0.28735632,MEDIUM,0.7774994998393525,0.885,0.5522916666666666,0.5691611529598382,MEDIUM PRIORITY,0.6843424623699537,7,0.7579215244475483,0.9010673458732416,44585,0
LOC_189,2024-09-01,ASSAM,0.0056170686,0.013333334,LOW,0.6759595639007769,0.885,0.505625,0.42716697457519426,LOW PRIORITY,0.7108956648241882,5,0.5896587765536528,0.5699504808919335,44585,0
LOC_189,2024-10-01,ASSAM,0.0010450552,0.0,LOW,0.7631981306257327,0.885,0.505625,0.44364328265643316,LOW PRIORITY,0.896054747498329,7,0.8167282847677959,0.5733428235701394,44585,0
LOC_189,2024-11-01,ASSAM,0.0017828598,0.0,LOW,0.8104779699796216,0.885,0.505625,0.45546324249490544,MEDIUM PRIORITY,0.8297950571950035,7,0.9053392458830472,0.7401109101737691,44585,0
LOC_190,2024-01-01,ASSAM,0.0004072568,0.0,LOW,0.7911543761521955,0.98,0.5422916666666666,0.4751323440380489,MEDIUM PRIORITY,0.8988078699782684,8,0.5350733400031382,0.9974029612940418,49364,0
LOC_190,2024-02-01,ASSAM,0.0020934986,0.0,LOW,0.6518236395521635,0.98,0.6327083333333333,0.4538621598880409,MEDIUM PRIORITY,0.6849995106009782,4,0.5121505960661146,0.5434777848748944,49364,0
LOC_190,2024-03-01,ASSAM,0.0006416395,0.0,LOW,0.7039729847769188,0.98,0.5892708333333333,0.4603838711942297,MEDIUM PRIORITY,0.8788441283820893,12,0.5860426602835682,0.7510051504420174,49364,0
LOC_190,2024-04-01,ASSAM,0.11249282,0.11764706,MEDIUM,0.7632148794880698,0.98,0.7288541666666666,0.5431906688720174,MEDIUM PRIORITY,0.7295567469210114,1,0.7037926444970468,0.6528434598675543,49364,0
LOC_190,2024-05-01,ASSAM,0.03199679,0.057142857,LOW,0.7673685385090033,0.98,0.5753125,0.49699615242725087,MEDIUM PRIORITY,0.8367747435775897,3,0.502532947503243,0.8301664629551805,49364,0
LOC_190,2024-06-01,ASSAM,0.041894317,0.06422018,LOW,0.7198165480096257,0.98,0.6952083333333333,0.5059234590024064,MEDIUM PRIORITY,0.6663150038213372,11,0.9216438711566516,0.6579739837271807,49364,1
LOC_190,2024-07-01,ASSAM,0.103541546,0.11764707,MEDIUM,0.8131097681335879,0.98,0.9706250000000001,0.591930020033397,MEDIUM PRIORITY,0.7102307546315499,5,0.9297814499716126,0.7790935345978558,49364,1
LOC_190,2024-08-01,ASSAM,0.0033049486,0.013333334,LOW,0.8020886200417697,0.98,0.7188541666666667,0.5096836136104423,MEDIUM PRIORITY,0.9080043901128588,11,0.9655288272089432,0.7014879295119434,49364,0
LOC_190,2024-09-01,ASSAM,0.0047954493,0.013333334,LOW,0.6964550804184869,0.98,0.65,0.4729471037046218,MEDIUM PRIORITY,0.6464902486214086,5,0.6355194699288431,0.6704772697903625,49364,0
LOC_190,2024-10-01,ASSAM,0.00012045744,0.0,LOW,0.7588701787416324,0.98,0.6302083333333333,0.48024879468540804,MEDIUM PRIORITY,0.7568196376650216,11,0.8316704532732543,0.8136572906949204,49364,0
LOC_190,2024-11-01,ASSAM,0.0034497643,0.013333334,LOW,0.7916643193337846,0.98,0.65,0.49674941343344614,MEDIUM PRIORITY,0.7143468328392397,4,0.702887509034242,0.8827562687949899,49364,0
LOC_191,2024-01-01,MEGHALAYA,0.0004159939,0.0,LOW,0.7522148787544362,0.86,0.505625,0.43589746968860904,LOW PRIORITY,0.8281095398815321,12,0.9004012679905382,0.6803487071456744,42899,0
LOC_191,2024-02-01,MEGHALAYA,0.003460163,0.013333334,LOW,0.6650117484001834,0.86,0.6327083333333333,0.43849252070004585,LOW PRIORITY,0.612990372231484,6,0.7353663591595304,0.5116902622097194,42899,0
LOC_191,2024-03-01,MEGHALAYA,0.00041673274,0.0,LOW,0.8437132899490531,0.86,0.5090625,0.4592876974872633,MEDIUM PRIORITY,0.9984460646445816,12,0.8664463189965512,0.9099607761550796,42899,0
LOC_191,2024-04-01,MEGHALAYA,0.007512629,0.037974678,LOW,0.7283764175126826,0.86,0.6916666666666667,0.4730339755781707,MEDIUM PRIORITY,0.6231285151497062,13,0.7883143986462886,0.9353960895880686,42899,0
LOC_191,2024-05-01,MEGHALAYA,0.41208172,0.21008404,MEDIUM,0.7403552716184079,0.86,0.6863541666666666,0.544075558904602,MEDIUM PRIORITY,0.8653375668115169,13,0.5564892852291868,0.9729275677662614,42899,0
LOC_191,2024-06-01,MEGHALAYA,0.8528969,0.3043478,MEDIUM,0.80731935627463,0.86,0.5846875,0.5832720840686575,MEDIUM PRIORITY,0.8173601661106923,7,0.7986484174954628,0.8466021748256984,42899,1
LOC_191,2024-07-01,MEGHALAYA,0.54940456,0.23529413,MEDIUM,0.8691756426746187,0.86,0.9132291666666666,0.6203959376686548,MEDIUM PRIORITY,0.9590710665411156,13,0.9996092615804576,0.9513555759102348,42899,0
LOC_191,2024-08-01,MEGHALAYA,0.18841472,0.17808221,MEDIUM,0.7690872635755623,0.86,0.505625,0.5113484498938906,MEDIUM PRIORITY,0.9801892061832792,3,0.5112254414539892,0.684934406664981,42899,0
LOC_191,2024-09-01,MEGHALAYA,0.014298356,0.037974678,LOW,0.8113698330411293,0.86,0.505625,0.4658760794602823,MEDIUM PRIORITY,0.8688077907885507,3,0.5983577883550361,0.8783137530209304,42899,0
LOC_191,2024-10-01,MEGHALAYA,0.0025788846,0.013333334,LOW,0.8410003899876873,0.86,0.688125,0.49080218109692186,MEDIUM PRIORITY,0.8889149301037634,4,0.8591418815633337,0.7492780816169853,42899,0
LOC_191,2024-11-01,MEGHALAYA,0.0003864517,0.0,LOW,0.7365661933458165,0.86,0.505625,0.43198529833645416,LOW PRIORITY,0.7068895321056017,5,0.5605580513020667,0.8454838566422643,42899,0
LOC_192,2024-01-01,ARUNACHAL_PRADESH,0.00068718445,0.0,LOW,0.6950011806550651,0.705,0.5422916666666666,0.3960940451637663,LOW PRIORITY,0.8487895860234389,10,0.6310284467324216,0.6335200231977332,35414,0
LOC_192,2024-02-01,ARUNACHAL_PRADESH,0.0018324964,0.0,LOW,0.7492087121539392,0.705,0.7073958333333333,0.43441155303848483,LOW PRIORITY,0.6843927648863208,10,0.9362982800993824,0.7094771369633868,35414,0
LOC_192,2024-03-01,ARUNACHAL_PRADESH,0.006294899,0.03797468,LOW,0.8044403237054093,0.705,0.6327083333333333,0.4522062029263523,MEDIUM PRIORITY,0.8064162329532136,5,0.903522810889246,0.6744889176458441,35414,0
LOC_192,2024-04-01,ARUNACHAL_PRADESH,0.042321965,0.06422018,LOW,0.8562176044654852,0.705,0.505625,0.4565862231163713,MEDIUM PRIORITY,0.7768761830734779,2,0.9146286524910516,0.8000322489640782,35414,0
LOC_192,2024-05-01,ARUNACHAL_PRADESH,0.6940968,0.28735632,MEDIUM,0.8020407450929142,0.705,0.7071875000000001,0.5625308392732286,MEDIUM PRIORITY,0.918270603767659,12,0.8202073572230201,0.8696850193809778,35414,0
LOC_192,2024-06-01,ARUNACHAL_PRADESH,0.62309235,0.26530612,MEDIUM,0.8443038680961286,0.705,0.505625,0.5340421650240321,MEDIUM PRIORITY,0.8010365840269112,6,0.8853920039518757,0.8907868844057273,35414,0
LOC_192,2024-07-01,ARUNACHAL_PRADESH,0.63532394,0.28735632,MEDIUM,0.8159299466893073,0.705,0.7282291666666667,0.5691593896723268,MEDIUM PRIORITY,0.6537504615035812,4,0.8913395112165898,0.8519631473703915,35414,0
LOC_192,2024-08-01,ARUNACHAL_PRADESH,0.035051353,0.057142857,LOW,0.829056934185,0.705,0.8465625,0.49810575134624996,MEDIUM PRIORITY,0.9888430146245498,2,0.8410352063365336,0.5530161824455833,35414,0
LOC_192,2024-09-01,ARUNACHAL_PRADESH,0.0029555284,0.013333334,LOW,0.7364748738037707,0.705,0.665625,0.43029580205094264,LOW PRIORITY,0.632299546411147,4,0.5724358039886014,0.874497478148668,35414,0
LOC_192,2024-10-01,ARUNACHAL_PRADESH,0.0038199574,0.013333334,LOW,0.7266400134761785,0.705,0.505625,0.4038370869690446,LOW PRIORITY,0.646664734466865,7,0.6424761015310944,0.8507525512400878,35414,0
LOC_192,2024-11-01,ARUNACHAL_PRADESH,0.0004320413,0.0,LOW,0.7540496433510445,0.705,0.6630208333333334,0.4289655358377611,LOW PRIORITY,0.7269752884575895,5,0.9123208395080744,0.5435691121051807,35414,0
LOC_193,2024-01-01,ARUNACHAL_PRADESH,0.0046377345,0.013333334,LOW,0.785003427212545,0.055,0.65,0.3100841904031363,LOW PRIORITY,0.6126243239816803,2,0.7339305738362539,0.8601254776989123,3113,0
LOC_193,2024-02-01,ARUNACHAL_PRADESH,0.001330787,0.0,LOW,0.6711554078599569,0.055,0.7351041666666667,0.2890544769649892,LOW PRIORITY,0.7583848084476513,8,0.6468362023812608,0.5460672872775821,3113,0
LOC_193,2024-03-01,ARUNACHAL_PRADESH,0.006725161,0.03797468,LOW,0.6827510869744485,0.055,0.6534375,0.2948932687436121,LOW PRIORITY,0.6487389747904826,11,0.9111876951081108,0.5377443446658672,3113,0
LOC_193,2024-04-01,ARUNACHAL_PRADESH,0.022086382,0.037974678,LOW,0.6680789018561378,0.055,0.6098958333333333,0.2846939716640345,LOW PRIORITY,0.758645440501785,12,0.6263650776257419,0.687305089297024,3113,0
LOC_193,2024-05-01,ARUNACHAL_PRADESH,0.095101096,0.11764707,MEDIUM,0.8771368513314801,0.055,0.7315625,0.38707741583287003,LOW PRIORITY,0.7708402137747181,4,0.9894803676207338,0.8815601572638019,3113,0
LOC_193,2024-06-01,ARUNACHAL_PRADESH,0.845022,0.3043478,MEDIUM,0.7185257566920413,0.055,0.7152083333333333,0.41965180917301037,LOW PRIORITY,0.971458326989294,10,0.5439858561039514,0.6919921770082528,3113,0
LOC_193,2024-07-01,ARUNACHAL_PRADESH,0.14778134,0.17073171,MEDIUM,0.8416564854924319,0.055,0.6592708333333333,0.388597430373108,LOW PRIORITY,0.6732414901847171,5,0.915858791152512,0.944192327299165,3113,0
LOC_193,2024-08-01,ARUNACHAL_PRADESH,0.0027375994,0.013333334,LOW,0.7267666938109723,0.055,0.6327083333333333,0.29293125705274303,LOW PRIORITY,0.6089820501709772,6,0.9809485061564795,0.5171362189164319,3113,0
LOC_193,2024-09-01,ARUNACHAL_PRADESH,0.014369322,0.037974678,LOW,0.7250025366615633,0.055,0.505625,0.28328425536539087,LOW PRIORITY,0.7637856267020218,6,0.6544658480952794,0.6817586718489521,3113,0
LOC_193,2024-10-01,ARUNACHAL_PRADESH,0.0013763503,0.0,LOW,0.6698394676101774,0.055,0.505625,0.2543036169025444,LOW PRIORITY,0.8154070361511856,9,0.6152719327287018,0.5486789015608224,3113,0
LOC_193,2024-11-01,ARUNACHAL_PRADESH,0.00035878672,0.0,LOW,0.6784774949739966,0.055,0.5770833333333334,0.26718187374349917,LOW PRIORITY,0.9492321253502328,11,0.5578591811859666,0.5734853400264535,3113,0
LOC_194,2024-01-01,MEGHALAYA,0.000378388,0.0,LOW,0.6905169955970744,0.93,0.5770833333333334,0.4451917488992686,LOW PRIORITY,0.6590091513012168,4,0.5317280139734093,0.7046641504470046,45738,0
LOC_194,2024-02-01,MEGHALAYA,0.0012226374,0.0,LOW,0.7519143184890984,0.93,0.6132291666666667,0.46596295462227466,MEDIUM PRIORITY,0.833853507318367,12,0.678219378005736,0.8955843886322905,45738,0
LOC_194,2024-03-01,MEGHALAYA,0.0023131026,0.0,LOW,0.6760073990610008,0.93,0.7342708333333333,0.4651424747652502,MEDIUM PRIORITY,0.6990269848110908,2,0.5020424790001863,0.5696267990993928,45738,0
LOC_194,2024-04-01,MEGHALAYA,0.24996081,0.1780822,MEDIUM,0.6617315186347036,0.93,0.505625,0.4985095096586759,MEDIUM PRIORITY,0.7218949293389915,5,0.5769948711522379,0.5147029407142518,45738,0
LOC_194,2024-05-01,MEGHALAYA,0.53250563,0.21008404,MEDIUM,0.7967669448561093,0.93,0.8260416666666667,0.5931316022140274,MEDIUM PRIORITY,0.8862064598530107,3,0.6145514801364089,0.7863098394350179,45738,0
LOC_194,2024-06-01,MEGHALAYA,0.39879885,0.21008404,MEDIUM,0.8211467556600305,0.93,0.7523958333333334,0.5881796799150076,MEDIUM PRIORITY,0.8521633124619372,9,0.9770627585716296,0.7553609516065547,45738,0
LOC_194,2024-07-01,MEGHALAYA,0.82375026,0.3043478,MEDIUM,0.7230650686789727,0.93,0.505625,0.5643491371697432,MEDIUM PRIORITY,0.6842009119378712,4,0.6593269810100397,0.6820657151013131,45738,0
LOC_194,2024-08-01,MEGHALAYA,0.12382382,0.11764706,MEDIUM,0.8753780429714142,0.93,0.505625,0.5277470847428536,MEDIUM PRIORITY,0.9538149642790346,4,0.9178371154990628,0.7631934254408926,45738,0
LOC_194,2024-09-01,MEGHALAYA,0.0018458008,0.0,LOW,0.7449673131744468,0.93,0.505625,0.44808557829361173,LOW PRIORITY,0.7892731799597708,3,0.5061605518023684,0.784435520935648,45738,0
LOC_194,2024-10-01,MEGHALAYA,0.0004242514,0.0,LOW,0.6997257096839299,0.93,0.5145833333333334,0.4381189274209825,LOW PRIORITY,0.6051602045858255,12,0.929120966648482,0.6646216675014116,45738,0
LOC_194,2024-11-01,MEGHALAYA,0.000930508,0.0,LOW,0.6950084992614087,0.93,0.5996874999999999,0.4497052498153522,LOW PRIORITY,0.6118478285750674,2,0.7010605659613696,0.5337922691758642,45738,0
LOC_195,2024-01-01,ARUNACHAL_PRADESH,0.0007034657,0.0,LOW,0.6900228773575195,0.305,0.505625,0.3093494693393799,LOW PRIORITY,0.6052222777949757,12,0.8447237248888296,0.7101455067462729,14994,0
LOC_195,2024-02-01,ARUNACHAL_PRADESH,0.0005843157,0.0,LOW,0.7640374357919637,0.305,0.65,0.34950935894799096,LOW PRIORITY,0.8107683576306747,10,0.5812051300854024,0.9975095887851106,14994,0
LOC_195,2024-03-01,ARUNACHAL_PRADESH,0.0036365343,0.013333335,LOW,0.7681626374661282,0.305,0.6092708333333333,0.34976461836653205,LOW PRIORITY,0.9159091063280208,5,0.6240839556419628,0.6993241545611955,14994,0
LOC_195,2024-04-01,ARUNACHAL_PRADESH,0.04386953,0.06422018,LOW,0.8294359530777361,0.305,0.505625,0.36989081026943404,LOW PRIORITY,0.7664078421576899,7,0.9594661013940096,0.8252032020925784,14994,0
LOC_195,2024-05-01,ARUNACHAL_PRADESH,0.05449886,0.06422018,LOW,0.5762232792732536,0.305,0.708125,0.33696264181831337,LOW PRIORITY,0.6112171099698006,10,0.5031213758546155,0.5238879646019312,14994,0
LOC_195,2024-06-01,ARUNACHAL_PRADESH,0.13824636,0.17073171,MEDIUM,0.7089355253128505,0.305,0.7113541666666667,0.41322969032821266,LOW PRIORITY,0.7406096067856904,2,0.5071002873853947,0.6546988737469837,14994,0
LOC_195,2024-07-01,ARUNACHAL_PRADESH,0.41442963,0.21008405,MEDIUM,0.8029006018029166,0.305,0.505625,0.42160252045072916,LOW PRIORITY,0.8224925381769925,7,0.7324618401266452,0.8899813622413622,14994,1
LOC_195,2024-08-01,ARUNACHAL_PRADESH,0.06941228,0.06422018,LOW,0.8261852578705307,0.305,0.9198958333333334,0.43121876146763266,LOW PRIORITY,0.676891620235576,5,0.9339023154445136,0.8606137624686996,14994,0
LOC_195,2024-09-01,ARUNACHAL_PRADESH,0.016334588,0.037974678,LOW,0.7289961927320158,0.305,0.6715625000000001,0.35917329438300394,LOW PRIORITY,0.8916890441903604,11,0.7970012129141848,0.5939611804901843,14994,0
LOC_195,2024-10-01,ARUNACHAL_PRADESH,0.0028682305,0.013333334,LOW,0.6660113007130772,0.305,0.505625,0.3086799087782693,LOW PRIORITY,0.7640122909498698,8,0.5800855907982929,0.5866139877708132,14994,0
LOC_195,2024-11-01,ARUNACHAL_PRADESH,0.0007803478,0.0,LOW,0.7696481931980534,0.305,0.5422916666666666,0.33475579829951335,LOW PRIORITY,0.9533563547013888,7,0.6527676496360784,0.70580210178808,14994,0
LOC_196,2024-01-01,MANIPUR,0.001727207,0.0,LOW,0.8246759393678511,0.55,0.5422916666666666,0.39751273484196276,LOW PRIORITY,0.90936122022286,1,0.8815954912928414,0.541080379289036,27788,0
LOC_196,2024-02-01,MANIPUR,0.0026944152,0.013333334,LOW,0.6503149198940662,0.55,0.7030208333333333,0.38336518857351654,LOW PRIORITY,0.8231243639298234,12,0.5912841707872232,0.5868511448592184,27788,0
LOC_196,2024-03-01,MANIPUR,0.0019763326,0.0,LOW,0.8387574563843285,0.55,0.5422916666666666,0.40103311409608217,LOW PRIORITY,0.7344848554851473,2,0.9715472114620624,0.7156644252567714,27788,0
LOC_196,2024-04-01,MANIPUR,0.099840574,0.11764707,MEDIUM,0.7458094288931146,0.55,0.643125,0.43997993522327866,LOW PRIORITY,0.7205873333432546,3,0.5081896686874547,0.8544607135417495,27788,0
LOC_196,2024-05-01,MANIPUR,0.78498316,0.3043478,MEDIUM,0.7083231019729611,0.55,0.8178125,0.5314917704932403,MEDIUM PRIORITY,0.8819857313570094,11,0.7051431167546568,0.6128302264468449,27788,1
LOC_196,2024-06-01,MANIPUR,0.6110796,0.26530612,MEDIUM,0.7920724683285972,0.55,0.7690625,0.5294999400821494,MEDIUM PRIORITY,0.7509073318051425,4,0.7470136300180978,0.8037022448244819,27788,1
LOC_196,2024-07-01,MANIPUR,0.54050434,0.23529412,MEDIUM,0.6700251904299062,0.55,0.7480208333333334,0.4838270706074766,MEDIUM PRIORITY,0.600824799640072,6,0.6784170093515027,0.6008589527280499,27788,0
LOC_196,2024-08-01,MANIPUR,0.5587712,0.23529412,MEDIUM,0.7795502708112573,0.55,0.5422916666666666,0.4803489657028143,MEDIUM PRIORITY,0.7410460739367977,1,0.8915508965686999,0.5189374460728645,27788,0
LOC_196,2024-09-01,MANIPUR,0.000977701,0.0,LOW,0.712225698818837,0.55,0.5608333333333333,0.3721814247047093,LOW PRIORITY,0.7475731384457843,11,0.6875217673785041,0.7804745561177266,27788,0
LOC_196,2024-10-01,MANIPUR,0.00059353956,0.0,LOW,0.6532026726038488,0.55,0.5465625000000001,0.3552850431509622,LOW PRIORITY,0.6412497037162647,4,0.5161781455465155,0.5887161744859482,27788,0
LOC_196,2024-11-01,MANIPUR,0.0011640625,0.0,LOW,0.9231376683250998,0.55,0.7146874999999999,0.4479875420812749,LOW PRIORITY,0.9217992774621068,2,0.9613494308771684,0.8760686316277904,27788,0
LOC_197,2024-01-01,NAGALAND,0.0046759243,0.013333334,LOW,0.7375569699382047,0.42,0.6230208333333334,0.3671757010845512,LOW PRIORITY,0.6392924284879575,11,0.7733690267373241,0.904233091194204,21337,0
LOC_197,2024-02-01,NAGALAND,0.002245143,0.0,LOW,0.7237323169569572,0.42,0.5422916666666666,0.3462768292392393,LOW PRIORITY,0.7134939099766906,13,0.9104064558460314,0.70436223533844,21337,0
LOC_197,2024-03-01,NAGALAND,0.0012561071,0.0,LOW,0.8677279735704659,0.42,0.6197916666666667,0.3939007433926165,LOW PRIORITY,0.8546353377987181,1,0.9179941688454,0.731615720971079,21337,0
LOC_197,2024-04-01,NAGALAND,0.046190947,0.06422018,LOW,0.7012072630035164,0.42,0.6327083333333333,0.37989613775087916,LOW PRIORITY,0.6200923115960952,8,0.8258952045996171,0.62550820248502,21337,0
LOC_197,2024-05-01,NAGALAND,0.14590621,0.17073172,MEDIUM,0.6699622888790361,0.42,0.6094791666666667,0.41120513521975904,LOW PRIORITY,0.6230676496848303,7,0.6484037835724484,0.641711055592199,21337,0
LOC_197,2024-06-01,NAGALAND,0.48997837,0.21008402,MEDIUM,0.7671899275497202,0.42,0.6938541666666667,0.4639092148874301,MEDIUM PRIORITY,0.7922747377150315,8,0.8658035150720059,0.6773481240785096,21337,0
LOC_197,2024-07-01,NAGALAND,0.4800673,0.21008402,MEDIUM,0.7600437688634163,0.42,0.7332291666666666,0.46802892521585404,MEDIUM PRIORITY,0.8077629684345671,6,0.6555762582986748,0.7768358487204235,21337,0
LOC_197,2024-08-01,NAGALAND,0.07875035,0.06422018,LOW,0.7454816378742686,0.42,0.7105208333333333,0.40263660646856714,LOW PRIORITY,0.6235442866431485,11,0.9185737815960212,0.8064751499245714,21337,0
LOC_197,2024-09-01,NAGALAND,0.004938597,0.013333334,LOW,0.798887599375581,0.42,0.505625,0.3648989834438952,LOW PRIORITY,0.8463106351324392,7,0.7446446777741322,0.8379284179290859,21337,0
LOC_197,2024-10-01,NAGALAND,0.00045781513,0.0,LOW,0.7570171458482599,0.42,0.5770833333333334,0.35981678646206494,LOW PRIORITY,0.700860614331834,4,0.9476735344501253,0.5128677679444131,21337,0
LOC_197,2024-11-01,NAGALAND,0.00047590942,0.0,LOW,0.8678599084494893,0.42,0.505625,0.37680872711237234,LOW PRIORITY,0.9451563806624484,5,0.9784145965404254,0.7145353232617498,21337,0
LOC_198,2024-01-01,ARUNACHAL_PRADESH,0.00011219151,0.0,LOW,0.5888854749557679,0.58,0.631875,0.35800261873894196,LOW PRIORITY,0.6333735098013675,11,0.5085953810007264,0.5802396756876442,29404,0
LOC_198,2024-02-01,ARUNACHAL_PRADESH,0.0052024163,0.013333334,LOW,0.8351329766797706,0.58,0.6298958333333333,0.42460095276994264,LOW PRIORITY,0.8828723211946876,1,0.9398603197334644,0.5511325991242637,29404,0
LOC_198,2024-03-01,ARUNACHAL_PRADESH,0.007775399,0.037974678,LOW,0.8298095831775749,0.58,0.505625,0.4144860169943937,LOW PRIORITY,0.9711695151949814,12,0.9243464374211664,0.8237223800941519,29404,0
LOC_198,2024-04-01,ARUNACHAL_PRADESH,0.18817866,0.1780822,MEDIUM,0.7444538614011615,0.58,0.6915625000000001,0.47708072035029037,MEDIUM PRIORITY,0.9248360221288564,12,0.5247516944912323,0.9282277289845572,29404,0
LOC_198,2024-05-01,ARUNACHAL_PRADESH,0.4381437,0.21008402,MEDIUM,0.6106156856392342,0.58,0.7672916666666667,0.4677812794098085,MEDIUM PRIORITY,0.627865671943665,9,0.6019071160699676,0.5126899545433045,29404,0
LOC_198,2024-06-01,ARUNACHAL_PRADESH,0.5545691,0.2352941,MEDIUM,0.8468741026146526,0.58,0.6327083333333333,0.5167424156536631,MEDIUM PRIORITY,0.9602620304988774,11,0.9615755369979252,0.8323255096284745,29404,0
LOC_198,2024-07-01,ARUNACHAL_PRADESH,0.5578392,0.23529412,MEDIUM,0.7679020637109728,0.58,0.505625,0.4779369139277432,MEDIUM PRIORITY,0.8854390663217309,3,0.579013088414816,0.7071561001073445,29404,1
LOC_198,2024-08-01,ARUNACHAL_PRADESH,0.18607166,0.17808221,MEDIUM,0.7259133673001872,0.58,0.9336458333333333,0.5087581008250468,MEDIUM PRIORITY,0.8871261065400095,7,0.6338768206319322,0.6159838753621406,29404,0
LOC_198,2024-09-01,ARUNACHAL_PRADESH,0.00816394,0.037974678,LOW,0.7375118155614491,0.58,0.6327083333333333,0.41047407509036227,LOW PRIORITY,0.7300569820452804,6,0.5814633957689901,0.8385268844315258,29404,0
LOC_198,2024-10-01,ARUNACHAL_PRADESH,0.004516481,0.013333334,LOW,0.8124633507611259,0.58,0.505625,0.40029292129028143,LOW PRIORITY,0.9165604622590112,7,0.811485612421731,0.7551406616970944,29404,0
LOC_198,2024-11-01,ARUNACHAL_PRADESH,0.0036204674,0.013333334,LOW,0.816451851904385,0.58,0.5978125000000001,0.41511817157609626,LOW PRIORITY,0.9023110189836302,4,0.8080412207735239,0.6887885011937189,29404,0
LOC_199,2024-01-01,MEGHALAYA,0.006029723,0.03797468,LOW,0.6854948480571985,0.99,0.6852083333333333,0.4873448340142996,MEDIUM PRIORITY,0.6554846552195513,3,0.6176328640982988,0.5688618729109438,49938,0
LOC_199,2024-02-01,MEGHALAYA,0.0013175394,0.0,LOW,0.708959301309568,0.99,0.5770833333333334,0.46180232532739196,MEDIUM PRIORITY,0.7152505943392231,5,0.6865339673130615,0.6007193102526538,49938,0
LOC_199,2024-03-01,MEGHALAYA,0.001992449,0.0,LOW,0.7887071608787619,0.99,0.679375,0.49708304021969046,MEDIUM PRIORITY,0.7894713164477842,12,0.7870727788365717,0.9782845482306916,49938,0
LOC_199,2024-04-01,MEGHALAYA,0.0065530115,0.03797468,LOW,0.7646290334927703,0.99,0.5194791666666667,0.4822690053731926,MEDIUM PRIORITY,0.9785751037536604,2,0.5212340948046625,0.6253736020794249,49938,0
LOC_199,2024-05-01,MEGHALAYA,0.029311558,0.057142857,LOW,0.7701370784935679,0.99,0.7498958333333333,0.525875787423392,MEDIUM PRIORITY,0.947500678182982,4,0.736694600230114,0.529686368894509,49938,0
LOC_199,2024-06-01,MEGHALAYA,0.19174342,0.1780822,MEDIUM,0.7049796702363558,0.99,0.505625,0.521321547559089,MEDIUM PRIORITY,0.6951237733766716,7,0.6880891631219452,0.6700390777801397,49938,0
LOC_199,2024-07-01,MEGHALAYA,0.20255195,0.1780822,MEDIUM,0.6978415316038451,0.99,0.7633333333333334,0.5581932629009613,MEDIUM PRIORITY,0.8422670823194373,7,0.6018019344659751,0.5806304429633014,49938,0
LOC_199,2024-08-01,MEGHALAYA,0.09689617,0.11764706,MEDIUM,0.7626152934246965,0.99,0.6478125,0.5328845223561741,MEDIUM PRIORITY,0.8475265749939008,4,0.7646666784997245,0.571601253538494,49938,1
LOC_199,2024-09-01,MEGHALAYA,0.0022174993,0.0,LOW,0.6683896735403694,0.99,0.7311458333333334,0.47476929338509233,MEDIUM PRIORITY,0.6805243163063261,7,0.5118214999938886,0.7145462111945964,49938,0
LOC_199,2024-10-01,MEGHALAYA,0.00015259378,0.0,LOW,0.8566057573620752,0.99,0.505625,0.4879951893405188,MEDIUM PRIORITY,0.9869573818391668,5,0.7363134302951795,0.8698188839806209,49938,0
LOC_199,2024-11-01,MEGHALAYA,0.00075015984,0.0,LOW,0.7196970604135116,0.99,0.5422916666666666,0.4592680151033779,MEDIUM PRIORITY,0.7268185797301817,5,0.6532957244879742,0.665340604102557,49938,0
LOC_200,2024-01-01,TRIPURA,0.003685674,0.013333334,LOW,0.6710075943015903,0.815,0.625,0.42983523217539754,LOW PRIORITY,0.7997326674382308,13,0.5896240241946846,0.7280070189067793,41363,0
LOC_200,2024-02-01,TRIPURA,0.002666787,0.013333334,LOW,0.7656918407811739,0.815,0.505625,0.4356000437952935,LOW PRIORITY,0.8134327977023973,9,0.8346306231368112,0.7147039422854873,41363,0
LOC_200,2024-03-01,TRIPURA,0.0012072478,0.0,LOW,0.7238257361176299,0.815,0.7033333333333334,0.44945643402940744,LOW PRIORITY,0.7687893154092218,7,0.5321563083630783,0.8276906540315532,41363,0
LOC_200,2024-04-01,TRIPURA,0.024997048,0.049999997,LOW,0.7469442186921098,0.815,0.6327083333333333,0.4646423034730275,MEDIUM PRIORITY,0.8053862943156361,9,0.937323270213326,0.5450673102394767,41363,0
LOC_200,2024-05-01,TRIPURA,0.34938028,0.19565217,MEDIUM,0.8014103239228202,0.815,0.6176041666666667,0.5342540739807051,MEDIUM PRIORITY,0.8681305215025541,4,0.8605644957787583,0.6102796117433017,41363,0
LOC_200,2024-06-01,TRIPURA,0.5429289,0.2352941,MEDIUM,0.763411856939018,0.815,0.5821875,0.5352987292347545,MEDIUM PRIORITY,0.8788003806462186,13,0.8789688285347548,0.7292115519084323,41363,0
LOC_200,2024-07-01,TRIPURA,0.7854376,0.3043478,MEDIUM,0.6386605800946515,0.815,0.6639583333333333,0.543998015023663,MEDIUM PRIORITY,0.7538994004276633,13,0.6881458289464559,0.5459304243378202,41363,1
LOC_200,2024-08-01,TRIPURA,0.027192261,0.051726658,LOW,0.768582516497647,0.815,0.640625,0.4719300423244117,MEDIUM PRIORITY,0.8589020630124498,10,0.8408974836799221,0.7078638526315488,41363,0
LOC_200,2024-09-01,TRIPURA,0.006224197,0.03797468,LOW,0.8524130808277737,0.815,0.505625,0.46713689220694343,MEDIUM PRIORITY,0.9966616325632852,7,0.6914153071630332,0.9549087169181096,41363,0
LOC_200,2024-10-01,TRIPURA,0.0009857378,0.0,LOW,0.8836265716822933,0.815,0.505625,0.4597503929205733,MEDIUM PRIORITY,0.8009898384681723,5,0.9341941172037524,0.9659889977239148,41363,0
LOC_200,2024-11-01,TRIPURA,8.780608e-05,0.0,LOW,0.7275338731836789,0.815,0.6429166666666666,0.4413209682959197,LOW PRIORITY,0.7483362625710896,2,0.592520818140232,0.6359450786900607,41363,0
